week,region,country,admin1,event_type,sub_event_type,events,fatalities,population_exposure,disorder_type,centroid_latitude,centroid_longitude
2024-12-28,"International Waters","Indian Ocean","North Indian Ocean","Strategic developments","Disrupted weapons use",1,0,0,"Strategic developments",13.728,70.473
2024-12-28,"Middle East",Yemen,Abyan,Battles,"Government regains territory",3,0,"24,738","Political violence",13.627,46.228
2024-12-28,"Middle East",Yemen,Abyan,Battles,"Armed clash",3,0,"22,810","Political violence",13.627,46.228
2024-12-28,"Middle East",Yemen,"Ad Dali","Explosions/Remote violence","Shelling/artillery/missile attack",1,0,"4,845","Political violence",13.894,44.783
2024-12-28,"Middle East",Yemen,"Ad Dali",Battles,"Armed clash",4,5,"15,460","Political violence",13.894,44.783
2024-12-28,"Middle East",Yemen,"Ad Dali",Protests,"Peaceful protest",6,0,"84,936",Demonstrations,13.894,44.783
2024-12-28,"Middle East",Yemen,Aden,Riots,"Violent demonstration",2,0,"101,889",Demonstrations,12.806,44.788
2024-12-28,"Middle East",Yemen,Aden,Protests,"Peaceful protest",1,0,"2,752",Demonstrations,12.806,44.788
2024-12-28,"Middle East",Yemen,"Al Bayda","Violence against civilians",Attack,1,1,"83,969","Political violence",14.326,45.216
2024-12-28,"Middle East",Yemen,"Al Bayda",Protests,"Peaceful protest",4,0,"42,331",Demonstrations,14.326,45.216
2024-12-28,"Middle East",Yemen,"Al Bayda","Explosions/Remote violence",Grenade,1,0,"8,030","Political violence",14.326,45.216
2024-12-28,"Middle East",Yemen,"Al Hudaydah",Protests,"Peaceful protest",11,0,"282,343",Demonstrations,14.779,43.218
2024-12-28,"Middle East",Yemen,"Al Hudaydah",Battles,"Armed clash",1,0,"2,394","Political violence",14.779,43.218
2024-12-28,"Middle East",Yemen,"Al Jawf",Battles,"Armed clash",1,0,"8,548","Political violence",16.596,45.599
2024-12-28,"Middle East",Yemen,"Al Jawf",Protests,"Peaceful protest",12,0,"71,485",Demonstrations,16.596,45.599
2024-12-28,"Middle East",Yemen,"Al Mahrah",Protests,"Peaceful protest",1,0,"8,263",Demonstrations,17.057,51.824
2024-12-28,"Middle East",Yemen,"Al Mahwit",Protests,"Peaceful protest",8,0,"95,166",Demonstrations,15.308,43.499
2024-12-28,"Middle East",Yemen,"Amanat al Asimah","Violence against civilians",Attack,1,1,"47,462","Political violence",15.420,44.192
2024-12-28,"Middle East",Yemen,"Amanat al Asimah",Protests,"Peaceful protest",4,0,"115,279",Demonstrations,15.420,44.192
2024-12-28,"Middle East",Yemen,Amran,Protests,"Peaceful protest",2,0,"48,266",Demonstrations,16.116,43.941
2024-12-28,"Middle East",Yemen,Dhamar,Protests,"Peaceful protest",1,0,"56,090",Demonstrations,14.540,44.306
2024-12-28,"Middle East",Yemen,Hadramawt,"Violence against civilians",Attack,1,1,"25,658","Political violence",16.529,48.627
2024-12-28,"Middle East",Yemen,Hajjah,Protests,"Peaceful protest",23,0,"392,165",Demonstrations,16.094,43.204
2024-12-28,"Middle East",Yemen,Ibb,Protests,"Peaceful protest",59,0,"487,177",Demonstrations,14.088,44.175
2024-12-28,"Middle East",Yemen,Ibb,"Violence against civilians",Attack,4,4,"289,989","Political violence",14.088,44.175
2024-12-28,"Middle East",Yemen,Lahij,Battles,"Armed clash",7,17,"10,020","Political violence",13.320,44.762
2024-12-28,"Middle East",Yemen,Lahij,Protests,"Peaceful protest",1,0,"4,518",Demonstrations,13.320,44.762
2024-12-28,"Middle East",Yemen,Marib,Protests,"Peaceful protest",14,0,"57,790",Demonstrations,15.333,45.452
2024-12-28,"Middle East",Yemen,Marib,"Strategic developments","Looting/property destruction",1,0,0,"Strategic developments",15.333,45.452
2024-12-28,"Middle East",Yemen,Raymah,Protests,"Peaceful protest",8,0,"26,369",Demonstrations,14.657,43.687
2024-12-28,"Middle East",Yemen,Sadah,Protests,"Peaceful protest",33,0,"158,551",Demonstrations,17.088,44.042
2024-12-28,"Middle East",Yemen,Sadah,"Violence against civilians",Attack,1,1,"11,963","Political violence",17.088,44.042
2024-12-28,"Middle East",Yemen,Sanaa,Protests,"Peaceful protest",7,0,"61,925",Demonstrations,15.393,44.475
2024-12-28,"Middle East",Yemen,Shabwah,Battles,"Armed clash",1,0,"3,605","Political violence",14.651,46.620
2024-12-28,"Middle East",Yemen,Taizz,Protests,"Peaceful protest",2,0,"13,561",Demonstrations,13.295,43.786
2024-12-28,"Middle East",Yemen,Taizz,Battles,"Armed clash",2,0,"64,960","Political violence",13.295,43.786
2024-12-28,"Middle East",Yemen,Taizz,"Explosions/Remote violence","Shelling/artillery/missile attack",2,0,"11,611","Political violence",13.295,43.786
2025-01-04,"International Waters","Indian Ocean","North Indian Ocean","Explosions/Remote violence","Air/drone strike",4,0,0,"Political violence",13.728,70.473
2025-01-04,"Middle East",Yemen,Abyan,"Strategic developments",Other,1,0,0,"Strategic developments",13.627,46.228
2025-01-04,"Middle East",Yemen,Abyan,"Explosions/Remote violence","Remote explosive/landmine/IED",1,0,"1,477","Political violence",13.627,46.228
2025-01-04,"Middle East",Yemen,Abyan,Protests,"Peaceful protest",1,0,"17,910",Demonstrations,13.627,46.228
2025-01-04,"Middle East",Yemen,Abyan,"Explosions/Remote violence","Air/drone strike",2,0,"2,180","Political violence",13.627,46.228
2025-01-04,"Middle East",Yemen,Abyan,"Strategic developments","Disrupted weapons use",1,0,0,"Strategic developments",13.627,46.228
2025-01-04,"Middle East",Yemen,Abyan,Battles,"Armed clash",13,0,"47,124","Political violence",13.627,46.228
2025-01-04,"Middle East",Yemen,Abyan,"Explosions/Remote violence","Shelling/artillery/missile attack",2,0,"19,395","Political violence",13.627,46.228
2025-01-04,"Middle East",Yemen,"Ad Dali",Battles,"Armed clash",11,33,"138,726","Political violence",13.894,44.783
2025-01-04,"Middle East",Yemen,"Ad Dali",Protests,"Peaceful protest",4,0,"81,581",Demonstrations,13.894,44.783
2025-01-04,"Middle East",Yemen,"Ad Dali","Explosions/Remote violence","Shelling/artillery/missile attack",1,0,"1,336","Political violence",13.894,44.783
2025-01-04,"Middle East",Yemen,"Ad Dali","Strategic developments","Change to group/activity",1,0,0,"Strategic developments",13.894,44.783
2025-01-04,"Middle East",Yemen,"Ad Dali","Strategic developments","Looting/property destruction",1,0,0,"Strategic developments",13.894,44.783
2025-01-04,"Middle East",Yemen,Aden,Protests,"Peaceful protest",1,0,"6,134",Demonstrations,12.806,44.788
2025-01-04,"Middle East",Yemen,Aden,"Violence against civilians",Attack,1,0,"9,295","Political violence",12.806,44.788
2025-01-04,"Middle East",Yemen,"Al Bayda","Violence against civilians","Abduction/forced disappearance",1,0,"8,826","Political violence",14.326,45.216
2025-01-04,"Middle East",Yemen,"Al Bayda",Battles,"Armed clash",13,22,"207,348","Political violence",14.326,45.216
2025-01-04,"Middle East",Yemen,"Al Bayda","Strategic developments","Looting/property destruction",1,0,0,"Strategic developments",14.326,45.216
2025-01-04,"Middle East",Yemen,"Al Bayda","Strategic developments","Change to group/activity",2,0,0,"Strategic developments",14.326,45.216
2025-01-04,"Middle East",Yemen,"Al Bayda",Protests,"Peaceful protest",4,0,"42,331",Demonstrations,14.326,45.216
2025-01-04,"Middle East",Yemen,"Al Hudaydah",Protests,"Peaceful protest",12,0,"247,308",Demonstrations,14.779,43.218
2025-01-04,"Middle East",Yemen,"Al Hudaydah","Explosions/Remote violence","Shelling/artillery/missile attack",1,0,"3,229","Political violence",14.779,43.218
2025-01-04,"Middle East",Yemen,"Al Hudaydah","Strategic developments","Disrupted weapons use",1,7,0,"Strategic developments",14.779,43.218
2025-01-04,"Middle East",Yemen,"Al Hudaydah",Battles,"Armed clash",13,1,"33,419","Political violence",14.779,43.218
2025-01-04,"Middle East",Yemen,"Al Hudaydah","Strategic developments","Change to group/activity",1,0,0,"Strategic developments",14.779,43.218
2025-01-04,"Middle East",Yemen,"Al Hudaydah","Strategic developments",Other,4,0,0,"Strategic developments",14.779,43.218
2025-01-04,"Middle East",Yemen,"Al Hudaydah","Explosions/Remote violence","Air/drone strike",3,1,"47,626","Political violence",14.779,43.218
2025-01-04,"Middle East",Yemen,"Al Jawf",Battles,"Armed clash",4,6,"64,275","Political violence",16.596,45.599
2025-01-04,"Middle East",Yemen,"Al Jawf",Protests,"Peaceful protest",14,0,"102,023",Demonstrations,16.596,45.599
2025-01-04,"Middle East",Yemen,"Al Jawf","Violence against civilians",Attack,1,1,0,"Political violence",16.596,45.599
2025-01-04,"Middle East",Yemen,"Al Mahrah",Protests,"Peaceful protest",1,0,"16,836",Demonstrations,17.057,51.824
2025-01-04,"Middle East",Yemen,"Al Mahwit",Protests,"Peaceful protest",10,0,"95,166",Demonstrations,15.308,43.499
2025-01-04,"Middle East",Yemen,"Amanat al Asimah",Protests,"Peaceful protest",6,0,"204,831",Demonstrations,15.420,44.192
2025-01-04,"Middle East",Yemen,"Amanat al Asimah","Violence against civilians","Abduction/forced disappearance",4,0,"125,730","Political violence",15.420,44.192
2025-01-04,"Middle East",Yemen,"Amanat al Asimah","Explosions/Remote violence","Air/drone strike",3,0,"47,962","Political violence",15.420,44.192
2025-01-04,"Middle East",Yemen,"Amanat al Asimah","Violence against civilians",Attack,1,0,"123,184","Political violence",15.420,44.192
2025-01-04,"Middle East",Yemen,Amran,"Explosions/Remote violence","Air/drone strike",3,0,"28,684","Political violence",16.116,43.941
2025-01-04,"Middle East",Yemen,Amran,"Violence against civilians","Abduction/forced disappearance",1,0,"51,815","Political violence",16.116,43.941
2025-01-04,"Middle East",Yemen,Amran,"Strategic developments",Arrests,1,0,0,"Strategic developments",16.116,43.941
2025-01-04,"Middle East",Yemen,Amran,Protests,"Peaceful protest",9,0,"78,061",Demonstrations,16.116,43.941
2025-01-04,"Middle East",Yemen,Dhamar,Protests,"Peaceful protest",10,0,"144,233",Demonstrations,14.540,44.306
2025-01-04,"Middle East",Yemen,Dhamar,"Violence against civilians","Abduction/forced disappearance",1,0,"16,806","Political violence",14.540,44.306
2025-01-04,"Middle East",Yemen,Hadramawt,"Strategic developments","Change to group/activity",2,0,0,"Strategic developments",16.529,48.627
2025-01-04,"Middle East",Yemen,Hadramawt,Protests,"Peaceful protest",1,0,0,Demonstrations,16.529,48.627
2025-01-04,"Middle East",Yemen,Hadramawt,"Explosions/Remote violence","Shelling/artillery/missile attack",1,0,"60,014","Political violence",16.529,48.627
2025-01-04,"Middle East",Yemen,Hadramawt,"Explosions/Remote violence","Remote explosive/landmine/IED",1,0,"60,014","Political violence",16.529,48.627
2025-01-04,"Middle East",Yemen,Hajjah,Protests,"Peaceful protest",20,0,"241,157",Demonstrations,16.094,43.204
2025-01-04,"Middle East",Yemen,Ibb,Protests,"Peaceful protest",66,0,"497,699",Demonstrations,14.088,44.175
2025-01-04,"Middle East",Yemen,Ibb,"Violence against civilians",Attack,1,1,"15,841","Political violence",14.088,44.175
2025-01-04,"Middle East",Yemen,Ibb,"Strategic developments","Change to group/activity",1,0,0,"Strategic developments",14.088,44.175
2025-01-04,"Middle East",Yemen,Ibb,"Violence against civilians","Abduction/forced disappearance",1,0,"12,485","Political violence",14.088,44.175
2025-01-04,"Middle East",Yemen,Lahij,Battles,"Armed clash",8,8,"78,427","Political violence",13.320,44.762
2025-01-04,"Middle East",Yemen,Lahij,Protests,"Peaceful protest",2,0,"51,478",Demonstrations,13.320,44.762
2025-01-04,"Middle East",Yemen,Lahij,Riots,"Violent demonstration",4,0,"94,840",Demonstrations,13.320,44.762
2025-01-04,"Middle East",Yemen,Lahij,"Strategic developments","Change to group/activity",2,0,0,"Strategic developments",13.320,44.762
2025-01-04,"Middle East",Yemen,Lahij,"Strategic developments","Disrupted weapons use",1,0,0,"Strategic developments",13.320,44.762
2025-01-04,"Middle East",Yemen,Marib,"Strategic developments","Disrupted weapons use",1,0,0,"Strategic developments",15.333,45.452
2025-01-04,"Middle East",Yemen,Marib,"Explosions/Remote violence","Shelling/artillery/missile attack",1,0,160,"Political violence",15.333,45.452
2025-01-04,"Middle East",Yemen,Marib,Battles,"Armed clash",8,3,"4,958","Political violence",15.333,45.452
2025-01-04,"Middle East",Yemen,Marib,Protests,"Peaceful protest",19,0,"57,535",Demonstrations,15.333,45.452
2025-01-04,"Middle East",Yemen,Raymah,Protests,"Peaceful protest",14,0,"23,656",Demonstrations,14.657,43.687
2025-01-04,"Middle East",Yemen,Sadah,Protests,"Peaceful protest",37,0,"160,136",Demonstrations,17.088,44.042
2025-01-04,"Middle East",Yemen,Sadah,"Explosions/Remote violence",Grenade,1,1,"11,963","Political violence",17.088,44.042
2025-01-04,"Middle East",Yemen,Sadah,"Explosions/Remote violence","Air/drone strike",1,0,"135,077","Political violence",17.088,44.042
2025-01-04,"Middle East",Yemen,Sadah,Battles,"Armed clash",1,1,"135,077","Political violence",17.088,44.042
2025-01-04,"Middle East",Yemen,Sanaa,Protests,"Peaceful protest",19,0,"17,358",Demonstrations,15.393,44.475
2025-01-04,"Middle East",Yemen,Sanaa,"Violence against civilians",Attack,1,0,"48,970","Political violence",15.393,44.475
2025-01-04,"Middle East",Yemen,Sanaa,"Explosions/Remote violence","Air/drone strike",4,0,"59,830","Political violence",15.393,44.475
2025-01-04,"Middle East",Yemen,Shabwah,"Explosions/Remote violence","Air/drone strike",1,0,"24,623","Political violence",14.651,46.620
2025-01-04,"Middle East",Yemen,Shabwah,Riots,"Violent demonstration",1,0,"19,176",Demonstrations,14.651,46.620
2025-01-04,"Middle East",Yemen,Shabwah,Battles,"Armed clash",8,6,"34,243","Political violence",14.651,46.620
2025-01-04,"Middle East",Yemen,Taizz,Protests,"Peaceful protest",45,0,"333,603",Demonstrations,13.295,43.786
2025-01-04,"Middle East",Yemen,Taizz,"Explosions/Remote violence","Air/drone strike",1,0,"12,630","Political violence",13.295,43.786
2025-01-04,"Middle East",Yemen,Taizz,"Strategic developments","Change to group/activity",2,0,0,"Strategic developments",13.295,43.786
2025-01-04,"Middle East",Yemen,Taizz,Battles,"Armed clash",10,5,"166,973","Political violence",13.295,43.786
2025-01-04,"Middle East",Yemen,Taizz,"Violence against civilians",Attack,1,0,"13,923","Political violence",13.295,43.786
2025-01-04,"Middle East",Yemen,Taizz,"Explosions/Remote violence","Shelling/artillery/missile attack",3,0,"29,355","Political violence",13.295,43.786
2025-01-11,"International Waters","Indian Ocean","North Indian Ocean","Strategic developments","Disrupted weapons use",1,0,0,"Strategic developments",13.728,70.473
2025-01-11,"International Waters","Indian Ocean","North Indian Ocean","Explosions/Remote violence","Air/drone strike",2,0,0,"Political violence",13.728,70.473
2025-01-11,"Middle East",Yemen,Abyan,Protests,"Peaceful protest",3,0,"33,591",Demonstrations,13.627,46.228
2025-01-11,"Middle East",Yemen,Abyan,"Explosions/Remote violence","Remote explosive/landmine/IED",1,0,"11,940","Political violence",13.627,46.228
2025-01-11,"Middle East",Yemen,Abyan,Battles,"Armed clash",9,3,"46,855","Political violence",13.627,46.228
2025-01-11,"Middle East",Yemen,Abyan,"Explosions/Remote violence","Shelling/artillery/missile attack",2,0,"45,243","Political violence",13.627,46.228
2025-01-11,"Middle East",Yemen,"Ad Dali","Strategic developments","Change to group/activity",1,0,0,"Strategic developments",13.894,44.783
2025-01-11,"Middle East",Yemen,"Ad Dali",Protests,"Peaceful protest",4,0,"81,581",Demonstrations,13.894,44.783
2025-01-11,"Middle East",Yemen,"Ad Dali",Battles,"Armed clash",11,52,"16,175","Political violence",13.894,44.783
2025-01-11,"Middle East",Yemen,Aden,Protests,"Peaceful protest",5,0,"68,436",Demonstrations,12.806,44.788
2025-01-11,"Middle East",Yemen,Aden,Protests,"Protest with intervention",1,0,"2,752",Demonstrations,12.806,44.788
2025-01-11,"Middle East",Yemen,Aden,"Violence against civilians","Abduction/forced disappearance",2,0,"53,425","Political violence",12.806,44.788
2025-01-11,"Middle East",Yemen,Aden,Battles,"Armed clash",1,0,"21,706","Political violence",12.806,44.788
2025-01-11,"Middle East",Yemen,Aden,"Strategic developments","Disrupted weapons use",1,0,0,"Strategic developments",12.806,44.788
2025-01-11,"Middle East",Yemen,Aden,"Violence against civilians",Attack,1,0,"7,098","Political violence",12.806,44.788
2025-01-11,"Middle East",Yemen,"Al Bayda","Violence against civilians","Abduction/forced disappearance",1,0,"8,826","Political violence",14.326,45.216
2025-01-11,"Middle East",Yemen,"Al Bayda","Strategic developments","Looting/property destruction",1,0,0,"Strategic developments",14.326,45.216
2025-01-11,"Middle East",Yemen,"Al Bayda",Protests,"Peaceful protest",6,0,"74,996",Demonstrations,14.326,45.216
2025-01-11,"Middle East",Yemen,"Al Bayda","Explosions/Remote violence","Shelling/artillery/missile attack",1,0,"5,785","Political violence",14.326,45.216
2025-01-11,"Middle East",Yemen,"Al Bayda",Battles,"Armed clash",2,16,"15,273","Political violence",14.326,45.216
2025-01-11,"Middle East",Yemen,"Al Hudaydah","Explosions/Remote violence","Remote explosive/landmine/IED",1,0,"9,125","Political violence",14.779,43.218
2025-01-11,"Middle East",Yemen,"Al Hudaydah","Strategic developments",Arrests,1,0,0,"Strategic developments",14.779,43.218
2025-01-11,"Middle East",Yemen,"Al Hudaydah","Violence against civilians",Attack,1,1,"16,447","Political violence",14.779,43.218
2025-01-11,"Middle East",Yemen,"Al Hudaydah","Strategic developments",Other,1,0,0,"Strategic developments",14.779,43.218
2025-01-11,"Middle East",Yemen,"Al Hudaydah",Protests,"Peaceful protest",8,0,"70,906",Demonstrations,14.779,43.218
2025-01-11,"Middle East",Yemen,"Al Hudaydah","Strategic developments","Change to group/activity",4,0,0,"Strategic developments",14.779,43.218
2025-01-11,"Middle East",Yemen,"Al Hudaydah",Battles,"Armed clash",7,2,"126,194","Political violence",14.779,43.218
2025-01-11,"Middle East",Yemen,"Al Jawf",Protests,"Peaceful protest",15,0,"72,711",Demonstrations,16.596,45.599
2025-01-11,"Middle East",Yemen,"Al Jawf",Battles,"Armed clash",1,3,0,"Political violence",16.596,45.599
2025-01-11,"Middle East",Yemen,"Al Mahrah",Protests,"Peaceful protest",1,0,"8,263",Demonstrations,17.057,51.824
2025-01-11,"Middle East",Yemen,"Al Mahwit",Protests,"Peaceful protest",2,0,"27,727",Demonstrations,15.308,43.499
2025-01-11,"Middle East",Yemen,"Amanat al Asimah",Protests,"Peaceful protest",12,0,"407,210",Demonstrations,15.420,44.192
2025-01-11,"Middle East",Yemen,"Amanat al Asimah","Violence against civilians",Attack,3,2,"73,351","Political violence",15.420,44.192
2025-01-11,"Middle East",Yemen,Amran,Protests,"Peaceful protest",5,0,"50,581",Demonstrations,16.116,43.941
2025-01-11,"Middle East",Yemen,Amran,"Strategic developments","Change to group/activity",1,0,0,"Strategic developments",16.116,43.941
2025-01-11,"Middle East",Yemen,Amran,"Violence against civilians","Abduction/forced disappearance",1,0,"82,929","Political violence",16.116,43.941
2025-01-11,"Middle East",Yemen,Amran,"Explosions/Remote violence","Air/drone strike",1,0,"28,684","Political violence",16.116,43.941
2025-01-11,"Middle East",Yemen,Dhamar,Protests,"Peaceful protest",1,0,"56,090",Demonstrations,14.540,44.306
2025-01-11,"Middle East",Yemen,Hadramawt,Protests,"Peaceful protest",3,0,"51,928",Demonstrations,16.529,48.627
2025-01-11,"Middle East",Yemen,Hadramawt,Protests,"Protest with intervention",1,0,919,Demonstrations,16.529,48.627
2025-01-11,"Middle East",Yemen,Hajjah,Protests,"Peaceful protest",29,0,"266,756",Demonstrations,16.094,43.204
2025-01-11,"Middle East",Yemen,Ibb,Protests,"Peaceful protest",66,0,"519,953",Demonstrations,14.088,44.175
2025-01-11,"Middle East",Yemen,Ibb,Protests,"Protest with intervention",1,0,"3,778",Demonstrations,14.088,44.175
2025-01-11,"Middle East",Yemen,Ibb,Battles,"Armed clash",1,1,"32,577","Political violence",14.088,44.175
2025-01-11,"Middle East",Yemen,Ibb,"Violence against civilians",Attack,1,0,"1,700","Political violence",14.088,44.175
2025-01-11,"Middle East",Yemen,Lahij,Battles,"Armed clash",10,5,"28,427","Political violence",13.320,44.762
2025-01-11,"Middle East",Yemen,Lahij,Protests,"Peaceful protest",2,0,"18,769",Demonstrations,13.320,44.762
2025-01-11,"Middle East",Yemen,Marib,Protests,"Peaceful protest",16,0,"19,789",Demonstrations,15.333,45.452
2025-01-11,"Middle East",Yemen,Marib,Battles,"Armed clash",7,6,"6,715","Political violence",15.333,45.452
2025-01-11,"Middle East",Yemen,Marib,"Explosions/Remote violence","Remote explosive/landmine/IED",3,2,"83,228","Political violence",15.333,45.452
2025-01-11,"Middle East",Yemen,Marib,Protests,"Protest with intervention",1,0,"15,557",Demonstrations,15.333,45.452
2025-01-11,"Middle East",Yemen,Marib,"Violence against civilians",Attack,1,0,"25,990","Political violence",15.333,45.452
2025-01-11,"Middle East",Yemen,Raymah,Protests,"Peaceful protest",11,0,"22,214",Demonstrations,14.657,43.687
2025-01-11,"Middle East",Yemen,Sadah,Protests,"Peaceful protest",38,0,"159,588",Demonstrations,17.088,44.042
2025-01-11,"Middle East",Yemen,Sadah,"Violence against civilians",Attack,3,1,"19,937","Political violence",17.088,44.042
2025-01-11,"Middle East",Yemen,Sanaa,Protests,"Peaceful protest",4,0,"55,820",Demonstrations,15.393,44.475
2025-01-11,"Middle East",Yemen,Sanaa,"Violence against civilians","Abduction/forced disappearance",3,0,"9,543","Political violence",15.393,44.475
2025-01-11,"Middle East",Yemen,Shabwah,"Explosions/Remote violence","Air/drone strike",2,1,"52,023","Political violence",14.651,46.620
2025-01-11,"Middle East",Yemen,Shabwah,"Violence against civilians",Attack,1,1,"36,907","Political violence",14.651,46.620
2025-01-11,"Middle East",Yemen,Shabwah,Battles,"Armed clash",1,0,"2,058","Political violence",14.651,46.620
2025-01-11,"Middle East",Yemen,Shabwah,"Explosions/Remote violence","Shelling/artillery/missile attack",1,0,"3,605","Political violence",14.651,46.620
2025-01-11,"Middle East",Yemen,Taizz,"Strategic developments","Looting/property destruction",1,0,0,"Strategic developments",13.295,43.786
2025-01-11,"Middle East",Yemen,Taizz,Protests,"Peaceful protest",48,0,"305,247",Demonstrations,13.295,43.786
2025-01-11,"Middle East",Yemen,Taizz,Riots,"Violent demonstration",1,0,"23,188",Demonstrations,13.295,43.786
2025-01-11,"Middle East",Yemen,Taizz,Battles,"Armed clash",8,12,"76,090","Political violence",13.295,43.786
2025-01-18,"International Waters","Indian Ocean","North Indian Ocean","Explosions/Remote violence","Air/drone strike",1,0,0,"Political violence",13.728,70.473
2025-01-18,"Middle East",Yemen,Abyan,Battles,"Armed clash",11,7,"46,855","Political violence",13.627,46.228
2025-01-18,"Middle East",Yemen,Abyan,Protests,"Peaceful protest",1,0,"30,695",Demonstrations,13.627,46.228
2025-01-18,"Middle East",Yemen,Abyan,"Violence against civilians",Attack,1,0,"14,701","Political violence",13.627,46.228
2025-01-18,"Middle East",Yemen,Abyan,"Explosions/Remote violence","Shelling/artillery/missile attack",2,0,"45,243","Political violence",13.627,46.228
2025-01-18,"Middle East",Yemen,Abyan,"Explosions/Remote violence","Remote explosive/landmine/IED",1,0,"7,846","Political violence",13.627,46.228
2025-01-18,"Middle East",Yemen,"Ad Dali","Violence against civilians","Abduction/forced disappearance",1,0,"1,130","Political violence",13.894,44.783
2025-01-18,"Middle East",Yemen,"Ad Dali","Violence against civilians",Attack,1,0,"74,338","Political violence",13.894,44.783
2025-01-18,"Middle East",Yemen,"Ad Dali","Strategic developments","Looting/property destruction",1,0,0,"Strategic developments",13.894,44.783
2025-01-18,"Middle East",Yemen,"Ad Dali",Battles,"Armed clash",7,29,"9,884","Political violence",13.894,44.783
2025-01-18,"Middle East",Yemen,"Ad Dali","Explosions/Remote violence","Air/drone strike",1,0,483,"Political violence",13.894,44.783
2025-01-18,"Middle East",Yemen,"Ad Dali",Protests,"Peaceful protest",1,0,"25,827",Demonstrations,13.894,44.783
2025-01-18,"Middle East",Yemen,Aden,"Violence against civilians","Abduction/forced disappearance",1,0,"71,816","Political violence",12.806,44.788
2025-01-18,"Middle East",Yemen,Aden,Battles,"Armed clash",1,0,"71,816","Political violence",12.806,44.788
2025-01-18,"Middle East",Yemen,Aden,Protests,"Peaceful protest",1,0,"4,559",Demonstrations,12.806,44.788
2025-01-18,"Middle East",Yemen,Aden,"Explosions/Remote violence","Remote explosive/landmine/IED",1,1,"30,678","Political violence",12.806,44.788
2025-01-18,"Middle East",Yemen,Aden,"Strategic developments",Arrests,1,0,0,"Strategic developments",12.806,44.788
2025-01-18,"Middle East",Yemen,"Al Bayda","Strategic developments","Change to group/activity",1,0,0,"Strategic developments",14.326,45.216
2025-01-18,"Middle East",Yemen,"Al Bayda",Battles,"Armed clash",4,9,"99,242","Political violence",14.326,45.216
2025-01-18,"Middle East",Yemen,"Al Bayda",Protests,"Peaceful protest",2,0,"42,331",Demonstrations,14.326,45.216
2025-01-18,"Middle East",Yemen,"Al Bayda","Explosions/Remote violence","Shelling/artillery/missile attack",2,2,"15,273","Political violence",14.326,45.216
2025-01-18,"Middle East",Yemen,"Al Hudaydah","Explosions/Remote violence","Shelling/artillery/missile attack",2,0,"4,511","Political violence",14.779,43.218
2025-01-18,"Middle East",Yemen,"Al Hudaydah",Protests,"Peaceful protest",3,0,"125,128",Demonstrations,14.779,43.218
2025-01-18,"Middle East",Yemen,"Al Hudaydah",Battles,"Armed clash",3,0,"7,540","Political violence",14.779,43.218
2025-01-18,"Middle East",Yemen,"Al Jawf",Battles,"Armed clash",2,2,"52,174","Political violence",16.596,45.599
2025-01-18,"Middle East",Yemen,"Al Jawf","Explosions/Remote violence","Remote explosive/landmine/IED",1,1,"2,369","Political violence",16.596,45.599
2025-01-18,"Middle East",Yemen,"Amanat al Asimah",Protests,"Peaceful protest",6,0,"248,162",Demonstrations,15.420,44.192
2025-01-18,"Middle East",Yemen,"Amanat al Asimah","Violence against civilians","Abduction/forced disappearance",1,0,"22,879","Political violence",15.420,44.192
2025-01-18,"Middle East",Yemen,"Amanat al Asimah","Strategic developments",Other,1,0,0,"Strategic developments",15.420,44.192
2025-01-18,"Middle East",Yemen,Amran,Protests,"Peaceful protest",3,0,"85,575",Demonstrations,16.116,43.941
2025-01-18,"Middle East",Yemen,Dhamar,Battles,"Armed clash",1,3,"121,960","Political violence",14.540,44.306
2025-01-18,"Middle East",Yemen,Hadramawt,Protests,"Peaceful protest",3,0,"77,689",Demonstrations,16.529,48.627
2025-01-18,"Middle East",Yemen,Hajjah,Protests,"Peaceful protest",3,0,"13,048",Demonstrations,16.094,43.204
2025-01-18,"Middle East",Yemen,Hajjah,"Strategic developments","Looting/property destruction",2,0,0,"Strategic developments",16.094,43.204
2025-01-18,"Middle East",Yemen,Ibb,"Strategic developments","Looting/property destruction",1,0,0,"Strategic developments",14.088,44.175
2025-01-18,"Middle East",Yemen,Ibb,Protests,"Peaceful protest",2,0,"90,565",Demonstrations,14.088,44.175
2025-01-18,"Middle East",Yemen,Ibb,"Violence against civilians","Abduction/forced disappearance",2,0,"74,404","Political violence",14.088,44.175
2025-01-18,"Middle East",Yemen,Ibb,Battles,"Armed clash",1,0,"61,284","Political violence",14.088,44.175
2025-01-18,"Middle East",Yemen,Lahij,Protests,"Peaceful protest",1,0,"4,518",Demonstrations,13.320,44.762
2025-01-18,"Middle East",Yemen,Lahij,"Violence against civilians","Abduction/forced disappearance",1,0,"5,255","Political violence",13.320,44.762
2025-01-18,"Middle East",Yemen,Lahij,"Explosions/Remote violence","Remote explosive/landmine/IED",1,0,"10,066","Political violence",13.320,44.762
2025-01-18,"Middle East",Yemen,Lahij,Battles,"Armed clash",10,5,"67,206","Political violence",13.320,44.762
2025-01-18,"Middle East",Yemen,Lahij,"Violence against civilians",Attack,2,0,"5,255","Political violence",13.320,44.762
2025-01-18,"Middle East",Yemen,Marib,Battles,"Armed clash",3,3,"4,105","Political violence",15.333,45.452
2025-01-18,"Middle East",Yemen,Marib,"Strategic developments","Disrupted weapons use",1,0,0,"Strategic developments",15.333,45.452
2025-01-18,"Middle East",Yemen,Marib,"Strategic developments","Looting/property destruction",1,0,0,"Strategic developments",15.333,45.452
2025-01-18,"Middle East",Yemen,Marib,"Violence against civilians",Attack,1,1,0,"Political violence",15.333,45.452
2025-01-18,"Middle East",Yemen,Raymah,Protests,"Peaceful protest",1,0,"3,016",Demonstrations,14.657,43.687
2025-01-18,"Middle East",Yemen,Sadah,"Strategic developments","Change to group/activity",1,0,0,"Strategic developments",17.088,44.042
2025-01-18,"Middle East",Yemen,Sadah,"Violence against civilians","Abduction/forced disappearance",1,0,"126,109","Political violence",17.088,44.042
2025-01-18,"Middle East",Yemen,Sanaa,"Explosions/Remote violence","Air/drone strike",1,0,"1,436","Political violence",15.393,44.475
2025-01-18,"Middle East",Yemen,Sanaa,"Strategic developments","Change to group/activity",3,0,0,"Strategic developments",15.393,44.475
2025-01-18,"Middle East",Yemen,Shabwah,"Explosions/Remote violence","Air/drone strike",1,2,"24,623","Political violence",14.651,46.620
2025-01-18,"Middle East",Yemen,Shabwah,Battles,"Armed clash",5,3,"53,335","Political violence",14.651,46.620
2025-01-18,"Middle East",Yemen,Shabwah,Protests,"Peaceful protest",3,0,"6,422",Demonstrations,14.651,46.620
2025-01-18,"Middle East",Yemen,Shabwah,"Explosions/Remote violence","Shelling/artillery/missile attack",1,0,"3,001","Political violence",14.651,46.620
2025-01-18,"Middle East",Yemen,Suqutra,"Violence against civilians",Attack,1,0,"53,572","Political violence",12.508,53.893
2025-01-18,"Middle East",Yemen,Taizz,"Strategic developments",Other,1,0,0,"Strategic developments",13.295,43.786
2025-01-18,"Middle East",Yemen,Taizz,"Violence against civilians",Attack,1,0,"17,853","Political violence",13.295,43.786
2025-01-18,"Middle East",Yemen,Taizz,Protests,"Peaceful protest",2,0,"54,369",Demonstrations,13.295,43.786
2025-01-18,"Middle East",Yemen,Taizz,"Explosions/Remote violence","Shelling/artillery/missile attack",1,0,"7,168","Political violence",13.295,43.786
2025-01-18,"Middle East",Yemen,Taizz,"Strategic developments","Looting/property destruction",1,0,0,"Strategic developments",13.295,43.786
2025-01-18,"Middle East",Yemen,Taizz,"Violence against civilians","Abduction/forced disappearance",1,0,"25,478","Political violence",13.295,43.786
2025-01-18,"Middle East",Yemen,Taizz,Battles,"Armed clash",6,1,"71,972","Political violence",13.295,43.786
2025-01-25,"Middle East",Yemen,Abyan,"Violence against civilians",Attack,1,1,"24,595","Political violence",13.627,46.228
2025-01-25,"Middle East",Yemen,Abyan,"Explosions/Remote violence","Shelling/artillery/missile attack",1,0,"9,042","Political violence",13.627,46.228
2025-01-25,"Middle East",Yemen,Abyan,Battles,"Armed clash",7,3,"11,703","Political violence",13.627,46.228
2025-01-25,"Middle East",Yemen,Abyan,"Strategic developments","Disrupted weapons use",1,0,0,"Strategic developments",13.627,46.228
2025-01-25,"Middle East",Yemen,Abyan,Protests,"Peaceful protest",1,0,"30,695",Demonstrations,13.627,46.228
2025-01-25,"Middle East",Yemen,"Ad Dali",Protests,"Peaceful protest",1,0,"25,827",Demonstrations,13.894,44.783
2025-01-25,"Middle East",Yemen,"Ad Dali","Strategic developments","Change to group/activity",1,0,0,"Strategic developments",13.894,44.783
2025-01-25,"Middle East",Yemen,"Ad Dali","Explosions/Remote violence","Shelling/artillery/missile attack",1,0,"2,209","Political violence",13.894,44.783
2025-01-25,"Middle East",Yemen,"Ad Dali",Battles,"Armed clash",10,22,"17,669","Political violence",13.894,44.783
2025-01-25,"Middle East",Yemen,Aden,Protests,"Peaceful protest",1,0,"22,909",Demonstrations,12.806,44.788
2025-01-25,"Middle East",Yemen,Aden,"Explosions/Remote violence",Grenade,1,0,"37,900","Political violence",12.806,44.788
2025-01-25,"Middle East",Yemen,Aden,"Strategic developments","Disrupted weapons use",1,0,0,"Strategic developments",12.806,44.788
2025-01-25,"Middle East",Yemen,"Al Bayda","Strategic developments","Change to group/activity",2,0,0,"Strategic developments",14.326,45.216
2025-01-25,"Middle East",Yemen,"Al Bayda","Violence against civilians",Attack,1,0,"63,673","Political violence",14.326,45.216
2025-01-25,"Middle East",Yemen,"Al Bayda","Explosions/Remote violence","Shelling/artillery/missile attack",1,0,"5,785","Political violence",14.326,45.216
2025-01-25,"Middle East",Yemen,"Al Hudaydah",Battles,"Armed clash",14,6,"18,492","Political violence",14.779,43.218
2025-01-25,"Middle East",Yemen,"Al Hudaydah",Protests,"Peaceful protest",1,0,"48,117",Demonstrations,14.779,43.218
2025-01-25,"Middle East",Yemen,"Al Jawf","Violence against civilians","Abduction/forced disappearance",1,0,"10,783","Political violence",16.596,45.599
2025-01-25,"Middle East",Yemen,"Al Jawf",Battles,"Armed clash",1,1,"11,289","Political violence",16.596,45.599
2025-01-25,"Middle East",Yemen,"Al Mahrah",Protests,"Peaceful protest",1,0,"8,263",Demonstrations,17.057,51.824
2025-01-25,"Middle East",Yemen,"Amanat al Asimah","Strategic developments","Looting/property destruction",1,0,0,"Strategic developments",15.420,44.192
2025-01-25,"Middle East",Yemen,"Amanat al Asimah",Protests,"Peaceful protest",2,0,"122,965",Demonstrations,15.420,44.192
2025-01-25,"Middle East",Yemen,"Amanat al Asimah","Strategic developments",Other,1,0,0,"Strategic developments",15.420,44.192
2025-01-25,"Middle East",Yemen,"Amanat al Asimah","Violence against civilians","Abduction/forced disappearance",2,0,"203,814","Political violence",15.420,44.192
2025-01-25,"Middle East",Yemen,Amran,"Violence against civilians",Attack,1,1,"21,434","Political violence",16.116,43.941
2025-01-25,"Middle East",Yemen,Dhamar,Battles,"Armed clash",1,0,"22,817","Political violence",14.540,44.306
2025-01-25,"Middle East",Yemen,Hadramawt,Battles,"Armed clash",1,1,"144,391","Political violence",16.529,48.627
2025-01-25,"Middle East",Yemen,Ibb,"Violence against civilians",Attack,1,1,"26,742","Political violence",14.088,44.175
2025-01-25,"Middle East",Yemen,Ibb,Protests,"Peaceful protest",1,0,"22,136",Demonstrations,14.088,44.175
2025-01-25,"Middle East",Yemen,Lahij,Protests,"Peaceful protest",2,0,"48,036",Demonstrations,13.320,44.762
2025-01-25,"Middle East",Yemen,Lahij,Battles,"Armed clash",7,1,"60,551","Political violence",13.320,44.762
2025-01-25,"Middle East",Yemen,Lahij,Battles,"Government regains territory",1,0,"1,090","Political violence",13.320,44.762
2025-01-25,"Middle East",Yemen,Marib,"Explosions/Remote violence","Air/drone strike",4,1,"8,867","Political violence",15.333,45.452
2025-01-25,"Middle East",Yemen,Marib,"Explosions/Remote violence","Shelling/artillery/missile attack",3,0,37,"Political violence",15.333,45.452
2025-01-25,"Middle East",Yemen,Marib,Battles,"Armed clash",7,5,"47,814","Political violence",15.333,45.452
2025-01-25,"Middle East",Yemen,Marib,"Strategic developments","Change to group/activity",3,0,0,"Strategic developments",15.333,45.452
2025-01-25,"Middle East",Yemen,Marib,Protests,"Peaceful protest",4,0,"30,882",Demonstrations,15.333,45.452
2025-01-25,"Middle East",Yemen,Marib,Protests,"Protest with intervention",1,0,"15,557",Demonstrations,15.333,45.452
2025-01-25,"Middle East",Yemen,Marib,"Violence against civilians",Attack,1,1,"39,024","Political violence",15.333,45.452
2025-01-25,"Middle East",Yemen,Raymah,Protests,"Peaceful protest",1,0,"3,016",Demonstrations,14.657,43.687
2025-01-25,"Middle East",Yemen,Sadah,Protests,"Peaceful protest",1,0,297,Demonstrations,17.088,44.042
2025-01-25,"Middle East",Yemen,Sanaa,"Violence against civilians",Attack,1,1,"12,574","Political violence",15.393,44.475
2025-01-25,"Middle East",Yemen,Sanaa,"Violence against civilians","Abduction/forced disappearance",1,0,"2,734","Political violence",15.393,44.475
2025-01-25,"Middle East",Yemen,Sanaa,"Explosions/Remote violence","Remote explosive/landmine/IED",1,1,"3,367","Political violence",15.393,44.475
2025-01-25,"Middle East",Yemen,Sanaa,Protests,"Peaceful protest",2,0,"10,686",Demonstrations,15.393,44.475
2025-01-25,"Middle East",Yemen,Shabwah,"Strategic developments","Change to group/activity",1,0,0,"Strategic developments",14.651,46.620
2025-01-25,"Middle East",Yemen,Shabwah,Battles,"Armed clash",5,0,"32,288","Political violence",14.651,46.620
2025-01-25,"Middle East",Yemen,Shabwah,"Explosions/Remote violence","Air/drone strike",1,0,"3,605","Political violence",14.651,46.620
2025-01-25,"Middle East",Yemen,Taizz,Battles,"Armed clash",8,11,"241,387","Political violence",13.295,43.786
2025-01-25,"Middle East",Yemen,Taizz,"Strategic developments","Change to group/activity",1,0,0,"Strategic developments",13.295,43.786
2025-01-25,"Middle East",Yemen,Taizz,Protests,"Peaceful protest",13,0,"174,841",Demonstrations,13.295,43.786
2025-01-25,"Middle East",Yemen,Taizz,"Violence against civilians",Attack,2,2,"41,143","Political violence",13.295,43.786
2025-01-25,"Middle East",Yemen,Taizz,"Strategic developments",Other,1,0,0,"Strategic developments",13.295,43.786
2025-02-01,"Middle East",Yemen,Abyan,Protests,"Peaceful protest",2,0,"30,457",Demonstrations,13.627,46.228
2025-02-01,"Middle East",Yemen,Abyan,Battles,"Government regains territory",1,0,"18,116","Political violence",13.627,46.228
2025-02-01,"Middle East",Yemen,Abyan,Battles,"Armed clash",4,0,"11,703","Political violence",13.627,46.228
2025-02-01,"Middle East",Yemen,Abyan,"Explosions/Remote violence","Air/drone strike",1,0,"1,208","Political violence",13.627,46.228
2025-02-01,"Middle East",Yemen,Abyan,"Strategic developments","Disrupted weapons use",1,0,0,"Strategic developments",13.627,46.228
2025-02-01,"Middle East",Yemen,"Ad Dali","Strategic developments","Looting/property destruction",1,0,0,"Strategic developments",13.894,44.783
2025-02-01,"Middle East",Yemen,"Ad Dali",Riots,"Violent demonstration",1,0,"74,338",Demonstrations,13.894,44.783
2025-02-01,"Middle East",Yemen,"Ad Dali",Battles,"Armed clash",10,35,"17,765","Political violence",13.894,44.783
2025-02-01,"Middle East",Yemen,"Ad Dali","Explosions/Remote violence","Shelling/artillery/missile attack",1,0,"1,336","Political violence",13.894,44.783
2025-02-01,"Middle East",Yemen,Aden,Protests,"Peaceful protest",3,0,"37,353",Demonstrations,12.806,44.788
2025-02-01,"Middle East",Yemen,Aden,Riots,"Violent demonstration",14,0,"345,035",Demonstrations,12.806,44.788
2025-02-01,"Middle East",Yemen,"Al Bayda",Protests,"Peaceful protest",2,0,"70,330",Demonstrations,14.326,45.216
2025-02-01,"Middle East",Yemen,"Al Bayda","Violence against civilians","Abduction/forced disappearance",1,0,"17,877","Political violence",14.326,45.216
2025-02-01,"Middle East",Yemen,"Al Bayda","Violence against civilians",Attack,1,1,"28,642","Political violence",14.326,45.216
2025-02-01,"Middle East",Yemen,"Al Bayda","Explosions/Remote violence","Shelling/artillery/missile attack",1,0,"15,179","Political violence",14.326,45.216
2025-02-01,"Middle East",Yemen,"Al Bayda",Battles,"Armed clash",1,0,"15,179","Political violence",14.326,45.216
2025-02-01,"Middle East",Yemen,"Al Hudaydah",Battles,"Armed clash",8,0,"13,291","Political violence",14.779,43.218
2025-02-01,"Middle East",Yemen,"Al Hudaydah",Protests,"Peaceful protest",1,0,"48,117",Demonstrations,14.779,43.218
2025-02-01,"Middle East",Yemen,"Al Hudaydah","Explosions/Remote violence","Remote explosive/landmine/IED",2,1,"7,418","Political violence",14.779,43.218
2025-02-01,"Middle East",Yemen,"Al Hudaydah","Violence against civilians","Abduction/forced disappearance",1,0,"3,941","Political violence",14.779,43.218
2025-02-01,"Middle East",Yemen,"Al Jawf","Explosions/Remote violence","Remote explosive/landmine/IED",1,0,"8,548","Political violence",16.596,45.599
2025-02-01,"Middle East",Yemen,"Al Jawf","Violence against civilians",Attack,1,1,0,"Political violence",16.596,45.599
2025-02-01,"Middle East",Yemen,"Al Jawf",Protests,"Peaceful protest",3,0,"37,860",Demonstrations,16.596,45.599
2025-02-01,"Middle East",Yemen,"Amanat al Asimah",Battles,"Armed clash",1,3,"47,462","Political violence",15.420,44.192
2025-02-01,"Middle East",Yemen,"Amanat al Asimah","Strategic developments","Change to group/activity",1,0,0,"Strategic developments",15.420,44.192
2025-02-01,"Middle East",Yemen,"Amanat al Asimah",Protests,"Peaceful protest",1,0,"47,396",Demonstrations,15.420,44.192
2025-02-01,"Middle East",Yemen,"Amanat al Asimah","Strategic developments",Other,1,0,0,"Strategic developments",15.420,44.192
2025-02-01,"Middle East",Yemen,"Amanat al Asimah","Violence against civilians",Attack,1,1,"78,252","Political violence",15.420,44.192
2025-02-01,"Middle East",Yemen,Amran,"Violence against civilians",Attack,2,3,"26,450","Political violence",16.116,43.941
2025-02-01,"Middle East",Yemen,Dhamar,"Violence against civilians","Abduction/forced disappearance",2,0,"27,300","Political violence",14.540,44.306
2025-02-01,"Middle East",Yemen,Hadramawt,Protests,"Peaceful protest",1,0,"10,172",Demonstrations,16.529,48.627
2025-02-01,"Middle East",Yemen,Hadramawt,"Strategic developments",Other,1,0,0,"Strategic developments",16.529,48.627
2025-02-01,"Middle East",Yemen,Hadramawt,"Strategic developments",Arrests,1,0,0,"Strategic developments",16.529,48.627
2025-02-01,"Middle East",Yemen,Hajjah,Protests,"Peaceful protest",23,0,"224,974",Demonstrations,16.094,43.204
2025-02-01,"Middle East",Yemen,Ibb,"Violence against civilians",Attack,3,4,"88,586","Political violence",14.088,44.175
2025-02-01,"Middle East",Yemen,Ibb,Protests,"Peaceful protest",2,0,"4,921",Demonstrations,14.088,44.175
2025-02-01,"Middle East",Yemen,Ibb,Battles,"Armed clash",2,1,"235,343","Political violence",14.088,44.175
2025-02-01,"Middle East",Yemen,Lahij,Battles,"Armed clash",14,9,"242,052","Political violence",13.320,44.762
2025-02-01,"Middle East",Yemen,Lahij,"Violence against civilians",Attack,2,3,"35,776","Political violence",13.320,44.762
2025-02-01,"Middle East",Yemen,Lahij,Riots,"Violent demonstration",2,0,"86,419",Demonstrations,13.320,44.762
2025-02-01,"Middle East",Yemen,Lahij,"Explosions/Remote violence","Shelling/artillery/missile attack",1,0,"10,590","Political violence",13.320,44.762
2025-02-01,"Middle East",Yemen,Lahij,"Strategic developments","Disrupted weapons use",1,0,0,"Strategic developments",13.320,44.762
2025-02-01,"Middle East",Yemen,Marib,"Violence against civilians",Attack,2,2,"39,024","Political violence",15.333,45.452
2025-02-01,"Middle East",Yemen,Marib,"Strategic developments","Change to group/activity",4,0,0,"Strategic developments",15.333,45.452
2025-02-01,"Middle East",Yemen,Marib,Protests,"Peaceful protest",2,0,"15,557",Demonstrations,15.333,45.452
2025-02-01,"Middle East",Yemen,Marib,"Explosions/Remote violence","Shelling/artillery/missile attack",1,0,"43,812","Political violence",15.333,45.452
2025-02-01,"Middle East",Yemen,Marib,Battles,"Armed clash",5,0,"8,725","Political violence",15.333,45.452
2025-02-01,"Middle East",Yemen,Marib,"Explosions/Remote violence","Remote explosive/landmine/IED",1,2,"9,175","Political violence",15.333,45.452
2025-02-01,"Middle East",Yemen,Raymah,Protests,"Peaceful protest",1,0,"3,016",Demonstrations,14.657,43.687
2025-02-01,"Middle East",Yemen,Sadah,Protests,"Peaceful protest",1,0,"6,302",Demonstrations,17.088,44.042
2025-02-01,"Middle East",Yemen,Sadah,"Explosions/Remote violence","Shelling/artillery/missile attack",1,0,"4,471","Political violence",17.088,44.042
2025-02-01,"Middle East",Yemen,Sanaa,"Strategic developments","Change to group/activity",2,0,0,"Strategic developments",15.393,44.475
2025-02-01,"Middle East",Yemen,Sanaa,Protests,"Peaceful protest",1,0,"1,045",Demonstrations,15.393,44.475
2025-02-01,"Middle East",Yemen,Sanaa,"Strategic developments","Looting/property destruction",1,0,0,"Strategic developments",15.393,44.475
2025-02-01,"Middle East",Yemen,Sanaa,"Explosions/Remote violence","Remote explosive/landmine/IED",1,1,84,"Political violence",15.393,44.475
2025-02-01,"Middle East",Yemen,Shabwah,Battles,"Armed clash",5,2,"22,976","Political violence",14.651,46.620
2025-02-01,"Middle East",Yemen,Taizz,"Strategic developments","Change to group/activity",4,0,0,"Strategic developments",13.295,43.786
2025-02-01,"Middle East",Yemen,Taizz,Protests,"Peaceful protest",5,0,"45,629",Demonstrations,13.295,43.786
2025-02-01,"Middle East",Yemen,Taizz,"Violence against civilians",Attack,1,1,"29,531","Political violence",13.295,43.786
2025-02-01,"Middle East",Yemen,Taizz,Battles,"Armed clash",1,0,"1,406","Political violence",13.295,43.786
2025-02-08,"International Waters","Indian Ocean","North Indian Ocean",Battles,"Armed clash",1,0,0,"Political violence",13.728,70.473
2025-02-08,"International Waters","Indian Ocean","North Indian Ocean","Strategic developments","Disrupted weapons use",1,0,0,"Strategic developments",13.728,70.473
2025-02-08,"International Waters","Indian Ocean","North Indian Ocean","Strategic developments","Change to group/activity",1,0,0,"Strategic developments",13.728,70.473
2025-02-08,"Middle East",Yemen,Abyan,Battles,"Armed clash",2,0,"1,068","Political violence",13.627,46.228
2025-02-08,"Middle East",Yemen,Abyan,Riots,"Violent demonstration",1,0,"40,172",Demonstrations,13.627,46.228
2025-02-08,"Middle East",Yemen,Abyan,Protests,"Peaceful protest",6,0,"86,020",Demonstrations,13.627,46.228
2025-02-08,"Middle East",Yemen,"Ad Dali",Protests,"Peaceful protest",5,0,"90,406",Demonstrations,13.894,44.783
2025-02-08,"Middle East",Yemen,"Ad Dali",Battles,"Armed clash",6,8,"9,980","Political violence",13.894,44.783
2025-02-08,"Middle East",Yemen,"Ad Dali","Strategic developments","Change to group/activity",1,0,0,"Strategic developments",13.894,44.783
2025-02-08,"Middle East",Yemen,"Ad Dali",Protests,"Protest with intervention",1,0,"25,827",Demonstrations,13.894,44.783
2025-02-08,"Middle East",Yemen,Aden,Riots,"Violent demonstration",3,0,"27,393",Demonstrations,12.806,44.788
2025-02-08,"Middle East",Yemen,Aden,Protests,"Peaceful protest",5,0,"108,541",Demonstrations,12.806,44.788
2025-02-08,"Middle East",Yemen,Aden,Battles,"Armed clash",1,0,"25,769","Political violence",12.806,44.788
2025-02-08,"Middle East",Yemen,Aden,Protests,"Protest with intervention",1,0,"35,295",Demonstrations,12.806,44.788
2025-02-08,"Middle East",Yemen,Aden,"Strategic developments",Arrests,1,0,0,"Strategic developments",12.806,44.788
2025-02-08,"Middle East",Yemen,"Al Bayda","Strategic developments","Headquarters or base established",1,0,0,"Strategic developments",14.326,45.216
2025-02-08,"Middle East",Yemen,"Al Bayda","Violence against civilians",Attack,2,2,"102,624","Political violence",14.326,45.216
2025-02-08,"Middle East",Yemen,"Al Bayda",Battles,"Armed clash",2,5,"96,418","Political violence",14.326,45.216
2025-02-08,"Middle East",Yemen,"Al Bayda",Protests,"Peaceful protest",2,0,"42,331",Demonstrations,14.326,45.216
2025-02-08,"Middle East",Yemen,"Al Hudaydah",Protests,"Peaceful protest",2,0,"48,117",Demonstrations,14.779,43.218
2025-02-08,"Middle East",Yemen,"Al Hudaydah",Battles,"Armed clash",1,0,"1,342","Political violence",14.779,43.218
2025-02-08,"Middle East",Yemen,"Al Jawf",Battles,"Armed clash",5,3,"8,955","Political violence",16.596,45.599
2025-02-08,"Middle East",Yemen,"Al Jawf",Protests,"Peaceful protest",12,0,"71,485",Demonstrations,16.596,45.599
2025-02-08,"Middle East",Yemen,"Al Mahrah","Strategic developments","Change to group/activity",2,0,0,"Strategic developments",17.057,51.824
2025-02-08,"Middle East",Yemen,"Al Mahrah",Battles,"Armed clash",2,0,"2,037","Political violence",17.057,51.824
2025-02-08,"Middle East",Yemen,"Al Mahrah",Protests,"Peaceful protest",1,0,"1,206",Demonstrations,17.057,51.824
2025-02-08,"Middle East",Yemen,"Al Mahwit",Protests,"Peaceful protest",8,0,"95,166",Demonstrations,15.308,43.499
2025-02-08,"Middle East",Yemen,"Amanat al Asimah","Violence against civilians","Abduction/forced disappearance",1,0,"47,462","Political violence",15.420,44.192
2025-02-08,"Middle East",Yemen,"Amanat al Asimah",Protests,"Peaceful protest",3,0,"127,760",Demonstrations,15.420,44.192
2025-02-08,"Middle East",Yemen,"Amanat al Asimah","Strategic developments","Looting/property destruction",1,0,0,"Strategic developments",15.420,44.192
2025-02-08,"Middle East",Yemen,"Amanat al Asimah",Battles,"Armed clash",1,1,"71,284","Political violence",15.420,44.192
2025-02-08,"Middle East",Yemen,Amran,Protests,"Peaceful protest",2,0,"48,266",Demonstrations,16.116,43.941
2025-02-08,"Middle East",Yemen,Dhamar,Battles,"Armed clash",2,0,"28,189","Political violence",14.540,44.306
2025-02-08,"Middle East",Yemen,Dhamar,Protests,"Peaceful protest",1,0,"56,090",Demonstrations,14.540,44.306
2025-02-08,"Middle East",Yemen,Hadramawt,Protests,"Peaceful protest",3,0,"74,527",Demonstrations,16.529,48.627
2025-02-08,"Middle East",Yemen,Hadramawt,"Strategic developments",Arrests,1,0,0,"Strategic developments",16.529,48.627
2025-02-08,"Middle East",Yemen,Hadramawt,"Violence against civilians",Attack,2,1,"74,081","Political violence",16.529,48.627
2025-02-08,"Middle East",Yemen,Hajjah,Protests,"Peaceful protest",22,0,"121,279",Demonstrations,16.094,43.204
2025-02-08,"Middle East",Yemen,Ibb,Protests,"Peaceful protest",59,0,"453,658",Demonstrations,14.088,44.175
2025-02-08,"Middle East",Yemen,Ibb,Battles,"Armed clash",1,2,"37,542","Political violence",14.088,44.175
2025-02-08,"Middle East",Yemen,Ibb,"Strategic developments","Looting/property destruction",1,0,0,"Strategic developments",14.088,44.175
2025-02-08,"Middle East",Yemen,Lahij,Protests,"Peaceful protest",3,0,"65,729",Demonstrations,13.320,44.762
2025-02-08,"Middle East",Yemen,Lahij,Riots,"Violent demonstration",2,0,"86,419",Demonstrations,13.320,44.762
2025-02-08,"Middle East",Yemen,Lahij,Battles,"Armed clash",12,5,"67,181","Political violence",13.320,44.762
2025-02-08,"Middle East",Yemen,Marib,Protests,"Peaceful protest",15,0,"33,417",Demonstrations,15.333,45.452
2025-02-08,"Middle East",Yemen,Marib,Battles,"Armed clash",5,8,"1,107","Political violence",15.333,45.452
2025-02-08,"Middle East",Yemen,Marib,"Explosions/Remote violence","Shelling/artillery/missile attack",1,0,35,"Political violence",15.333,45.452
2025-02-08,"Middle East",Yemen,Marib,"Violence against civilians",Attack,1,0,"2,974","Political violence",15.333,45.452
2025-02-08,"Middle East",Yemen,Raymah,Protests,"Peaceful protest",2,0,"3,016",Demonstrations,14.657,43.687
2025-02-08,"Middle East",Yemen,Sadah,Protests,"Peaceful protest",33,0,"165,068",Demonstrations,17.088,44.042
2025-02-08,"Middle East",Yemen,Sadah,"Explosions/Remote violence","Shelling/artillery/missile attack",5,0,"45,826","Political violence",17.088,44.042
2025-02-08,"Middle East",Yemen,Sadah,"Violence against civilians",Attack,1,1,"135,077","Political violence",17.088,44.042
2025-02-08,"Middle East",Yemen,Sanaa,"Violence against civilians",Attack,1,1,"20,725","Political violence",15.393,44.475
2025-02-08,"Middle East",Yemen,Sanaa,Protests,"Peaceful protest",1,0,"1,045",Demonstrations,15.393,44.475
2025-02-08,"Middle East",Yemen,Shabwah,Battles,"Armed clash",3,5,"8,750","Political violence",14.651,46.620
2025-02-08,"Middle East",Yemen,Shabwah,"Violence against civilians",Attack,1,1,456,"Political violence",14.651,46.620
2025-02-08,"Middle East",Yemen,Shabwah,"Explosions/Remote violence","Air/drone strike",3,2,"72,269","Political violence",14.651,46.620
2025-02-08,"Middle East",Yemen,Shabwah,"Strategic developments","Looting/property destruction",1,0,0,"Strategic developments",14.651,46.620
2025-02-08,"Middle East",Yemen,Taizz,"Violence against civilians",Attack,1,0,"33,299","Political violence",13.295,43.786
2025-02-08,"Middle East",Yemen,Taizz,Battles,"Armed clash",1,0,"3,956","Political violence",13.295,43.786
2025-02-08,"Middle East",Yemen,Taizz,"Strategic developments","Change to group/activity",1,0,0,"Strategic developments",13.295,43.786
2025-02-08,"Middle East",Yemen,Taizz,"Strategic developments",Arrests,1,0,0,"Strategic developments",13.295,43.786
2025-02-08,"Middle East",Yemen,Taizz,Protests,"Peaceful protest",43,0,"324,582",Demonstrations,13.295,43.786
2025-02-08,"Middle East",Yemen,Taizz,"Explosions/Remote violence","Shelling/artillery/missile attack",1,0,"24,805","Political violence",13.295,43.786
2025-02-15,"International Waters","Indian Ocean","North Indian Ocean","Explosions/Remote violence","Shelling/artillery/missile attack",1,0,0,"Political violence",13.728,70.473
2025-02-15,"Middle East",Yemen,Abyan,Battles,"Armed clash",6,2,"14,355","Political violence",13.627,46.228
2025-02-15,"Middle East",Yemen,Abyan,"Violence against civilians",Attack,2,0,"40,172","Political violence",13.627,46.228
2025-02-15,"Middle East",Yemen,Abyan,Protests,"Peaceful protest",4,0,"55,325",Demonstrations,13.627,46.228
2025-02-15,"Middle East",Yemen,"Ad Dali",Battles,"Armed clash",10,32,"134,508","Political violence",13.894,44.783
2025-02-15,"Middle East",Yemen,"Ad Dali","Violence against civilians","Abduction/forced disappearance",1,0,"45,259","Political violence",13.894,44.783
2025-02-15,"Middle East",Yemen,"Ad Dali","Strategic developments",Other,2,0,0,"Strategic developments",13.894,44.783
2025-02-15,"Middle East",Yemen,"Ad Dali",Riots,"Violent demonstration",1,0,"74,338",Demonstrations,13.894,44.783
2025-02-15,"Middle East",Yemen,Aden,"Strategic developments",Other,1,0,0,"Strategic developments",12.806,44.788
2025-02-15,"Middle East",Yemen,Aden,"Violence against civilians",Attack,1,0,"25,533","Political violence",12.806,44.788
2025-02-15,"Middle East",Yemen,Aden,Protests,"Peaceful protest",10,0,"89,711",Demonstrations,12.806,44.788
2025-02-15,"Middle East",Yemen,Aden,"Strategic developments","Change to group/activity",4,0,0,"Strategic developments",12.806,44.788
2025-02-15,"Middle East",Yemen,Aden,Protests,"Excessive force against protesters",1,0,"6,065","Political violence; Demonstrations",12.806,44.788
2025-02-15,"Middle East",Yemen,Aden,"Violence against civilians","Abduction/forced disappearance",4,0,"63,859","Political violence",12.806,44.788
2025-02-15,"Middle East",Yemen,"Al Bayda","Violence against civilians",Attack,2,4,"83,969","Political violence",14.326,45.216
2025-02-15,"Middle East",Yemen,"Al Bayda",Battles,"Armed clash",1,0,"15,179","Political violence",14.326,45.216
2025-02-15,"Middle East",Yemen,"Al Hudaydah",Battles,"Armed clash",7,0,"13,291","Political violence",14.779,43.218
2025-02-15,"Middle East",Yemen,"Al Hudaydah","Explosions/Remote violence","Air/drone strike",1,2,591,"Political violence",14.779,43.218
2025-02-15,"Middle East",Yemen,"Al Hudaydah","Violence against civilians",Attack,1,1,"24,698","Political violence",14.779,43.218
2025-02-15,"Middle East",Yemen,"Al Hudaydah","Explosions/Remote violence","Remote explosive/landmine/IED",1,1,"3,611","Political violence",14.779,43.218
2025-02-15,"Middle East",Yemen,"Al Hudaydah",Protests,"Peaceful protest",2,0,"48,117",Demonstrations,14.779,43.218
2025-02-15,"Middle East",Yemen,"Al Jawf",Battles,"Armed clash",2,7,0,"Political violence",16.596,45.599
2025-02-15,"Middle East",Yemen,"Al Jawf","Explosions/Remote violence","Shelling/artillery/missile attack",1,0,"52,174","Political violence",16.596,45.599
2025-02-15,"Middle East",Yemen,"Al Jawf","Strategic developments","Looting/property destruction",1,0,0,"Strategic developments",16.596,45.599
2025-02-15,"Middle East",Yemen,"Amanat al Asimah",Protests,"Peaceful protest",1,0,"47,396",Demonstrations,15.420,44.192
2025-02-15,"Middle East",Yemen,"Amanat al Asimah","Strategic developments","Looting/property destruction",1,0,0,"Strategic developments",15.420,44.192
2025-02-15,"Middle East",Yemen,"Amanat al Asimah","Explosions/Remote violence","Shelling/artillery/missile attack",1,0,"47,462","Political violence",15.420,44.192
2025-02-15,"Middle East",Yemen,Amran,"Violence against civilians","Abduction/forced disappearance",1,0,"82,929","Political violence",16.116,43.941
2025-02-15,"Middle East",Yemen,Dhamar,Protests,"Peaceful protest",1,0,"56,090",Demonstrations,14.540,44.306
2025-02-15,"Middle East",Yemen,Hadramawt,"Strategic developments",Other,1,0,0,"Strategic developments",16.529,48.627
2025-02-15,"Middle East",Yemen,Hadramawt,Battles,"Armed clash",1,1,"1,774","Political violence",16.529,48.627
2025-02-15,"Middle East",Yemen,Hajjah,Protests,"Peaceful protest",2,0,"18,785",Demonstrations,16.094,43.204
2025-02-15,"Middle East",Yemen,Hajjah,"Violence against civilians",Attack,1,2,"9,639","Political violence",16.094,43.204
2025-02-15,"Middle East",Yemen,Ibb,Protests,"Peaceful protest",27,0,"324,148",Demonstrations,14.088,44.175
2025-02-15,"Middle East",Yemen,Ibb,"Violence against civilians",Attack,4,1,"300,126","Political violence",14.088,44.175
2025-02-15,"Middle East",Yemen,Ibb,"Strategic developments",Arrests,1,0,0,"Strategic developments",14.088,44.175
2025-02-15,"Middle East",Yemen,Lahij,"Strategic developments",Arrests,1,0,0,"Strategic developments",13.320,44.762
2025-02-15,"Middle East",Yemen,Lahij,"Explosions/Remote violence","Remote explosive/landmine/IED",1,1,722,"Political violence",13.320,44.762
2025-02-15,"Middle East",Yemen,Lahij,Battles,"Armed clash",9,4,"60,526","Political violence",13.320,44.762
2025-02-15,"Middle East",Yemen,Marib,Battles,"Armed clash",7,34,"8,865","Political violence",15.333,45.452
2025-02-15,"Middle East",Yemen,Marib,"Strategic developments","Looting/property destruction",1,0,0,"Strategic developments",15.333,45.452
2025-02-15,"Middle East",Yemen,Marib,"Strategic developments","Change to group/activity",1,0,0,"Strategic developments",15.333,45.452
2025-02-15,"Middle East",Yemen,Marib,"Violence against civilians",Attack,1,0,"28,499","Political violence",15.333,45.452
2025-02-15,"Middle East",Yemen,Marib,Protests,"Peaceful protest",2,0,"22,962",Demonstrations,15.333,45.452
2025-02-15,"Middle East",Yemen,Raymah,Protests,"Peaceful protest",1,0,"3,016",Demonstrations,14.657,43.687
2025-02-15,"Middle East",Yemen,Sadah,"Explosions/Remote violence","Shelling/artillery/missile attack",1,0,"20,924","Political violence",17.088,44.042
2025-02-15,"Middle East",Yemen,Sanaa,"Strategic developments","Looting/property destruction",1,0,0,"Strategic developments",15.393,44.475
2025-02-15,"Middle East",Yemen,Shabwah,"Strategic developments","Looting/property destruction",1,0,0,"Strategic developments",14.651,46.620
2025-02-15,"Middle East",Yemen,Shabwah,"Strategic developments","Disrupted weapons use",1,0,0,"Strategic developments",14.651,46.620
2025-02-15,"Middle East",Yemen,Shabwah,"Explosions/Remote violence","Remote explosive/landmine/IED",1,0,"27,509","Political violence",14.651,46.620
2025-02-15,"Middle East",Yemen,Shabwah,Battles,"Armed clash",4,0,"8,933","Political violence",14.651,46.620
2025-02-15,"Middle East",Yemen,Suqutra,Protests,"Protest with intervention",1,0,"1,180",Demonstrations,12.508,53.893
2025-02-15,"Middle East",Yemen,Taizz,Protests,"Peaceful protest",7,0,"100,421",Demonstrations,13.295,43.786
2025-02-15,"Middle East",Yemen,Taizz,"Explosions/Remote violence","Shelling/artillery/missile attack",3,0,"99,874","Political violence",13.295,43.786
2025-02-15,"Middle East",Yemen,Taizz,"Violence against civilians","Abduction/forced disappearance",1,0,"13,923","Political violence",13.295,43.786
2025-02-15,"Middle East",Yemen,Taizz,Battles,"Armed clash",1,3,"7,666","Political violence",13.295,43.786
2025-02-15,"Middle East",Yemen,Taizz,"Strategic developments","Change to group/activity",2,0,0,"Strategic developments",13.295,43.786
2025-02-15,"Middle East",Yemen,Taizz,"Violence against civilians",Attack,1,1,"13,561","Political violence",13.295,43.786
2025-02-15,"Middle East",Yemen,Taizz,"Strategic developments","Looting/property destruction",1,0,0,"Strategic developments",13.295,43.786
2025-02-22,"Middle East",Yemen,Abyan,Battles,"Government regains territory",5,4,"25,293","Political violence",13.627,46.228
2025-02-22,"Middle East",Yemen,Abyan,Protests,"Peaceful protest",1,0,"13,203",Demonstrations,13.627,46.228
2025-02-22,"Middle East",Yemen,Abyan,"Explosions/Remote violence","Shelling/artillery/missile attack",2,0,"20,245","Political violence",13.627,46.228
2025-02-22,"Middle East",Yemen,Abyan,Battles,"Armed clash",3,2,"36,422","Political violence",13.627,46.228
2025-02-22,"Middle East",Yemen,"Ad Dali",Battles,"Armed clash",6,17,"15,556","Political violence",13.894,44.783
2025-02-22,"Middle East",Yemen,"Ad Dali","Violence against civilians",Attack,1,0,"1,012","Political violence",13.894,44.783
2025-02-22,"Middle East",Yemen,Aden,"Violence against civilians",Attack,1,1,"50,331","Political violence",12.806,44.788
2025-02-22,"Middle East",Yemen,Aden,Protests,"Peaceful protest",5,0,"67,317",Demonstrations,12.806,44.788
2025-02-22,"Middle East",Yemen,Aden,"Strategic developments",Other,1,0,0,"Strategic developments",12.806,44.788
2025-02-22,"Middle East",Yemen,"Al Bayda","Strategic developments","Change to group/activity",2,0,0,"Strategic developments",14.326,45.216
2025-02-22,"Middle East",Yemen,"Al Bayda","Explosions/Remote violence",Grenade,1,0,"83,969","Political violence",14.326,45.216
2025-02-22,"Middle East",Yemen,"Al Bayda",Battles,"Armed clash",2,0,"99,148","Political violence",14.326,45.216
2025-02-22,"Middle East",Yemen,"Al Bayda","Strategic developments",Arrests,1,0,0,"Strategic developments",14.326,45.216
2025-02-22,"Middle East",Yemen,"Al Hudaydah","Strategic developments",Other,1,0,0,"Strategic developments",14.779,43.218
2025-02-22,"Middle East",Yemen,"Al Hudaydah",Protests,"Peaceful protest",1,0,"28,197",Demonstrations,14.779,43.218
2025-02-22,"Middle East",Yemen,"Al Hudaydah","Explosions/Remote violence","Shelling/artillery/missile attack",1,0,"2,430","Political violence",14.779,43.218
2025-02-22,"Middle East",Yemen,"Al Hudaydah","Violence against civilians","Abduction/forced disappearance",1,0,"15,560","Political violence",14.779,43.218
2025-02-22,"Middle East",Yemen,"Al Hudaydah",Battles,"Armed clash",7,0,"13,291","Political violence",14.779,43.218
2025-02-22,"Middle East",Yemen,"Al Jawf",Battles,"Armed clash",4,3,"4,775","Political violence",16.596,45.599
2025-02-22,"Middle East",Yemen,"Amanat al Asimah","Strategic developments",Other,1,0,0,"Strategic developments",15.420,44.192
2025-02-22,"Middle East",Yemen,"Amanat al Asimah","Violence against civilians","Abduction/forced disappearance",2,0,"148,210","Political violence",15.420,44.192
2025-02-22,"Middle East",Yemen,"Amanat al Asimah","Strategic developments","Change to group/activity",1,0,0,"Strategic developments",15.420,44.192
2025-02-22,"Middle East",Yemen,"Amanat al Asimah",Protests,"Peaceful protest",2,0,"67,239",Demonstrations,15.420,44.192
2025-02-22,"Middle East",Yemen,"Amanat al Asimah","Violence against civilians",Attack,1,0,"54,935","Political violence",15.420,44.192
2025-02-22,"Middle East",Yemen,Amran,"Strategic developments","Change to group/activity",1,0,0,"Strategic developments",16.116,43.941
2025-02-22,"Middle East",Yemen,Amran,"Strategic developments","Looting/property destruction",1,0,0,"Strategic developments",16.116,43.941
2025-02-22,"Middle East",Yemen,Dhamar,Protests,"Peaceful protest",1,0,828,Demonstrations,14.540,44.306
2025-02-22,"Middle East",Yemen,Dhamar,"Strategic developments","Change to group/activity",1,0,0,"Strategic developments",14.540,44.306
2025-02-22,"Middle East",Yemen,Hadramawt,Battles,"Armed clash",1,0,"59,398","Political violence",16.529,48.627
2025-02-22,"Middle East",Yemen,Hadramawt,Protests,"Peaceful protest",3,0,"28,718",Demonstrations,16.529,48.627
2025-02-22,"Middle East",Yemen,Hajjah,"Violence against civilians","Abduction/forced disappearance",1,0,"30,556","Political violence",16.094,43.204
2025-02-22,"Middle East",Yemen,Hajjah,"Strategic developments","Change to group/activity",1,0,0,"Strategic developments",16.094,43.204
2025-02-22,"Middle East",Yemen,Ibb,Battles,"Armed clash",1,1,"17,011","Political violence",14.088,44.175
2025-02-22,"Middle East",Yemen,Ibb,"Violence against civilians","Abduction/forced disappearance",1,0,"73,232","Political violence",14.088,44.175
2025-02-22,"Middle East",Yemen,Ibb,Protests,"Peaceful protest",1,0,"34,454",Demonstrations,14.088,44.175
2025-02-22,"Middle East",Yemen,Lahij,Riots,"Violent demonstration",1,0,"24,903",Demonstrations,13.320,44.762
2025-02-22,"Middle East",Yemen,Lahij,"Explosions/Remote violence","Remote explosive/landmine/IED",1,1,"49,319","Political violence",13.320,44.762
2025-02-22,"Middle East",Yemen,Lahij,Battles,"Armed clash",6,6,"9,298","Political violence",13.320,44.762
2025-02-22,"Middle East",Yemen,Marib,"Explosions/Remote violence","Shelling/artillery/missile attack",1,0,"3,438","Political violence",15.333,45.452
2025-02-22,"Middle East",Yemen,Marib,"Explosions/Remote violence","Remote explosive/landmine/IED",1,0,"5,106","Political violence",15.333,45.452
2025-02-22,"Middle East",Yemen,Marib,Battles,"Armed clash",2,3,"2,096","Political violence",15.333,45.452
2025-02-22,"Middle East",Yemen,Marib,Protests,"Peaceful protest",1,0,0,Demonstrations,15.333,45.452
2025-02-22,"Middle East",Yemen,Raymah,Protests,"Peaceful protest",1,0,"5,581",Demonstrations,14.657,43.687
2025-02-22,"Middle East",Yemen,Sadah,"Violence against civilians",Attack,1,1,"62,541","Political violence",17.088,44.042
2025-02-22,"Middle East",Yemen,Sadah,"Explosions/Remote violence","Remote explosive/landmine/IED",1,0,"2,830","Political violence",17.088,44.042
2025-02-22,"Middle East",Yemen,Sanaa,"Strategic developments","Looting/property destruction",1,0,0,"Strategic developments",15.393,44.475
2025-02-22,"Middle East",Yemen,Shabwah,Protests,"Protest with intervention",1,0,"5,815",Demonstrations,14.651,46.620
2025-02-22,"Middle East",Yemen,Shabwah,Battles,"Armed clash",4,0,"11,880","Political violence",14.651,46.620
2025-02-22,"Middle East",Yemen,Shabwah,"Strategic developments","Looting/property destruction",1,0,0,"Strategic developments",14.651,46.620
2025-02-22,"Middle East",Yemen,Shabwah,"Strategic developments",Other,1,0,0,"Strategic developments",14.651,46.620
2025-02-22,"Middle East",Yemen,Shabwah,"Strategic developments",Arrests,1,0,0,"Strategic developments",14.651,46.620
2025-02-22,"Middle East",Yemen,Suqutra,Protests,"Peaceful protest",1,0,"1,180",Demonstrations,12.508,53.893
2025-02-22,"Middle East",Yemen,Taizz,"Explosions/Remote violence","Remote explosive/landmine/IED",3,4,"73,979","Political violence",13.295,43.786
2025-02-22,"Middle East",Yemen,Taizz,Protests,"Protest with intervention",1,0,"31,615",Demonstrations,13.295,43.786
2025-02-22,"Middle East",Yemen,Taizz,Battles,"Armed clash",6,8,"106,105","Political violence",13.295,43.786
2025-02-22,"Middle East",Yemen,Taizz,Riots,"Violent demonstration",1,0,"6,310",Demonstrations,13.295,43.786
2025-02-22,"Middle East",Yemen,Taizz,"Strategic developments","Looting/property destruction",2,0,0,"Strategic developments",13.295,43.786
2025-02-22,"Middle East",Yemen,Taizz,"Explosions/Remote violence","Shelling/artillery/missile attack",2,0,"43,060","Political violence",13.295,43.786
2025-02-22,"Middle East",Yemen,Taizz,"Explosions/Remote violence","Air/drone strike",1,0,"17,107","Political violence",13.295,43.786
2025-03-01,"Middle East",Yemen,Abyan,Battles,"Armed clash",6,0,"26,645","Political violence",13.627,46.228
2025-03-01,"Middle East",Yemen,Abyan,"Explosions/Remote violence","Shelling/artillery/missile attack",2,0,"20,245","Political violence",13.627,46.228
2025-03-01,"Middle East",Yemen,Abyan,Protests,"Peaceful protest",1,0,"13,203",Demonstrations,13.627,46.228
2025-03-01,"Middle East",Yemen,Abyan,"Strategic developments","Looting/property destruction",1,0,0,"Strategic developments",13.627,46.228
2025-03-01,"Middle East",Yemen,Abyan,"Violence against civilians",Attack,2,1,"41,742","Political violence",13.627,46.228
2025-03-01,"Middle East",Yemen,"Ad Dali","Explosions/Remote violence","Air/drone strike",1,1,"7,560","Political violence",13.894,44.783
2025-03-01,"Middle East",Yemen,"Ad Dali",Battles,"Armed clash",7,5,"15,130","Political violence",13.894,44.783
2025-03-01,"Middle East",Yemen,Aden,Battles,"Armed clash",1,1,"43,331","Political violence",12.806,44.788
2025-03-01,"Middle East",Yemen,Aden,Protests,"Peaceful protest",1,0,"7,624",Demonstrations,12.806,44.788
2025-03-01,"Middle East",Yemen,Aden,"Strategic developments","Looting/property destruction",1,0,0,"Strategic developments",12.806,44.788
2025-03-01,"Middle East",Yemen,Aden,"Violence against civilians",Attack,1,0,"10,882","Political violence",12.806,44.788
2025-03-01,"Middle East",Yemen,"Al Bayda",Battles,"Armed clash",3,0,"15,179","Political violence",14.326,45.216
2025-03-01,"Middle East",Yemen,"Al Bayda","Violence against civilians",Attack,1,0,164,"Political violence",14.326,45.216
2025-03-01,"Middle East",Yemen,"Al Bayda",Protests,"Peaceful protest",2,0,"42,331",Demonstrations,14.326,45.216
2025-03-01,"Middle East",Yemen,"Al Hudaydah","Explosions/Remote violence","Remote explosive/landmine/IED",4,5,"60,357","Political violence",14.779,43.218
2025-03-01,"Middle East",Yemen,"Al Hudaydah",Protests,"Peaceful protest",2,0,"48,117",Demonstrations,14.779,43.218
2025-03-01,"Middle East",Yemen,"Al Hudaydah","Strategic developments","Looting/property destruction",1,0,0,"Strategic developments",14.779,43.218
2025-03-01,"Middle East",Yemen,"Al Hudaydah","Violence against civilians","Abduction/forced disappearance",1,0,"48,389","Political violence",14.779,43.218
2025-03-01,"Middle East",Yemen,"Al Jawf",Battles,"Armed clash",4,3,"11,096","Political violence",16.596,45.599
2025-03-01,"Middle East",Yemen,"Al Jawf","Explosions/Remote violence","Shelling/artillery/missile attack",1,0,"52,174","Political violence",16.596,45.599
2025-03-01,"Middle East",Yemen,"Amanat al Asimah","Strategic developments",Other,1,0,0,"Strategic developments",15.420,44.192
2025-03-01,"Middle East",Yemen,"Amanat al Asimah",Protests,"Peaceful protest",3,0,"114,635",Demonstrations,15.420,44.192
2025-03-01,"Middle East",Yemen,"Amanat al Asimah","Violence against civilians","Abduction/forced disappearance",1,0,"43,803","Political violence",15.420,44.192
2025-03-01,"Middle East",Yemen,Amran,"Violence against civilians","Abduction/forced disappearance",2,0,"87,147","Political violence",16.116,43.941
2025-03-01,"Middle East",Yemen,Dhamar,"Violence against civilians",Attack,2,0,"112,692","Political violence",14.540,44.306
2025-03-01,"Middle East",Yemen,Dhamar,"Violence against civilians","Abduction/forced disappearance",1,0,"112,692","Political violence",14.540,44.306
2025-03-01,"Middle East",Yemen,Hadramawt,Riots,"Violent demonstration",25,0,"116,550",Demonstrations,16.529,48.627
2025-03-01,"Middle East",Yemen,Hadramawt,Battles,"Armed clash",1,0,"17,461","Political violence",16.529,48.627
2025-03-01,"Middle East",Yemen,Hadramawt,Protests,"Peaceful protest",1,0,"26,022",Demonstrations,16.529,48.627
2025-03-01,"Middle East",Yemen,Hajjah,"Violence against civilians","Abduction/forced disappearance",1,0,"4,364","Political violence",16.094,43.204
2025-03-01,"Middle East",Yemen,Hajjah,"Strategic developments",Other,1,0,0,"Strategic developments",16.094,43.204
2025-03-01,"Middle East",Yemen,Ibb,"Violence against civilians",Attack,1,1,"9,472","Political violence",14.088,44.175
2025-03-01,"Middle East",Yemen,Ibb,"Strategic developments","Looting/property destruction",1,0,0,"Strategic developments",14.088,44.175
2025-03-01,"Middle East",Yemen,Ibb,"Violence against civilians","Abduction/forced disappearance",1,0,"15,048","Political violence",14.088,44.175
2025-03-01,"Middle East",Yemen,Ibb,Riots,"Mob violence",1,0,"50,844","Political violence",14.088,44.175
2025-03-01,"Middle East",Yemen,Lahij,"Violence against civilians","Abduction/forced disappearance",1,0,"55,783","Political violence",13.320,44.762
2025-03-01,"Middle East",Yemen,Lahij,Battles,"Armed clash",9,4,"68,497","Political violence",13.320,44.762
2025-03-01,"Middle East",Yemen,Marib,Battles,"Armed clash",11,34,"21,607","Political violence",15.333,45.452
2025-03-01,"Middle East",Yemen,Marib,"Explosions/Remote violence","Shelling/artillery/missile attack",2,0,63,"Political violence",15.333,45.452
2025-03-01,"Middle East",Yemen,Marib,"Strategic developments","Change to group/activity",4,0,0,"Strategic developments",15.333,45.452
2025-03-01,"Middle East",Yemen,Marib,"Violence against civilians",Attack,2,2,"34,667","Political violence",15.333,45.452
2025-03-01,"Middle East",Yemen,Marib,Protests,"Peaceful protest",1,0,"15,557",Demonstrations,15.333,45.452
2025-03-01,"Middle East",Yemen,Sadah,"Explosions/Remote violence","Shelling/artillery/missile attack",2,0,"25,312","Political violence",17.088,44.042
2025-03-01,"Middle East",Yemen,Shabwah,"Strategic developments",Arrests,2,0,0,"Strategic developments",14.651,46.620
2025-03-01,"Middle East",Yemen,Shabwah,"Explosions/Remote violence","Shelling/artillery/missile attack",1,0,"6,365","Political violence",14.651,46.620
2025-03-01,"Middle East",Yemen,Shabwah,Battles,"Armed clash",3,1,"8,224","Political violence",14.651,46.620
2025-03-01,"Middle East",Yemen,Shabwah,"Explosions/Remote violence","Remote explosive/landmine/IED",1,2,"28,650","Political violence",14.651,46.620
2025-03-01,"Middle East",Yemen,Suqutra,Protests,"Peaceful protest",1,0,"39,521",Demonstrations,12.508,53.893
2025-03-01,"Middle East",Yemen,Taizz,Battles,"Armed clash",1,0,"34,706","Political violence",13.295,43.786
2025-03-01,"Middle East",Yemen,Taizz,"Strategic developments","Change to group/activity",1,0,0,"Strategic developments",13.295,43.786
2025-03-01,"Middle East",Yemen,Taizz,Protests,"Peaceful protest",1,0,"23,798",Demonstrations,13.295,43.786
2025-03-01,"Middle East",Yemen,Taizz,Protests,"Protest with intervention",1,0,"23,798",Demonstrations,13.295,43.786
2025-03-01,"Middle East",Yemen,Taizz,"Explosions/Remote violence","Remote explosive/landmine/IED",1,1,"56,825","Political violence",13.295,43.786
2025-03-01,"Middle East",Yemen,Taizz,"Violence against civilians",Attack,1,0,"13,561","Political violence",13.295,43.786
2025-03-01,"Middle East",Yemen,Taizz,"Explosions/Remote violence","Shelling/artillery/missile attack",1,0,"4,954","Political violence",13.295,43.786
2025-03-08,"International Waters","Indian Ocean","North Indian Ocean","Strategic developments",Other,4,0,0,"Strategic developments",13.728,70.473
2025-03-08,"Middle East",Yemen,Abyan,"Explosions/Remote violence","Shelling/artillery/missile attack",1,0,"9,042","Political violence",13.627,46.228
2025-03-08,"Middle East",Yemen,Abyan,Battles,"Armed clash",3,0,"24,842","Political violence",13.627,46.228
2025-03-08,"Middle East",Yemen,Abyan,"Strategic developments","Change to group/activity",1,0,0,"Strategic developments",13.627,46.228
2025-03-08,"Middle East",Yemen,Abyan,"Explosions/Remote violence","Air/drone strike",2,0,"7,942","Political violence",13.627,46.228
2025-03-08,"Middle East",Yemen,Abyan,"Strategic developments",Other,1,0,0,"Strategic developments",13.627,46.228
2025-03-08,"Middle East",Yemen,"Ad Dali",Battles,"Armed clash",11,15,"15,984","Political violence",13.894,44.783
2025-03-08,"Middle East",Yemen,"Ad Dali","Strategic developments","Change to group/activity",1,0,0,"Strategic developments",13.894,44.783
2025-03-08,"Middle East",Yemen,"Ad Dali","Explosions/Remote violence","Remote explosive/landmine/IED",1,1,"37,911","Political violence",13.894,44.783
2025-03-08,"Middle East",Yemen,Aden,"Violence against civilians",Attack,1,1,"25,769","Political violence",12.806,44.788
2025-03-08,"Middle East",Yemen,Aden,Protests,"Peaceful protest",1,0,"3,542",Demonstrations,12.806,44.788
2025-03-08,"Middle East",Yemen,"Al Bayda",Battles,"Armed clash",2,0,"15,179","Political violence",14.326,45.216
2025-03-08,"Middle East",Yemen,"Al Hudaydah",Battles,"Armed clash",7,0,"13,291","Political violence",14.779,43.218
2025-03-08,"Middle East",Yemen,"Al Hudaydah","Strategic developments","Disrupted weapons use",1,3,0,"Strategic developments",14.779,43.218
2025-03-08,"Middle East",Yemen,"Al Hudaydah","Strategic developments","Change to group/activity",1,0,0,"Strategic developments",14.779,43.218
2025-03-08,"Middle East",Yemen,"Al Hudaydah","Explosions/Remote violence","Remote explosive/landmine/IED",1,0,"7,492","Political violence",14.779,43.218
2025-03-08,"Middle East",Yemen,"Al Hudaydah",Protests,"Peaceful protest",1,0,"48,117",Demonstrations,14.779,43.218
2025-03-08,"Middle East",Yemen,"Al Jawf","Explosions/Remote violence","Air/drone strike",1,0,"52,174","Political violence",16.596,45.599
2025-03-08,"Middle East",Yemen,"Al Jawf","Strategic developments","Change to group/activity",1,0,0,"Strategic developments",16.596,45.599
2025-03-08,"Middle East",Yemen,"Al Jawf",Protests,"Peaceful protest",1,0,"30,538",Demonstrations,16.596,45.599
2025-03-08,"Middle East",Yemen,"Amanat al Asimah",Protests,"Peaceful protest",11,0,"487,066",Demonstrations,15.420,44.192
2025-03-08,"Middle East",Yemen,"Amanat al Asimah",Battles,"Armed clash",1,0,"156,064","Political violence",15.420,44.192
2025-03-08,"Middle East",Yemen,"Amanat al Asimah","Strategic developments",Other,2,0,0,"Strategic developments",15.420,44.192
2025-03-08,"Middle East",Yemen,"Amanat al Asimah","Violence against civilians","Abduction/forced disappearance",1,0,"47,462","Political violence",15.420,44.192
2025-03-08,"Middle East",Yemen,Amran,Battles,"Armed clash",3,2,"150,994","Political violence",16.116,43.941
2025-03-08,"Middle East",Yemen,Amran,"Violence against civilians",Attack,2,2,"101,176","Political violence",16.116,43.941
2025-03-08,"Middle East",Yemen,Amran,"Violence against civilians","Abduction/forced disappearance",1,0,"26,834","Political violence",16.116,43.941
2025-03-08,"Middle East",Yemen,Amran,Protests,"Peaceful protest",1,0,"25,151",Demonstrations,16.116,43.941
2025-03-08,"Middle East",Yemen,Dhamar,Battles,"Armed clash",1,0,"24,315","Political violence",14.540,44.306
2025-03-08,"Middle East",Yemen,Dhamar,"Violence against civilians","Abduction/forced disappearance",1,0,"2,630","Political violence",14.540,44.306
2025-03-08,"Middle East",Yemen,Dhamar,Protests,"Peaceful protest",6,0,"35,878",Demonstrations,14.540,44.306
2025-03-08,"Middle East",Yemen,Hadramawt,Battles,"Armed clash",1,3,"4,812","Political violence",16.529,48.627
2025-03-08,"Middle East",Yemen,Hajjah,"Strategic developments",Other,1,0,0,"Strategic developments",16.094,43.204
2025-03-08,"Middle East",Yemen,Hajjah,Protests,"Peaceful protest",2,0,"20,973",Demonstrations,16.094,43.204
2025-03-08,"Middle East",Yemen,Ibb,"Strategic developments","Looting/property destruction",1,0,0,"Strategic developments",14.088,44.175
2025-03-08,"Middle East",Yemen,Ibb,"Violence against civilians","Abduction/forced disappearance",1,0,"186,138","Political violence",14.088,44.175
2025-03-08,"Middle East",Yemen,Ibb,"Strategic developments",Other,1,0,0,"Strategic developments",14.088,44.175
2025-03-08,"Middle East",Yemen,Ibb,Protests,"Peaceful protest",12,0,"67,628",Demonstrations,14.088,44.175
2025-03-08,"Middle East",Yemen,Ibb,"Violence against civilians",Attack,1,1,"44,855","Political violence",14.088,44.175
2025-03-08,"Middle East",Yemen,Lahij,Protests,"Peaceful protest",1,0,"46,960",Demonstrations,13.320,44.762
2025-03-08,"Middle East",Yemen,Lahij,"Strategic developments","Change to group/activity",1,0,0,"Strategic developments",13.320,44.762
2025-03-08,"Middle East",Yemen,Lahij,Battles,"Armed clash",8,2,"24,301","Political violence",13.320,44.762
2025-03-08,"Middle East",Yemen,Marib,"Strategic developments",Other,1,0,0,"Strategic developments",15.333,45.452
2025-03-08,"Middle East",Yemen,Marib,Battles,"Armed clash",12,14,"117,128","Political violence",15.333,45.452
2025-03-08,"Middle East",Yemen,Marib,"Explosions/Remote violence","Air/drone strike",3,0,"8,758","Political violence",15.333,45.452
2025-03-08,"Middle East",Yemen,Marib,Protests,"Peaceful protest",1,0,"15,557",Demonstrations,15.333,45.452
2025-03-08,"Middle East",Yemen,Raymah,Protests,"Peaceful protest",3,0,"8,634",Demonstrations,14.657,43.687
2025-03-08,"Middle East",Yemen,Sadah,"Strategic developments",Other,1,0,0,"Strategic developments",17.088,44.042
2025-03-08,"Middle East",Yemen,Sadah,Battles,"Armed clash",1,5,"20,924","Political violence",17.088,44.042
2025-03-08,"Middle East",Yemen,Sadah,Protests,"Peaceful protest",1,0,"52,055",Demonstrations,17.088,44.042
2025-03-08,"Middle East",Yemen,Sadah,"Explosions/Remote violence","Shelling/artillery/missile attack",1,1,291,"Political violence",17.088,44.042
2025-03-08,"Middle East",Yemen,Sanaa,Protests,"Peaceful protest",4,0,"3,049",Demonstrations,15.393,44.475
2025-03-08,"Middle East",Yemen,Shabwah,"Strategic developments",Arrests,1,0,0,"Strategic developments",14.651,46.620
2025-03-08,"Middle East",Yemen,Shabwah,Protests,"Peaceful protest",1,0,"1,799",Demonstrations,14.651,46.620
2025-03-08,"Middle East",Yemen,Shabwah,Battles,"Armed clash",2,0,"6,875","Political violence",14.651,46.620
2025-03-08,"Middle East",Yemen,Shabwah,"Strategic developments",Other,1,0,0,"Strategic developments",14.651,46.620
2025-03-08,"Middle East",Yemen,Taizz,"Violence against civilians",Attack,1,0,"1,116","Political violence",13.295,43.786
2025-03-08,"Middle East",Yemen,Taizz,"Explosions/Remote violence","Shelling/artillery/missile attack",1,0,"11,393","Political violence",13.295,43.786
2025-03-08,"Middle East",Yemen,Taizz,Battles,"Armed clash",9,4,"198,663","Political violence",13.295,43.786
2025-03-08,"Middle East",Yemen,Taizz,"Explosions/Remote violence","Remote explosive/landmine/IED",3,0,"28,571","Political violence",13.295,43.786
2025-03-08,"Middle East",Yemen,Taizz,"Strategic developments","Change to group/activity",1,0,0,"Strategic developments",13.295,43.786
2025-03-08,"Middle East",Yemen,Taizz,Protests,"Peaceful protest",1,0,"13,561",Demonstrations,13.295,43.786
2025-03-08,"Middle East",Yemen,Taizz,"Strategic developments","Looting/property destruction",1,0,0,"Strategic developments",13.295,43.786
2025-03-15,"International Waters","Indian Ocean","North Indian Ocean","Explosions/Remote violence","Shelling/artillery/missile attack",1,0,0,"Political violence",13.728,70.473
2025-03-15,"International Waters","Indian Ocean","North Indian Ocean","Strategic developments","Disrupted weapons use",3,0,0,"Strategic developments",13.728,70.473
2025-03-15,"International Waters","Indian Ocean","North Indian Ocean","Explosions/Remote violence","Air/drone strike",4,0,0,"Political violence",13.728,70.473
2025-03-15,"Middle East",Yemen,Abyan,"Explosions/Remote violence","Remote explosive/landmine/IED",2,0,"7,679","Political violence",13.627,46.228
2025-03-15,"Middle East",Yemen,Abyan,"Explosions/Remote violence","Air/drone strike",1,2,100,"Political violence",13.627,46.228
2025-03-15,"Middle East",Yemen,Abyan,Battles,"Armed clash",3,0,"16,431","Political violence",13.627,46.228
2025-03-15,"Middle East",Yemen,Abyan,"Explosions/Remote violence","Shelling/artillery/missile attack",2,0,"20,245","Political violence",13.627,46.228
2025-03-15,"Middle East",Yemen,"Ad Dali",Battles,"Armed clash",5,3,"13,741","Political violence",13.894,44.783
2025-03-15,"Middle East",Yemen,"Ad Dali","Explosions/Remote violence","Air/drone strike",1,0,"4,845","Political violence",13.894,44.783
2025-03-15,"Middle East",Yemen,"Ad Dali","Explosions/Remote violence",Grenade,1,0,"5,126","Political violence",13.894,44.783
2025-03-15,"Middle East",Yemen,"Ad Dali",Protests,"Peaceful protest",6,0,"81,581",Demonstrations,13.894,44.783
2025-03-15,"Middle East",Yemen,Aden,Protests,"Peaceful protest",1,0,"2,040",Demonstrations,12.806,44.788
2025-03-15,"Middle East",Yemen,Aden,"Violence against civilians",Attack,1,1,"37,989","Political violence",12.806,44.788
2025-03-15,"Middle East",Yemen,"Al Bayda",Protests,"Peaceful protest",5,0,"78,883",Demonstrations,14.326,45.216
2025-03-15,"Middle East",Yemen,"Al Bayda","Explosions/Remote violence","Air/drone strike",4,4,"166,448","Political violence",14.326,45.216
2025-03-15,"Middle East",Yemen,"Al Hudaydah","Violence against civilians",Attack,1,1,"18,661","Political violence",14.779,43.218
2025-03-15,"Middle East",Yemen,"Al Hudaydah",Protests,"Peaceful protest",3,0,"57,713",Demonstrations,14.779,43.218
2025-03-15,"Middle East",Yemen,"Al Hudaydah","Violence against civilians","Abduction/forced disappearance",2,0,"48,389","Political violence",14.779,43.218
2025-03-15,"Middle East",Yemen,"Al Hudaydah","Strategic developments","Looting/property destruction",2,0,0,"Strategic developments",14.779,43.218
2025-03-15,"Middle East",Yemen,"Al Hudaydah","Explosions/Remote violence","Air/drone strike",13,32,"213,757","Political violence",14.779,43.218
2025-03-15,"Middle East",Yemen,"Al Hudaydah",Battles,"Armed clash",13,0,"13,291","Political violence",14.779,43.218
2025-03-15,"Middle East",Yemen,"Al Jawf",Protests,"Peaceful protest",11,0,"97,519",Demonstrations,16.596,45.599
2025-03-15,"Middle East",Yemen,"Al Jawf",Battles,"Armed clash",1,0,0,"Political violence",16.596,45.599
2025-03-15,"Middle East",Yemen,"Al Jawf","Strategic developments","Disrupted weapons use",1,0,0,"Strategic developments",16.596,45.599
2025-03-15,"Middle East",Yemen,"Al Jawf","Explosions/Remote violence","Air/drone strike",2,4,"52,174","Political violence",16.596,45.599
2025-03-15,"Middle East",Yemen,"Amanat al Asimah",Protests,"Peaceful protest",3,0,"57,523",Demonstrations,15.420,44.192
2025-03-15,"Middle East",Yemen,"Amanat al Asimah","Violence against civilians","Abduction/forced disappearance",3,0,"47,462","Political violence",15.420,44.192
2025-03-15,"Middle East",Yemen,"Amanat al Asimah","Explosions/Remote violence","Air/drone strike",16,19,"522,970","Political violence",15.420,44.192
2025-03-15,"Middle East",Yemen,Amran,Protests,"Peaceful protest",1,0,"48,266",Demonstrations,16.116,43.941
2025-03-15,"Middle East",Yemen,Amran,Battles,"Armed clash",1,1,"3,336","Political violence",16.116,43.941
2025-03-15,"Middle East",Yemen,Amran,"Violence against civilians",Attack,1,0,557,"Political violence",16.116,43.941
2025-03-15,"Middle East",Yemen,Dhamar,"Explosions/Remote violence","Air/drone strike",2,0,"174,792","Political violence",14.540,44.306
2025-03-15,"Middle East",Yemen,Dhamar,"Strategic developments",Arrests,1,0,0,"Strategic developments",14.540,44.306
2025-03-15,"Middle East",Yemen,Dhamar,Protests,"Peaceful protest",1,0,"56,090",Demonstrations,14.540,44.306
2025-03-15,"Middle East",Yemen,Dhamar,"Strategic developments","Looting/property destruction",1,0,0,"Strategic developments",14.540,44.306
2025-03-15,"Middle East",Yemen,Hadramawt,Riots,"Violent demonstration",1,0,"16,513",Demonstrations,16.529,48.627
2025-03-15,"Middle East",Yemen,Hajjah,"Violence against civilians",Attack,1,2,"4,650","Political violence",16.094,43.204
2025-03-15,"Middle East",Yemen,Hajjah,"Explosions/Remote violence","Air/drone strike",2,4,"63,699","Political violence",16.094,43.204
2025-03-15,"Middle East",Yemen,Hajjah,Protests,"Peaceful protest",3,0,"20,973",Demonstrations,16.094,43.204
2025-03-15,"Middle East",Yemen,Ibb,Protests,"Peaceful protest",95,0,"638,186",Demonstrations,14.088,44.175
2025-03-15,"Middle East",Yemen,Ibb,"Violence against civilians",Attack,2,0,"86,943","Political violence",14.088,44.175
2025-03-15,"Middle East",Yemen,Ibb,"Violence against civilians","Abduction/forced disappearance",1,0,"3,011","Political violence",14.088,44.175
2025-03-15,"Middle East",Yemen,Ibb,Battles,"Armed clash",1,0,"217,957","Political violence",14.088,44.175
2025-03-15,"Middle East",Yemen,Lahij,Protests,"Peaceful protest",1,0,"1,076",Demonstrations,13.320,44.762
2025-03-15,"Middle East",Yemen,Lahij,Battles,"Armed clash",7,0,"61,901","Political violence",13.320,44.762
2025-03-15,"Middle East",Yemen,Marib,"Explosions/Remote violence","Air/drone strike",1,0,"2,440","Political violence",15.333,45.452
2025-03-15,"Middle East",Yemen,Marib,Protests,"Peaceful protest",15,0,"35,108",Demonstrations,15.333,45.452
2025-03-15,"Middle East",Yemen,Marib,Battles,"Armed clash",4,5,"10,132","Political violence",15.333,45.452
2025-03-15,"Middle East",Yemen,Raymah,Protests,"Peaceful protest",3,0,"3,016",Demonstrations,14.657,43.687
2025-03-15,"Middle East",Yemen,Raymah,"Violence against civilians","Abduction/forced disappearance",1,0,"6,087","Political violence",14.657,43.687
2025-03-15,"Middle East",Yemen,Sadah,"Violence against civilians","Abduction/forced disappearance",2,0,"66,627","Political violence",17.088,44.042
2025-03-15,"Middle East",Yemen,Sadah,Protests,"Peaceful protest",34,0,"147,830",Demonstrations,17.088,44.042
2025-03-15,"Middle East",Yemen,Sadah,"Explosions/Remote violence","Air/drone strike",13,14,"620,483","Political violence",17.088,44.042
2025-03-15,"Middle East",Yemen,Sadah,"Strategic developments","Looting/property destruction",1,0,0,"Strategic developments",17.088,44.042
2025-03-15,"Middle East",Yemen,Sanaa,Protests,"Peaceful protest",1,0,"12,871",Demonstrations,15.393,44.475
2025-03-15,"Middle East",Yemen,Sanaa,"Explosions/Remote violence","Air/drone strike",6,8,"135,526","Political violence",15.393,44.475
2025-03-15,"Middle East",Yemen,Shabwah,"Strategic developments","Looting/property destruction",1,0,0,"Strategic developments",14.651,46.620
2025-03-15,"Middle East",Yemen,Shabwah,Battles,"Armed clash",2,0,"5,828","Political violence",14.651,46.620
2025-03-15,"Middle East",Yemen,Shabwah,"Strategic developments",Arrests,1,0,0,"Strategic developments",14.651,46.620
2025-03-15,"Middle East",Yemen,Shabwah,"Violence against civilians","Abduction/forced disappearance",1,0,"20,527","Political violence",14.651,46.620
2025-03-15,"Middle East",Yemen,Shabwah,"Strategic developments","Disrupted weapons use",1,0,0,"Strategic developments",14.651,46.620
2025-03-15,"Middle East",Yemen,Taizz,"Strategic developments","Looting/property destruction",2,0,0,"Strategic developments",13.295,43.786
2025-03-15,"Middle East",Yemen,Taizz,Protests,"Peaceful protest",1,0,"13,561",Demonstrations,13.295,43.786
2025-03-15,"Middle East",Yemen,Taizz,"Explosions/Remote violence","Air/drone strike",1,2,"13,561","Political violence",13.295,43.786
2025-03-15,"Middle East",Yemen,Taizz,"Explosions/Remote violence","Shelling/artillery/missile attack",1,0,"10,723","Political violence",13.295,43.786
2025-03-15,"Middle East",Yemen,Taizz,"Explosions/Remote violence","Remote explosive/landmine/IED",1,0,"4,954","Political violence",13.295,43.786
2025-03-15,"Middle East",Yemen,Taizz,Battles,"Armed clash",3,1,"101,767","Political violence",13.295,43.786
2025-03-15,"Middle East",Yemen,Taizz,"Violence against civilians",Attack,1,1,"5,864","Political violence",13.295,43.786
2025-03-22,"International Waters","Indian Ocean","North Indian Ocean","Strategic developments","Disrupted weapons use",1,0,0,"Strategic developments",13.728,70.473
2025-03-22,"International Waters","Indian Ocean","North Indian Ocean","Explosions/Remote violence","Air/drone strike",6,0,0,"Political violence",13.728,70.473
2025-03-22,"Middle East",Yemen,Abyan,"Violence against civilians",Attack,1,0,"33,508","Political violence",13.627,46.228
2025-03-22,"Middle East",Yemen,Abyan,"Explosions/Remote violence","Remote explosive/landmine/IED",1,1,"7,000","Political violence",13.627,46.228
2025-03-22,"Middle East",Yemen,Abyan,Battles,"Armed clash",2,0,"13,639","Political violence",13.627,46.228
2025-03-22,"Middle East",Yemen,"Ad Dali",Battles,"Armed clash",7,6,"16,061","Political violence",13.894,44.783
2025-03-22,"Middle East",Yemen,"Ad Dali","Strategic developments",Arrests,1,0,0,"Strategic developments",13.894,44.783
2025-03-22,"Middle East",Yemen,"Ad Dali","Strategic developments",Other,1,0,0,"Strategic developments",13.894,44.783
2025-03-22,"Middle East",Yemen,"Ad Dali",Protests,"Peaceful protest",4,0,"81,581",Demonstrations,13.894,44.783
2025-03-22,"Middle East",Yemen,Aden,"Violence against civilians","Abduction/forced disappearance",1,0,"14,230","Political violence",12.806,44.788
2025-03-22,"Middle East",Yemen,Aden,Battles,"Armed clash",1,0,"43,634","Political violence",12.806,44.788
2025-03-22,"Middle East",Yemen,"Al Bayda",Protests,"Peaceful protest",3,0,"78,883",Demonstrations,14.326,45.216
2025-03-22,"Middle East",Yemen,"Al Bayda",Battles,"Armed clash",2,0,"15,179","Political violence",14.326,45.216
2025-03-22,"Middle East",Yemen,"Al Hudaydah",Battles,"Armed clash",1,0,"1,342","Political violence",14.779,43.218
2025-03-22,"Middle East",Yemen,"Al Hudaydah","Violence against civilians","Abduction/forced disappearance",1,0,"71,780","Political violence",14.779,43.218
2025-03-22,"Middle East",Yemen,"Al Hudaydah","Violence against civilians",Attack,1,0,"3,871","Political violence",14.779,43.218
2025-03-22,"Middle East",Yemen,"Al Hudaydah",Protests,"Peaceful protest",2,0,"48,117",Demonstrations,14.779,43.218
2025-03-22,"Middle East",Yemen,"Al Hudaydah","Explosions/Remote violence","Air/drone strike",10,0,"270,368","Political violence",14.779,43.218
2025-03-22,"Middle East",Yemen,"Al Jawf","Violence against civilians",Attack,2,2,"75,131","Political violence",16.596,45.599
2025-03-22,"Middle East",Yemen,"Al Jawf","Explosions/Remote violence","Air/drone strike",4,8,"87,052","Political violence",16.596,45.599
2025-03-22,"Middle East",Yemen,"Al Jawf",Protests,"Peaceful protest",13,0,"99,657",Demonstrations,16.596,45.599
2025-03-22,"Middle East",Yemen,"Al Jawf",Battles,"Armed clash",2,3,"39,084","Political violence",16.596,45.599
2025-03-22,"Middle East",Yemen,"Al Mahrah","Strategic developments","Disrupted weapons use",1,0,0,"Strategic developments",17.057,51.824
2025-03-22,"Middle East",Yemen,"Al Mahwit",Protests,"Peaceful protest",9,0,"90,422",Demonstrations,15.308,43.499
2025-03-22,"Middle East",Yemen,"Amanat al Asimah","Violence against civilians","Abduction/forced disappearance",3,0,"47,462","Political violence",15.420,44.192
2025-03-22,"Middle East",Yemen,"Amanat al Asimah","Strategic developments","Change to group/activity",1,0,0,"Strategic developments",15.420,44.192
2025-03-22,"Middle East",Yemen,"Amanat al Asimah",Protests,"Peaceful protest",4,0,"71,942",Demonstrations,15.420,44.192
2025-03-22,"Middle East",Yemen,"Amanat al Asimah","Explosions/Remote violence","Air/drone strike",4,5,"154,441","Political violence",15.420,44.192
2025-03-22,"Middle East",Yemen,Amran,"Explosions/Remote violence","Air/drone strike",7,0,"39,810","Political violence",16.116,43.941
2025-03-22,"Middle East",Yemen,Amran,Protests,"Peaceful protest",1,0,"48,266",Demonstrations,16.116,43.941
2025-03-22,"Middle East",Yemen,Dhamar,Protests,"Peaceful protest",1,0,"56,090",Demonstrations,14.540,44.306
2025-03-22,"Middle East",Yemen,Hadramawt,"Strategic developments",Arrests,1,0,0,"Strategic developments",16.529,48.627
2025-03-22,"Middle East",Yemen,Hadramawt,"Strategic developments",Other,1,0,0,"Strategic developments",16.529,48.627
2025-03-22,"Middle East",Yemen,Hajjah,Protests,"Peaceful protest",16,0,"94,362",Demonstrations,16.094,43.204
2025-03-22,"Middle East",Yemen,Ibb,Protests,"Peaceful protest",59,0,"458,210",Demonstrations,14.088,44.175
2025-03-22,"Middle East",Yemen,Ibb,"Strategic developments",Other,2,0,0,"Strategic developments",14.088,44.175
2025-03-22,"Middle East",Yemen,Ibb,"Violence against civilians",Attack,1,1,"26,414","Political violence",14.088,44.175
2025-03-22,"Middle East",Yemen,Lahij,"Strategic developments",Arrests,1,0,0,"Strategic developments",13.320,44.762
2025-03-22,"Middle East",Yemen,Lahij,Protests,"Peaceful protest",1,0,"4,518",Demonstrations,13.320,44.762
2025-03-22,"Middle East",Yemen,Lahij,Battles,"Armed clash",7,1,"61,901","Political violence",13.320,44.762
2025-03-22,"Middle East",Yemen,Marib,Battles,"Armed clash",1,7,"1,175","Political violence",15.333,45.452
2025-03-22,"Middle East",Yemen,Marib,Protests,"Peaceful protest",8,0,"13,959",Demonstrations,15.333,45.452
2025-03-22,"Middle East",Yemen,Marib,"Explosions/Remote violence","Air/drone strike",4,6,"6,713","Political violence",15.333,45.452
2025-03-22,"Middle East",Yemen,Marib,"Violence against civilians","Sexual violence",1,0,"2,082","Political violence",15.333,45.452
2025-03-22,"Middle East",Yemen,Raymah,Protests,"Peaceful protest",6,0,"21,823",Demonstrations,14.657,43.687
2025-03-22,"Middle East",Yemen,Sadah,Protests,"Peaceful protest",33,0,"147,830",Demonstrations,17.088,44.042
2025-03-22,"Middle East",Yemen,Sadah,"Explosions/Remote violence","Air/drone strike",25,1,"445,154","Political violence",17.088,44.042
2025-03-22,"Middle East",Yemen,Sadah,"Violence against civilians","Abduction/forced disappearance",2,0,"106,442","Political violence",17.088,44.042
2025-03-22,"Middle East",Yemen,Sanaa,"Explosions/Remote violence","Air/drone strike",11,2,"121,734","Political violence",15.393,44.475
2025-03-22,"Middle East",Yemen,Sanaa,Protests,"Peaceful protest",1,0,0,Demonstrations,15.393,44.475
2025-03-22,"Middle East",Yemen,Shabwah,Battles,"Armed clash",2,1,"41,074","Political violence",14.651,46.620
2025-03-22,"Middle East",Yemen,Taizz,Protests,"Peaceful protest",35,0,"235,586",Demonstrations,13.295,43.786
2025-03-22,"Middle East",Yemen,Taizz,Battles,"Armed clash",1,0,"13,561","Political violence",13.295,43.786
2025-03-22,"Middle East",Yemen,Taizz,"Violence against civilians",Attack,1,1,"13,561","Political violence",13.295,43.786
2025-03-22,"Middle East",Yemen,Taizz,"Explosions/Remote violence","Remote explosive/landmine/IED",1,0,"65,318","Political violence",13.295,43.786
2025-03-22,"Middle East",Yemen,Taizz,"Explosions/Remote violence","Shelling/artillery/missile attack",1,0,"10,723","Political violence",13.295,43.786
2025-03-29,"International Waters","Indian Ocean","North Indian Ocean","Explosions/Remote violence","Air/drone strike",4,0,0,"Political violence",13.728,70.473
2025-03-29,"Middle East",Yemen,Abyan,Battles,"Armed clash",2,0,"13,756","Political violence",13.627,46.228
2025-03-29,"Middle East",Yemen,"Ad Dali",Battles,"Armed clash",8,15,"23,446","Political violence",13.894,44.783
2025-03-29,"Middle East",Yemen,Aden,"Violence against civilians",Attack,1,0,"49,962","Political violence",12.806,44.788
2025-03-29,"Middle East",Yemen,Aden,"Strategic developments",Arrests,1,0,0,"Strategic developments",12.806,44.788
2025-03-29,"Middle East",Yemen,"Al Bayda",Battles,"Armed clash",1,5,"72,558","Political violence",14.326,45.216
2025-03-29,"Middle East",Yemen,"Al Hudaydah","Explosions/Remote violence","Air/drone strike",5,19,"32,114","Political violence",14.779,43.218
2025-03-29,"Middle East",Yemen,"Al Hudaydah",Protests,"Peaceful protest",2,0,"42,106",Demonstrations,14.779,43.218
2025-03-29,"Middle East",Yemen,"Al Hudaydah",Battles,"Armed clash",10,10,"53,970","Political violence",14.779,43.218
2025-03-29,"Middle East",Yemen,"Al Hudaydah","Strategic developments","Looting/property destruction",1,0,0,"Strategic developments",14.779,43.218
2025-03-29,"Middle East",Yemen,"Al Hudaydah","Explosions/Remote violence","Remote explosive/landmine/IED",1,1,"1,350","Political violence",14.779,43.218
2025-03-29,"Middle East",Yemen,"Al Jawf","Explosions/Remote violence","Remote explosive/landmine/IED",1,1,146,"Political violence",16.596,45.599
2025-03-29,"Middle East",Yemen,"Al Mahwit",Protests,"Peaceful protest",1,0,"24,342",Demonstrations,15.308,43.499
2025-03-29,"Middle East",Yemen,"Amanat al Asimah","Explosions/Remote violence","Air/drone strike",4,1,"103,793","Political violence",15.420,44.192
2025-03-29,"Middle East",Yemen,"Amanat al Asimah",Protests,"Peaceful protest",1,0,"44,908",Demonstrations,15.420,44.192
2025-03-29,"Middle East",Yemen,"Amanat al Asimah","Strategic developments",Agreement,1,0,0,"Strategic developments",15.420,44.192
2025-03-29,"Middle East",Yemen,Amran,Battles,"Armed clash",1,2,"27,926","Political violence",16.116,43.941
2025-03-29,"Middle East",Yemen,Hadramawt,Protests,"Peaceful protest",1,0,"37,086",Demonstrations,16.529,48.627
2025-03-29,"Middle East",Yemen,Hajjah,"Explosions/Remote violence","Air/drone strike",3,2,"38,607","Political violence",16.094,43.204
2025-03-29,"Middle East",Yemen,Hajjah,Protests,"Peaceful protest",1,0,3,Demonstrations,16.094,43.204
2025-03-29,"Middle East",Yemen,Ibb,"Explosions/Remote violence","Air/drone strike",2,1,"41,938","Political violence",14.088,44.175
2025-03-29,"Middle East",Yemen,Ibb,"Strategic developments","Looting/property destruction",1,0,0,"Strategic developments",14.088,44.175
2025-03-29,"Middle East",Yemen,Ibb,Battles,"Armed clash",1,4,"12,006","Political violence",14.088,44.175
2025-03-29,"Middle East",Yemen,Lahij,Battles,"Armed clash",19,42,"64,346","Political violence",13.320,44.762
2025-03-29,"Middle East",Yemen,Marib,Protests,"Peaceful protest",2,0,"37,746",Demonstrations,15.333,45.452
2025-03-29,"Middle East",Yemen,Marib,"Strategic developments","Change to group/activity",1,0,0,"Strategic developments",15.333,45.452
2025-03-29,"Middle East",Yemen,Marib,"Strategic developments","Looting/property destruction",1,0,0,"Strategic developments",15.333,45.452
2025-03-29,"Middle East",Yemen,Raymah,Protests,"Peaceful protest",1,0,"3,016",Demonstrations,14.657,43.687
2025-03-29,"Middle East",Yemen,Sadah,"Explosions/Remote violence","Air/drone strike",19,23,"315,605","Political violence",17.088,44.042
2025-03-29,"Middle East",Yemen,Sadah,"Strategic developments","Looting/property destruction",1,0,0,"Strategic developments",17.088,44.042
2025-03-29,"Middle East",Yemen,Sanaa,"Explosions/Remote violence","Air/drone strike",8,3,"81,755","Political violence",15.393,44.475
2025-03-29,"Middle East",Yemen,Sanaa,Protests,"Peaceful protest",10,0,"65,331",Demonstrations,15.393,44.475
2025-03-29,"Middle East",Yemen,Shabwah,Battles,"Armed clash",1,0,"2,848","Political violence",14.651,46.620
2025-03-29,"Middle East",Yemen,Taizz,"Explosions/Remote violence","Remote explosive/landmine/IED",1,0,"6,736","Political violence",13.295,43.786
2025-03-29,"Middle East",Yemen,Taizz,Battles,"Armed clash",2,4,"51,813","Political violence",13.295,43.786
2025-03-29,"Middle East",Yemen,Taizz,"Strategic developments","Looting/property destruction",1,0,0,"Strategic developments",13.295,43.786
2025-03-29,"Middle East",Yemen,Taizz,"Explosions/Remote violence","Air/drone strike",1,0,"21,501","Political violence",13.295,43.786
2025-03-29,"Middle East",Yemen,Taizz,Protests,"Protest with intervention",1,0,"10,723",Demonstrations,13.295,43.786
2025-04-05,"International Waters","Indian Ocean","North Indian Ocean","Strategic developments","Disrupted weapons use",1,0,0,"Strategic developments",13.728,70.473
2025-04-05,"International Waters","Indian Ocean","North Indian Ocean","Explosions/Remote violence","Air/drone strike",5,0,0,"Political violence",13.728,70.473
2025-04-05,"Middle East",Yemen,Abyan,"Violence against civilians",Attack,1,1,"34,040","Political violence",13.627,46.228
2025-04-05,"Middle East",Yemen,Abyan,Protests,"Peaceful protest",2,0,"21,003",Demonstrations,13.627,46.228
2025-04-05,"Middle East",Yemen,Abyan,"Explosions/Remote violence","Air/drone strike",2,0,"5,774","Political violence",13.627,46.228
2025-04-05,"Middle East",Yemen,Abyan,Battles,"Armed clash",5,1,"60,972","Political violence",13.627,46.228
2025-04-05,"Middle East",Yemen,"Ad Dali",Battles,"Armed clash",8,3,"16,018","Political violence",13.894,44.783
2025-04-05,"Middle East",Yemen,"Ad Dali",Protests,"Peaceful protest",4,0,"81,581",Demonstrations,13.894,44.783
2025-04-05,"Middle East",Yemen,Aden,Protests,"Peaceful protest",2,0,"62,624",Demonstrations,12.806,44.788
2025-04-05,"Middle East",Yemen,Aden,"Violence against civilians",Attack,1,0,"11,188","Political violence",12.806,44.788
2025-04-05,"Middle East",Yemen,"Al Bayda",Battles,"Armed clash",1,0,"15,179","Political violence",14.326,45.216
2025-04-05,"Middle East",Yemen,"Al Bayda",Protests,"Peaceful protest",2,0,"42,331",Demonstrations,14.326,45.216
2025-04-05,"Middle East",Yemen,"Al Hudaydah","Explosions/Remote violence","Air/drone strike",8,25,"169,966","Political violence",14.779,43.218
2025-04-05,"Middle East",Yemen,"Al Hudaydah","Strategic developments","Change to group/activity",1,0,0,"Strategic developments",14.779,43.218
2025-04-05,"Middle East",Yemen,"Al Hudaydah","Violence against civilians","Abduction/forced disappearance",2,0,"46,396","Political violence",14.779,43.218
2025-04-05,"Middle East",Yemen,"Al Hudaydah","Explosions/Remote violence","Remote explosive/landmine/IED",1,1,"11,868","Political violence",14.779,43.218
2025-04-05,"Middle East",Yemen,"Al Hudaydah",Protests,"Peaceful protest",2,0,"42,106",Demonstrations,14.779,43.218
2025-04-05,"Middle East",Yemen,"Al Hudaydah",Battles,"Armed clash",12,0,"10,608","Political violence",14.779,43.218
2025-04-05,"Middle East",Yemen,"Al Jawf",Protests,"Peaceful protest",2,0,"30,538",Demonstrations,16.596,45.599
2025-04-05,"Middle East",Yemen,"Al Jawf","Strategic developments","Change to group/activity",1,0,0,"Strategic developments",16.596,45.599
2025-04-05,"Middle East",Yemen,"Al Mahrah",Protests,"Peaceful protest",1,0,"16,836",Demonstrations,17.057,51.824
2025-04-05,"Middle East",Yemen,"Al Mahwit",Protests,"Peaceful protest",1,0,"24,342",Demonstrations,15.308,43.499
2025-04-05,"Middle East",Yemen,"Amanat al Asimah","Explosions/Remote violence","Air/drone strike",8,8,"264,182","Political violence",15.420,44.192
2025-04-05,"Middle East",Yemen,"Amanat al Asimah","Strategic developments","Change to group/activity",1,0,0,"Strategic developments",15.420,44.192
2025-04-05,"Middle East",Yemen,"Amanat al Asimah",Battles,"Armed clash",1,2,"100,748","Political violence",15.420,44.192
2025-04-05,"Middle East",Yemen,"Amanat al Asimah",Protests,"Peaceful protest",1,0,"10,127",Demonstrations,15.420,44.192
2025-04-05,"Middle East",Yemen,"Amanat al Asimah","Violence against civilians",Attack,2,2,"73,493","Political violence",15.420,44.192
2025-04-05,"Middle East",Yemen,"Amanat al Asimah",Riots,"Violent demonstration",1,0,"77,753",Demonstrations,15.420,44.192
2025-04-05,"Middle East",Yemen,"Amanat al Asimah","Strategic developments",Arrests,1,0,0,"Strategic developments",15.420,44.192
2025-04-05,"Middle East",Yemen,Amran,"Explosions/Remote violence","Shelling/artillery/missile attack",1,0,"16,794","Political violence",16.116,43.941
2025-04-05,"Middle East",Yemen,Amran,"Strategic developments",Other,1,0,0,"Strategic developments",16.116,43.941
2025-04-05,"Middle East",Yemen,Amran,Battles,"Armed clash",1,0,"27,831","Political violence",16.116,43.941
2025-04-05,"Middle East",Yemen,Amran,"Explosions/Remote violence","Air/drone strike",1,0,"12,155","Political violence",16.116,43.941
2025-04-05,"Middle East",Yemen,Amran,Protests,"Peaceful protest",2,0,"73,417",Demonstrations,16.116,43.941
2025-04-05,"Middle East",Yemen,Dhamar,Battles,"Armed clash",1,0,"26,176","Political violence",14.540,44.306
2025-04-05,"Middle East",Yemen,Dhamar,"Explosions/Remote violence","Air/drone strike",1,1,"16,568","Political violence",14.540,44.306
2025-04-05,"Middle East",Yemen,Dhamar,Protests,"Peaceful protest",1,0,"56,090",Demonstrations,14.540,44.306
2025-04-05,"Middle East",Yemen,Hadramawt,"Strategic developments","Change to group/activity",1,0,0,"Strategic developments",16.529,48.627
2025-04-05,"Middle East",Yemen,Hadramawt,Protests,"Peaceful protest",3,0,"73,471",Demonstrations,16.529,48.627
2025-04-05,"Middle East",Yemen,Hajjah,Protests,"Peaceful protest",29,0,"265,833",Demonstrations,16.094,43.204
2025-04-05,"Middle East",Yemen,Hajjah,"Explosions/Remote violence","Air/drone strike",1,0,"29,893","Political violence",16.094,43.204
2025-04-05,"Middle East",Yemen,Hajjah,"Strategic developments","Change to group/activity",1,0,0,"Strategic developments",16.094,43.204
2025-04-05,"Middle East",Yemen,Ibb,Protests,"Peaceful protest",110,0,"619,285",Demonstrations,14.088,44.175
2025-04-05,"Middle East",Yemen,Ibb,"Explosions/Remote violence","Air/drone strike",3,0,"70,731","Political violence",14.088,44.175
2025-04-05,"Middle East",Yemen,Ibb,"Violence against civilians","Abduction/forced disappearance",1,0,"50,844","Political violence",14.088,44.175
2025-04-05,"Middle East",Yemen,Ibb,"Strategic developments","Looting/property destruction",1,0,0,"Strategic developments",14.088,44.175
2025-04-05,"Middle East",Yemen,Lahij,"Explosions/Remote violence","Shelling/artillery/missile attack",1,0,"18,809","Political violence",13.320,44.762
2025-04-05,"Middle East",Yemen,Lahij,Protests,"Peaceful protest",1,0,"4,518",Demonstrations,13.320,44.762
2025-04-05,"Middle East",Yemen,Lahij,Battles,"Armed clash",13,7,"20,091","Political violence",13.320,44.762
2025-04-05,"Middle East",Yemen,Marib,Battles,"Armed clash",2,2,"9,184","Political violence",15.333,45.452
2025-04-05,"Middle East",Yemen,Marib,Protests,"Peaceful protest",17,0,"33,417",Demonstrations,15.333,45.452
2025-04-05,"Middle East",Yemen,Marib,"Strategic developments",Arrests,1,0,0,"Strategic developments",15.333,45.452
2025-04-05,"Middle East",Yemen,Marib,"Strategic developments","Change to group/activity",2,0,0,"Strategic developments",15.333,45.452
2025-04-05,"Middle East",Yemen,Marib,"Explosions/Remote violence","Air/drone strike",6,3,"25,470","Political violence",15.333,45.452
2025-04-05,"Middle East",Yemen,Marib,"Violence against civilians",Attack,1,1,"1,704","Political violence",15.333,45.452
2025-04-05,"Middle East",Yemen,Raymah,Protests,"Peaceful protest",1,0,"3,016",Demonstrations,14.657,43.687
2025-04-05,"Middle East",Yemen,Raymah,"Violence against civilians",Attack,1,1,"46,810","Political violence",14.657,43.687
2025-04-05,"Middle East",Yemen,Sadah,Protests,"Peaceful protest",33,0,"153,497",Demonstrations,17.088,44.042
2025-04-05,"Middle East",Yemen,Sadah,"Explosions/Remote violence","Air/drone strike",3,2,"73,377","Political violence",17.088,44.042
2025-04-05,"Middle East",Yemen,Sadah,"Violence against civilians","Abduction/forced disappearance",5,0,"165,931","Political violence",17.088,44.042
2025-04-05,"Middle East",Yemen,Sadah,Battles,"Armed clash",2,1,"3,184","Political violence",17.088,44.042
2025-04-05,"Middle East",Yemen,Sadah,"Explosions/Remote violence","Shelling/artillery/missile attack",1,0,"4,108","Political violence",17.088,44.042
2025-04-05,"Middle East",Yemen,Sanaa,"Explosions/Remote violence","Air/drone strike",15,0,"138,699","Political violence",15.393,44.475
2025-04-05,"Middle East",Yemen,Sanaa,Protests,"Peaceful protest",5,0,"53,751",Demonstrations,15.393,44.475
2025-04-05,"Middle East",Yemen,Shabwah,"Strategic developments",Other,1,0,0,"Strategic developments",14.651,46.620
2025-04-05,"Middle East",Yemen,Shabwah,"Strategic developments",Arrests,1,0,0,"Strategic developments",14.651,46.620
2025-04-05,"Middle East",Yemen,Taizz,Protests,"Peaceful protest",36,0,"259,168",Demonstrations,13.295,43.786
2025-04-05,"Middle East",Yemen,Taizz,"Explosions/Remote violence","Shelling/artillery/missile attack",2,0,"22,670","Political violence",13.295,43.786
2025-04-05,"Middle East",Yemen,Taizz,"Strategic developments","Change to group/activity",1,0,0,"Strategic developments",13.295,43.786
2025-04-05,"Middle East",Yemen,Taizz,Battles,"Armed clash",9,4,"185,137","Political violence",13.295,43.786
2025-04-05,"Middle East",Yemen,Taizz,"Violence against civilians",Attack,1,0,"7,327","Political violence",13.295,43.786
2025-04-05,"Middle East",Yemen,Taizz,"Explosions/Remote violence","Remote explosive/landmine/IED",1,1,"5,501","Political violence",13.295,43.786
2025-04-12,"International Waters","Indian Ocean","North Indian Ocean","Strategic developments","Change to group/activity",1,0,0,"Strategic developments",13.728,70.473
2025-04-12,"International Waters","Indian Ocean","North Indian Ocean","Explosions/Remote violence","Air/drone strike",3,0,0,"Political violence",13.728,70.473
2025-04-12,"International Waters","Indian Ocean","North Indian Ocean","Violence against civilians",Attack,1,0,0,"Political violence",13.728,70.473
2025-04-12,"International Waters","Indian Ocean","North Indian Ocean","Strategic developments","Disrupted weapons use",1,0,0,"Strategic developments",13.728,70.473
2025-04-12,"Middle East",Yemen,Abyan,Protests,"Peaceful protest",1,0,"17,910",Demonstrations,13.627,46.228
2025-04-12,"Middle East",Yemen,Abyan,"Explosions/Remote violence","Remote explosive/landmine/IED",1,0,"3,945","Political violence",13.627,46.228
2025-04-12,"Middle East",Yemen,Abyan,Battles,"Armed clash",2,0,"33,085","Political violence",13.627,46.228
2025-04-12,"Middle East",Yemen,"Ad Dali",Protests,"Peaceful protest",5,0,"90,406",Demonstrations,13.894,44.783
2025-04-12,"Middle East",Yemen,"Ad Dali","Violence against civilians",Attack,1,0,"3,574","Political violence",13.894,44.783
2025-04-12,"Middle East",Yemen,"Ad Dali",Battles,"Armed clash",11,9,"26,018","Political violence",13.894,44.783
2025-04-12,"Middle East",Yemen,Aden,Protests,"Peaceful protest",2,0,"26,041",Demonstrations,12.806,44.788
2025-04-12,"Middle East",Yemen,Aden,"Strategic developments",Other,1,0,0,"Strategic developments",12.806,44.788
2025-04-12,"Middle East",Yemen,Aden,"Violence against civilians","Abduction/forced disappearance",1,0,"18,988","Political violence",12.806,44.788
2025-04-12,"Middle East",Yemen,"Al Bayda","Explosions/Remote violence","Air/drone strike",8,0,"89,090","Political violence",14.326,45.216
2025-04-12,"Middle East",Yemen,"Al Bayda",Battles,"Armed clash",1,4,"38,464","Political violence",14.326,45.216
2025-04-12,"Middle East",Yemen,"Al Bayda","Violence against civilians",Attack,1,0,"20,325","Political violence",14.326,45.216
2025-04-12,"Middle East",Yemen,"Al Bayda",Protests,"Peaceful protest",2,0,"42,331",Demonstrations,14.326,45.216
2025-04-12,"Middle East",Yemen,"Al Hudaydah",Protests,"Peaceful protest",3,0,"50,000",Demonstrations,14.779,43.218
2025-04-12,"Middle East",Yemen,"Al Hudaydah","Explosions/Remote violence","Air/drone strike",14,149,"130,491","Political violence",14.779,43.218
2025-04-12,"Middle East",Yemen,"Al Hudaydah","Strategic developments",Arrests,2,0,0,"Strategic developments",14.779,43.218
2025-04-12,"Middle East",Yemen,"Al Hudaydah",Battles,"Armed clash",14,0,"10,608","Political violence",14.779,43.218
2025-04-12,"Middle East",Yemen,"Al Jawf","Violence against civilians",Attack,1,1,"1,796","Political violence",16.596,45.599
2025-04-12,"Middle East",Yemen,"Al Jawf","Explosions/Remote violence","Air/drone strike",5,0,"73,049","Political violence",16.596,45.599
2025-04-12,"Middle East",Yemen,"Al Jawf","Explosions/Remote violence","Remote explosive/landmine/IED",1,0,0,"Political violence",16.596,45.599
2025-04-12,"Middle East",Yemen,"Al Jawf",Protests,"Peaceful protest",2,0,"30,538",Demonstrations,16.596,45.599
2025-04-12,"Middle East",Yemen,"Al Mahwit",Protests,"Peaceful protest",1,0,"24,342",Demonstrations,15.308,43.499
2025-04-12,"Middle East",Yemen,"Al Mahwit","Strategic developments","Looting/property destruction",1,0,0,"Strategic developments",15.308,43.499
2025-04-12,"Middle East",Yemen,"Amanat al Asimah","Strategic developments",Arrests,2,0,0,"Strategic developments",15.420,44.192
2025-04-12,"Middle East",Yemen,"Amanat al Asimah","Violence against civilians","Abduction/forced disappearance",2,0,"44,908","Political violence",15.420,44.192
2025-04-12,"Middle East",Yemen,"Amanat al Asimah","Strategic developments","Looting/property destruction",2,0,0,"Strategic developments",15.420,44.192
2025-04-12,"Middle East",Yemen,"Amanat al Asimah",Protests,"Peaceful protest",1,0,"10,127",Demonstrations,15.420,44.192
2025-04-12,"Middle East",Yemen,"Amanat al Asimah","Explosions/Remote violence","Air/drone strike",5,6,"43,379","Political violence",15.420,44.192
2025-04-12,"Middle East",Yemen,"Amanat al Asimah","Strategic developments",Other,1,0,0,"Strategic developments",15.420,44.192
2025-04-12,"Middle East",Yemen,"Amanat al Asimah","Strategic developments","Change to group/activity",1,0,0,"Strategic developments",15.420,44.192
2025-04-12,"Middle East",Yemen,"Amanat al Asimah",Battles,"Armed clash",1,1,"44,908","Political violence",15.420,44.192
2025-04-12,"Middle East",Yemen,Amran,"Explosions/Remote violence","Air/drone strike",1,0,"27,831","Political violence",16.116,43.941
2025-04-12,"Middle East",Yemen,Amran,Protests,"Peaceful protest",3,0,"48,266",Demonstrations,16.116,43.941
2025-04-12,"Middle East",Yemen,Dhamar,"Explosions/Remote violence","Air/drone strike",1,0,"16,002","Political violence",14.540,44.306
2025-04-12,"Middle East",Yemen,Dhamar,"Strategic developments",Arrests,1,0,0,"Strategic developments",14.540,44.306
2025-04-12,"Middle East",Yemen,Dhamar,Protests,"Peaceful protest",2,0,"56,090",Demonstrations,14.540,44.306
2025-04-12,"Middle East",Yemen,Dhamar,"Violence against civilians","Abduction/forced disappearance",1,0,"112,692","Political violence",14.540,44.306
2025-04-12,"Middle East",Yemen,Hadramawt,"Strategic developments",Arrests,1,0,0,"Strategic developments",16.529,48.627
2025-04-12,"Middle East",Yemen,Hadramawt,Protests,"Peaceful protest",2,0,"7,754",Demonstrations,16.529,48.627
2025-04-12,"Middle East",Yemen,Hadramawt,"Explosions/Remote violence","Air/drone strike",2,2,"1,774","Political violence",16.529,48.627
2025-04-12,"Middle East",Yemen,Hadramawt,"Strategic developments",Other,1,0,0,"Strategic developments",16.529,48.627
2025-04-12,"Middle East",Yemen,Hajjah,Protests,"Peaceful protest",10,0,"77,627",Demonstrations,16.094,43.204
2025-04-12,"Middle East",Yemen,Hajjah,"Strategic developments","Looting/property destruction",1,0,0,"Strategic developments",16.094,43.204
2025-04-12,"Middle East",Yemen,Ibb,Protests,"Peaceful protest",60,0,"428,961",Demonstrations,14.088,44.175
2025-04-12,"Middle East",Yemen,Ibb,Battles,"Armed clash",1,0,"27,954","Political violence",14.088,44.175
2025-04-12,"Middle East",Yemen,Lahij,Protests,"Peaceful protest",2,0,"48,036",Demonstrations,13.320,44.762
2025-04-12,"Middle East",Yemen,Lahij,Battles,"Armed clash",11,3,"53,314","Political violence",13.320,44.762
2025-04-12,"Middle East",Yemen,Lahij,"Strategic developments","Change to group/activity",4,0,0,"Strategic developments",13.320,44.762
2025-04-12,"Middle East",Yemen,Marib,Protests,"Peaceful protest",12,0,"29,020",Demonstrations,15.333,45.452
2025-04-12,"Middle East",Yemen,Marib,"Explosions/Remote violence","Air/drone strike",5,0,"26,721","Political violence",15.333,45.452
2025-04-12,"Middle East",Yemen,Raymah,Protests,"Peaceful protest",1,0,"3,016",Demonstrations,14.657,43.687
2025-04-12,"Middle East",Yemen,Sadah,"Explosions/Remote violence","Air/drone strike",7,0,"182,683","Political violence",17.088,44.042
2025-04-12,"Middle East",Yemen,Sadah,Protests,"Peaceful protest",33,0,"153,497",Demonstrations,17.088,44.042
2025-04-12,"Middle East",Yemen,Sadah,"Explosions/Remote violence","Shelling/artillery/missile attack",3,1,"57,734","Political violence",17.088,44.042
2025-04-12,"Middle East",Yemen,Sadah,"Violence against civilians","Abduction/forced disappearance",1,0,"10,398","Political violence",17.088,44.042
2025-04-12,"Middle East",Yemen,Sanaa,"Violence against civilians","Abduction/forced disappearance",3,0,"23,156","Political violence",15.393,44.475
2025-04-12,"Middle East",Yemen,Sanaa,Protests,"Peaceful protest",5,0,"57,947",Demonstrations,15.393,44.475
2025-04-12,"Middle East",Yemen,Sanaa,"Explosions/Remote violence","Air/drone strike",9,7,"129,832","Political violence",15.393,44.475
2025-04-12,"Middle East",Yemen,Shabwah,"Strategic developments",Arrests,1,0,0,"Strategic developments",14.651,46.620
2025-04-12,"Middle East",Yemen,Shabwah,"Violence against civilians",Attack,1,1,"22,534","Political violence",14.651,46.620
2025-04-12,"Middle East",Yemen,Shabwah,"Explosions/Remote violence","Air/drone strike",1,1,"24,623","Political violence",14.651,46.620
2025-04-12,"Middle East",Yemen,Shabwah,Battles,"Armed clash",2,1,"27,171","Political violence",14.651,46.620
2025-04-12,"Middle East",Yemen,Taizz,"Violence against civilians",Attack,2,0,"61,325","Political violence",13.295,43.786
2025-04-12,"Middle East",Yemen,Taizz,Battles,"Armed clash",5,4,"54,872","Political violence",13.295,43.786
2025-04-12,"Middle East",Yemen,Taizz,Protests,"Peaceful protest",36,0,"215,791",Demonstrations,13.295,43.786
2025-04-19,"International Waters","Indian Ocean","North Indian Ocean","Explosions/Remote violence","Air/drone strike",6,0,0,"Political violence",13.728,70.473
2025-04-19,"Middle East",Yemen,Abyan,Protests,"Peaceful protest",3,0,"82,696",Demonstrations,13.627,46.228
2025-04-19,"Middle East",Yemen,"Ad Dali",Protests,"Peaceful protest",4,0,"81,581",Demonstrations,13.894,44.783
2025-04-19,"Middle East",Yemen,"Ad Dali",Battles,"Armed clash",8,4,"14,428","Political violence",13.894,44.783
2025-04-19,"Middle East",Yemen,Aden,Protests,"Peaceful protest",3,0,"6,635",Demonstrations,12.806,44.788
2025-04-19,"Middle East",Yemen,Aden,"Explosions/Remote violence",Grenade,1,0,"17,891","Political violence",12.806,44.788
2025-04-19,"Middle East",Yemen,Aden,Battles,"Armed clash",1,0,"41,941","Political violence",12.806,44.788
2025-04-19,"Middle East",Yemen,Aden,"Violence against civilians","Abduction/forced disappearance",1,0,"35,295","Political violence",12.806,44.788
2025-04-19,"Middle East",Yemen,"Al Bayda","Explosions/Remote violence","Air/drone strike",1,0,"68,232","Political violence",14.326,45.216
2025-04-19,"Middle East",Yemen,"Al Bayda",Protests,"Peaceful protest",2,0,"42,331",Demonstrations,14.326,45.216
2025-04-19,"Middle East",Yemen,"Al Hudaydah","Explosions/Remote violence","Air/drone strike",28,24,"292,061","Political violence",14.779,43.218
2025-04-19,"Middle East",Yemen,"Al Hudaydah",Protests,"Peaceful protest",12,0,"210,666",Demonstrations,14.779,43.218
2025-04-19,"Middle East",Yemen,"Al Hudaydah","Strategic developments","Change to group/activity",11,0,0,"Strategic developments",14.779,43.218
2025-04-19,"Middle East",Yemen,"Al Hudaydah","Strategic developments",Arrests,1,0,0,"Strategic developments",14.779,43.218
2025-04-19,"Middle East",Yemen,"Al Hudaydah","Explosions/Remote violence","Shelling/artillery/missile attack",1,0,"15,867","Political violence",14.779,43.218
2025-04-19,"Middle East",Yemen,"Al Hudaydah","Explosions/Remote violence","Remote explosive/landmine/IED",2,1,"17,856","Political violence",14.779,43.218
2025-04-19,"Middle East",Yemen,"Al Hudaydah","Violence against civilians","Abduction/forced disappearance",3,0,"82,583","Political violence",14.779,43.218
2025-04-19,"Middle East",Yemen,"Al Hudaydah",Battles,"Armed clash",5,0,"7,540","Political violence",14.779,43.218
2025-04-19,"Middle East",Yemen,"Al Jawf","Explosions/Remote violence","Remote explosive/landmine/IED",1,1,"2,369","Political violence",16.596,45.599
2025-04-19,"Middle East",Yemen,"Al Jawf","Explosions/Remote violence","Air/drone strike",1,0,"26,757","Political violence",16.596,45.599
2025-04-19,"Middle East",Yemen,"Al Jawf",Protests,"Peaceful protest",1,0,"30,538",Demonstrations,16.596,45.599
2025-04-19,"Middle East",Yemen,"Al Mahwit","Violence against civilians","Abduction/forced disappearance",1,0,"37,964","Political violence",15.308,43.499
2025-04-19,"Middle East",Yemen,"Al Mahwit",Protests,"Peaceful protest",1,0,"24,342",Demonstrations,15.308,43.499
2025-04-19,"Middle East",Yemen,"Al Mahwit","Explosions/Remote violence","Air/drone strike",1,3,"66,947","Political violence",15.308,43.499
2025-04-19,"Middle East",Yemen,"Amanat al Asimah","Explosions/Remote violence","Air/drone strike",15,17,"571,829","Political violence",15.420,44.192
2025-04-19,"Middle East",Yemen,"Amanat al Asimah","Strategic developments","Looting/property destruction",1,0,0,"Strategic developments",15.420,44.192
2025-04-19,"Middle East",Yemen,"Amanat al Asimah","Strategic developments",Arrests,1,0,0,"Strategic developments",15.420,44.192
2025-04-19,"Middle East",Yemen,"Amanat al Asimah",Protests,"Peaceful protest",4,0,"108,429",Demonstrations,15.420,44.192
2025-04-19,"Middle East",Yemen,"Amanat al Asimah","Violence against civilians","Abduction/forced disappearance",2,0,"128,063","Political violence",15.420,44.192
2025-04-19,"Middle East",Yemen,"Amanat al Asimah","Strategic developments",Other,1,0,0,"Strategic developments",15.420,44.192
2025-04-19,"Middle East",Yemen,Amran,"Explosions/Remote violence","Air/drone strike",3,0,"27,831","Political violence",16.116,43.941
2025-04-19,"Middle East",Yemen,Amran,Protests,"Peaceful protest",2,0,"48,266",Demonstrations,16.116,43.941
2025-04-19,"Middle East",Yemen,Dhamar,"Violence against civilians","Abduction/forced disappearance",1,0,"112,692","Political violence",14.540,44.306
2025-04-19,"Middle East",Yemen,Dhamar,Protests,"Peaceful protest",1,0,"56,090",Demonstrations,14.540,44.306
2025-04-19,"Middle East",Yemen,Hadramawt,Protests,"Peaceful protest",3,0,"38,967",Demonstrations,16.529,48.627
2025-04-19,"Middle East",Yemen,Hajjah,"Strategic developments","Looting/property destruction",1,0,0,"Strategic developments",16.094,43.204
2025-04-19,"Middle East",Yemen,Hajjah,"Explosions/Remote violence","Air/drone strike",1,0,"36,868","Political violence",16.094,43.204
2025-04-19,"Middle East",Yemen,Hajjah,"Violence against civilians",Attack,1,1,"36,868","Political violence",16.094,43.204
2025-04-19,"Middle East",Yemen,Hajjah,Protests,"Peaceful protest",2,0,"20,973",Demonstrations,16.094,43.204
2025-04-19,"Middle East",Yemen,Ibb,"Strategic developments","Looting/property destruction",1,0,0,"Strategic developments",14.088,44.175
2025-04-19,"Middle East",Yemen,Ibb,Protests,"Peaceful protest",58,0,"428,961",Demonstrations,14.088,44.175
2025-04-19,"Middle East",Yemen,Ibb,"Violence against civilians",Attack,1,0,"186,138","Political violence",14.088,44.175
2025-04-19,"Middle East",Yemen,Ibb,"Strategic developments",Arrests,1,0,0,"Strategic developments",14.088,44.175
2025-04-19,"Middle East",Yemen,Ibb,"Violence against civilians","Abduction/forced disappearance",1,0,"50,844","Political violence",14.088,44.175
2025-04-19,"Middle East",Yemen,Lahij,Protests,"Peaceful protest",1,0,"1,076",Demonstrations,13.320,44.762
2025-04-19,"Middle East",Yemen,Lahij,Battles,"Armed clash",11,12,"60,375","Political violence",13.320,44.762
2025-04-19,"Middle East",Yemen,Marib,"Explosions/Remote violence","Air/drone strike",15,22,"39,366","Political violence",15.333,45.452
2025-04-19,"Middle East",Yemen,Marib,"Strategic developments","Change to group/activity",1,0,0,"Strategic developments",15.333,45.452
2025-04-19,"Middle East",Yemen,Marib,Battles,"Armed clash",1,10,35,"Political violence",15.333,45.452
2025-04-19,"Middle East",Yemen,Marib,Protests,"Peaceful protest",12,0,"18,421",Demonstrations,15.333,45.452
2025-04-19,"Middle East",Yemen,Raymah,Protests,"Peaceful protest",1,0,"3,016",Demonstrations,14.657,43.687
2025-04-19,"Middle East",Yemen,Sadah,Protests,"Peaceful protest",34,0,"153,497",Demonstrations,17.088,44.042
2025-04-19,"Middle East",Yemen,Sadah,Battles,"Armed clash",1,0,"2,715","Political violence",17.088,44.042
2025-04-19,"Middle East",Yemen,Sadah,"Explosions/Remote violence","Air/drone strike",8,31,"184,608","Political violence",17.088,44.042
2025-04-19,"Middle East",Yemen,Sadah,"Violence against civilians",Attack,1,1,"17,941","Political violence",17.088,44.042
2025-04-19,"Middle East",Yemen,Sadah,"Violence against civilians","Abduction/forced disappearance",1,0,"106,442","Political violence",17.088,44.042
2025-04-19,"Middle East",Yemen,Sanaa,"Explosions/Remote violence","Air/drone strike",16,4,"140,757","Political violence",15.393,44.475
2025-04-19,"Middle East",Yemen,Sanaa,Protests,"Peaceful protest",5,0,"56,669",Demonstrations,15.393,44.475
2025-04-19,"Middle East",Yemen,Shabwah,Protests,"Peaceful protest",1,0,"14,415",Demonstrations,14.651,46.620
2025-04-19,"Middle East",Yemen,Shabwah,"Strategic developments","Looting/property destruction",2,0,0,"Strategic developments",14.651,46.620
2025-04-19,"Middle East",Yemen,Shabwah,Battles,"Armed clash",2,0,"2,058","Political violence",14.651,46.620
2025-04-19,"Middle East",Yemen,Suqutra,"Strategic developments",Other,1,0,0,"Strategic developments",12.508,53.893
2025-04-19,"Middle East",Yemen,Taizz,"Explosions/Remote violence","Air/drone strike",3,3,"129,131","Political violence",13.295,43.786
2025-04-19,"Middle East",Yemen,Taizz,Protests,"Peaceful protest",15,0,"198,671",Demonstrations,13.295,43.786
2025-04-19,"Middle East",Yemen,Taizz,"Strategic developments","Change to group/activity",3,0,0,"Strategic developments",13.295,43.786
2025-04-19,"Middle East",Yemen,Taizz,"Strategic developments","Disrupted weapons use",3,0,0,"Strategic developments",13.295,43.786
2025-04-19,"Middle East",Yemen,Taizz,"Violence against civilians","Abduction/forced disappearance",1,0,"54,004","Political violence",13.295,43.786
2025-04-19,"Middle East",Yemen,Taizz,"Explosions/Remote violence","Shelling/artillery/missile attack",1,0,"1,308","Political violence",13.295,43.786
2025-04-26,"International Waters","Indian Ocean","North Indian Ocean","Strategic developments","Disrupted weapons use",5,0,0,"Strategic developments",13.728,70.473
2025-04-26,"International Waters","Indian Ocean","North Indian Ocean","Explosions/Remote violence","Air/drone strike",5,0,0,"Political violence",13.728,70.473
2025-04-26,"Middle East",Yemen,Abyan,Battles,"Armed clash",2,1,"4,041","Political violence",13.627,46.228
2025-04-26,"Middle East",Yemen,Abyan,"Strategic developments","Change to group/activity",2,0,0,"Strategic developments",13.627,46.228
2025-04-26,"Middle East",Yemen,Abyan,"Explosions/Remote violence","Air/drone strike",2,1,"10,495","Political violence",13.627,46.228
2025-04-26,"Middle East",Yemen,Abyan,"Explosions/Remote violence","Remote explosive/landmine/IED",1,0,"7,846","Political violence",13.627,46.228
2025-04-26,"Middle East",Yemen,Abyan,"Violence against civilians",Attack,1,2,"19,446","Political violence",13.627,46.228
2025-04-26,"Middle East",Yemen,Abyan,Riots,"Violent demonstration",4,0,"117,258",Demonstrations,13.627,46.228
2025-04-26,"Middle East",Yemen,"Ad Dali","Explosions/Remote violence","Air/drone strike",1,0,"13,258","Political violence",13.894,44.783
2025-04-26,"Middle East",Yemen,"Ad Dali",Protests,"Peaceful protest",5,0,"107,408",Demonstrations,13.894,44.783
2025-04-26,"Middle East",Yemen,"Ad Dali",Battles,"Armed clash",6,1,"8,161","Political violence",13.894,44.783
2025-04-26,"Middle East",Yemen,Aden,Protests,"Peaceful protest",1,0,"16,397",Demonstrations,12.806,44.788
2025-04-26,"Middle East",Yemen,Aden,"Violence against civilians",Attack,1,1,"15,415","Political violence",12.806,44.788
2025-04-26,"Middle East",Yemen,Aden,"Strategic developments",Arrests,2,0,0,"Strategic developments",12.806,44.788
2025-04-26,"Middle East",Yemen,Aden,Riots,"Violent demonstration",10,0,"132,159",Demonstrations,12.806,44.788
2025-04-26,"Middle East",Yemen,Aden,Protests,"Protest with intervention",1,0,570,Demonstrations,12.806,44.788
2025-04-26,"Middle East",Yemen,"Al Bayda","Violence against civilians",Attack,1,1,"1,988","Political violence",14.326,45.216
2025-04-26,"Middle East",Yemen,"Al Bayda",Protests,"Peaceful protest",5,0,"47,637",Demonstrations,14.326,45.216
2025-04-26,"Middle East",Yemen,"Al Bayda","Explosions/Remote violence","Air/drone strike",1,0,"28,642","Political violence",14.326,45.216
2025-04-26,"Middle East",Yemen,"Al Bayda","Strategic developments","Change to group/activity",3,0,0,"Strategic developments",14.326,45.216
2025-04-26,"Middle East",Yemen,"Al Hudaydah",Battles,"Armed clash",8,0,"6,621","Political violence",14.779,43.218
2025-04-26,"Middle East",Yemen,"Al Hudaydah","Strategic developments",Other,3,0,0,"Strategic developments",14.779,43.218
2025-04-26,"Middle East",Yemen,"Al Hudaydah","Explosions/Remote violence","Air/drone strike",5,0,"19,501","Political violence",14.779,43.218
2025-04-26,"Middle East",Yemen,"Al Hudaydah","Violence against civilians",Attack,1,1,"94,479","Political violence",14.779,43.218
2025-04-26,"Middle East",Yemen,"Al Hudaydah",Protests,"Peaceful protest",10,0,"287,700",Demonstrations,14.779,43.218
2025-04-26,"Middle East",Yemen,"Al Jawf",Protests,"Peaceful protest",1,0,"30,538",Demonstrations,16.596,45.599
2025-04-26,"Middle East",Yemen,"Al Jawf","Violence against civilians",Attack,1,1,"2,369","Political violence",16.596,45.599
2025-04-26,"Middle East",Yemen,"Al Jawf","Explosions/Remote violence","Air/drone strike",9,0,"106,119","Political violence",16.596,45.599
2025-04-26,"Middle East",Yemen,"Al Jawf","Explosions/Remote violence","Remote explosive/landmine/IED",1,1,"11,478","Political violence",16.596,45.599
2025-04-26,"Middle East",Yemen,"Al Mahrah",Protests,"Peaceful protest",1,0,"8,263",Demonstrations,17.057,51.824
2025-04-26,"Middle East",Yemen,"Al Mahrah","Strategic developments","Disrupted weapons use",1,0,0,"Strategic developments",17.057,51.824
2025-04-26,"Middle East",Yemen,"Al Mahwit","Explosions/Remote violence","Air/drone strike",2,0,"86,723","Political violence",15.308,43.499
2025-04-26,"Middle East",Yemen,"Al Mahwit",Protests,"Peaceful protest",11,0,"105,004",Demonstrations,15.308,43.499
2025-04-26,"Middle East",Yemen,"Amanat al Asimah","Strategic developments",Other,2,0,0,"Strategic developments",15.420,44.192
2025-04-26,"Middle East",Yemen,"Amanat al Asimah","Explosions/Remote violence","Air/drone strike",19,20,"889,137","Political violence",15.420,44.192
2025-04-26,"Middle East",Yemen,"Amanat al Asimah","Violence against civilians","Abduction/forced disappearance",2,0,"92,799","Political violence",15.420,44.192
2025-04-26,"Middle East",Yemen,"Amanat al Asimah",Protests,"Peaceful protest",8,0,"302,298",Demonstrations,15.420,44.192
2025-04-26,"Middle East",Yemen,Amran,Protests,"Peaceful protest",2,0,"48,266",Demonstrations,16.116,43.941
2025-04-26,"Middle East",Yemen,Amran,"Explosions/Remote violence","Air/drone strike",3,0,"156,003","Political violence",16.116,43.941
2025-04-26,"Middle East",Yemen,Dhamar,Protests,"Peaceful protest",5,0,"74,092",Demonstrations,14.540,44.306
2025-04-26,"Middle East",Yemen,Dhamar,"Strategic developments","Change to group/activity",1,0,0,"Strategic developments",14.540,44.306
2025-04-26,"Middle East",Yemen,Dhamar,"Violence against civilians","Abduction/forced disappearance",1,0,"112,692","Political violence",14.540,44.306
2025-04-26,"Middle East",Yemen,Hadramawt,Battles,"Armed clash",1,0,"65,590","Political violence",16.529,48.627
2025-04-26,"Middle East",Yemen,Hadramawt,"Violence against civilians",Attack,1,1,"21,163","Political violence",16.529,48.627
2025-04-26,"Middle East",Yemen,Hadramawt,Protests,"Peaceful protest",2,0,"11,305",Demonstrations,16.529,48.627
2025-04-26,"Middle East",Yemen,Hadramawt,"Explosions/Remote violence","Air/drone strike",1,3,"4,812","Political violence",16.529,48.627
2025-04-26,"Middle East",Yemen,Hajjah,Protests,"Peaceful protest",13,0,"73,325",Demonstrations,16.094,43.204
2025-04-26,"Middle East",Yemen,Hajjah,"Violence against civilians","Abduction/forced disappearance",2,0,"34,326","Political violence",16.094,43.204
2025-04-26,"Middle East",Yemen,Ibb,"Strategic developments",Arrests,1,0,0,"Strategic developments",14.088,44.175
2025-04-26,"Middle East",Yemen,Ibb,"Violence against civilians","Abduction/forced disappearance",1,0,"186,138","Political violence",14.088,44.175
2025-04-26,"Middle East",Yemen,Ibb,Protests,"Peaceful protest",33,0,"361,007",Demonstrations,14.088,44.175
2025-04-26,"Middle East",Yemen,Ibb,"Violence against civilians",Attack,1,1,"32,216","Political violence",14.088,44.175
2025-04-26,"Middle East",Yemen,Lahij,"Violence against civilians",Attack,1,0,"34,970","Political violence",13.320,44.762
2025-04-26,"Middle East",Yemen,Lahij,Battles,"Armed clash",17,22,"48,402","Political violence",13.320,44.762
2025-04-26,"Middle East",Yemen,Lahij,Riots,"Violent demonstration",1,0,"55,783",Demonstrations,13.320,44.762
2025-04-26,"Middle East",Yemen,Lahij,"Explosions/Remote violence","Shelling/artillery/missile attack",1,0,"30,915","Political violence",13.320,44.762
2025-04-26,"Middle East",Yemen,Lahij,Protests,"Peaceful protest",1,0,"1,076",Demonstrations,13.320,44.762
2025-04-26,"Middle East",Yemen,Lahij,"Strategic developments","Disrupted weapons use",1,0,0,"Strategic developments",13.320,44.762
2025-04-26,"Middle East",Yemen,Marib,Battles,"Armed clash",2,0,"16,527","Political violence",15.333,45.452
2025-04-26,"Middle East",Yemen,Marib,Protests,"Peaceful protest",19,0,"33,991",Demonstrations,15.333,45.452
2025-04-26,"Middle East",Yemen,Marib,"Explosions/Remote violence","Air/drone strike",5,7,"17,640","Political violence",15.333,45.452
2025-04-26,"Middle East",Yemen,Marib,"Violence against civilians","Abduction/forced disappearance",1,0,"4,418","Political violence",15.333,45.452
2025-04-26,"Middle East",Yemen,Raymah,"Violence against civilians","Abduction/forced disappearance",3,0,"44,796","Political violence",14.657,43.687
2025-04-26,"Middle East",Yemen,Raymah,Protests,"Peaceful protest",2,0,"8,634",Demonstrations,14.657,43.687
2025-04-26,"Middle East",Yemen,Sadah,Riots,"Violent demonstration",1,0,"41,265",Demonstrations,17.088,44.042
2025-04-26,"Middle East",Yemen,Sadah,"Explosions/Remote violence","Air/drone strike",9,47,"185,004","Political violence",17.088,44.042
2025-04-26,"Middle East",Yemen,Sadah,Protests,"Peaceful protest",36,0,"155,699",Demonstrations,17.088,44.042
2025-04-26,"Middle East",Yemen,Sanaa,"Explosions/Remote violence","Air/drone strike",13,4,"156,474","Political violence",15.393,44.475
2025-04-26,"Middle East",Yemen,Sanaa,Protests,"Peaceful protest",7,0,"48,037",Demonstrations,15.393,44.475
2025-04-26,"Middle East",Yemen,Shabwah,"Violence against civilians",Attack,1,1,"24,623","Political violence",14.651,46.620
2025-04-26,"Middle East",Yemen,Shabwah,"Strategic developments",Arrests,1,0,0,"Strategic developments",14.651,46.620
2025-04-26,"Middle East",Yemen,Shabwah,Battles,"Armed clash",2,0,"12,390","Political violence",14.651,46.620
2025-04-26,"Middle East",Yemen,Shabwah,"Strategic developments","Change to group/activity",1,0,0,"Strategic developments",14.651,46.620
2025-04-26,"Middle East",Yemen,Taizz,"Explosions/Remote violence","Air/drone strike",6,0,"113,887","Political violence",13.295,43.786
2025-04-26,"Middle East",Yemen,Taizz,Protests,"Peaceful protest",45,0,"280,327",Demonstrations,13.295,43.786
2025-04-26,"Middle East",Yemen,Taizz,"Strategic developments",Other,2,0,0,"Strategic developments",13.295,43.786
2025-04-26,"Middle East",Yemen,Taizz,"Violence against civilians",Attack,2,0,"49,797","Political violence",13.295,43.786
2025-04-26,"Middle East",Yemen,Taizz,"Explosions/Remote violence","Shelling/artillery/missile attack",4,2,"68,924","Political violence",13.295,43.786
2025-05-03,"International Waters","Indian Ocean","North Indian Ocean","Strategic developments",Other,1,0,0,"Strategic developments",13.728,70.473
2025-05-03,"International Waters","Indian Ocean","North Indian Ocean","Strategic developments","Disrupted weapons use",2,0,0,"Strategic developments",13.728,70.473
2025-05-03,"International Waters","Indian Ocean","North Indian Ocean","Explosions/Remote violence","Air/drone strike",3,0,0,"Political violence",13.728,70.473
2025-05-03,"Middle East",Yemen,Abyan,Protests,"Peaceful protest",1,0,"15,875",Demonstrations,13.627,46.228
2025-05-03,"Middle East",Yemen,Abyan,Battles,"Armed clash",2,1,"1,580","Political violence",13.627,46.228
2025-05-03,"Middle East",Yemen,Abyan,"Explosions/Remote violence","Air/drone strike",3,0,"32,086","Political violence",13.627,46.228
2025-05-03,"Middle East",Yemen,"Ad Dali",Protests,"Peaceful protest",4,0,"81,581",Demonstrations,13.894,44.783
2025-05-03,"Middle East",Yemen,"Ad Dali","Violence against civilians",Attack,1,0,812,"Political violence",13.894,44.783
2025-05-03,"Middle East",Yemen,"Ad Dali",Battles,"Armed clash",9,1,"16,448","Political violence",13.894,44.783
2025-05-03,"Middle East",Yemen,Aden,Protests,"Peaceful protest",3,0,"30,328",Demonstrations,12.806,44.788
2025-05-03,"Middle East",Yemen,Aden,Riots,"Violent demonstration",2,0,"58,687",Demonstrations,12.806,44.788
2025-05-03,"Middle East",Yemen,Aden,"Strategic developments",Arrests,1,0,0,"Strategic developments",12.806,44.788
2025-05-03,"Middle East",Yemen,Aden,Battles,"Armed clash",1,1,"11,314","Political violence",12.806,44.788
2025-05-03,"Middle East",Yemen,"Al Bayda",Battles,"Armed clash",2,5,"83,411","Political violence",14.326,45.216
2025-05-03,"Middle East",Yemen,"Al Bayda",Protests,"Peaceful protest",7,0,"96,733",Demonstrations,14.326,45.216
2025-05-03,"Middle East",Yemen,"Al Bayda","Violence against civilians",Attack,2,2,"34,689","Political violence",14.326,45.216
2025-05-03,"Middle East",Yemen,"Al Bayda","Strategic developments",Other,1,0,0,"Strategic developments",14.326,45.216
2025-05-03,"Middle East",Yemen,"Al Hudaydah",Battles,"Armed clash",16,3,"28,326","Political violence",14.779,43.218
2025-05-03,"Middle East",Yemen,"Al Hudaydah","Violence against civilians",Attack,1,1,"15,867","Political violence",14.779,43.218
2025-05-03,"Middle East",Yemen,"Al Hudaydah",Protests,"Peaceful protest",6,0,"110,913",Demonstrations,14.779,43.218
2025-05-03,"Middle East",Yemen,"Al Hudaydah","Explosions/Remote violence","Air/drone strike",9,4,"144,854","Political violence",14.779,43.218
2025-05-03,"Middle East",Yemen,"Al Hudaydah","Explosions/Remote violence","Remote explosive/landmine/IED",1,1,"3,594","Political violence",14.779,43.218
2025-05-03,"Middle East",Yemen,"Al Jawf","Explosions/Remote violence","Air/drone strike",7,3,"88,050","Political violence",16.596,45.599
2025-05-03,"Middle East",Yemen,"Al Jawf","Violence against civilians",Attack,1,1,"52,174","Political violence",16.596,45.599
2025-05-03,"Middle East",Yemen,"Al Jawf",Protests,"Peaceful protest",2,0,"30,538",Demonstrations,16.596,45.599
2025-05-03,"Middle East",Yemen,"Al Jawf",Battles,"Armed clash",1,1,"52,174","Political violence",16.596,45.599
2025-05-03,"Middle East",Yemen,"Al Mahwit","Explosions/Remote violence","Air/drone strike",1,6,"11,302","Political violence",15.308,43.499
2025-05-03,"Middle East",Yemen,"Al Mahwit",Protests,"Peaceful protest",2,0,"24,342",Demonstrations,15.308,43.499
2025-05-03,"Middle East",Yemen,"Amanat al Asimah","Explosions/Remote violence","Air/drone strike",7,2,"316,225","Political violence",15.420,44.192
2025-05-03,"Middle East",Yemen,"Amanat al Asimah",Protests,"Peaceful protest",6,0,"123,422",Demonstrations,15.420,44.192
2025-05-03,"Middle East",Yemen,"Amanat al Asimah","Violence against civilians","Abduction/forced disappearance",2,0,"44,908","Political violence",15.420,44.192
2025-05-03,"Middle East",Yemen,"Amanat al Asimah","Strategic developments",Agreement,1,0,0,"Strategic developments",15.420,44.192
2025-05-03,"Middle East",Yemen,Amran,Protests,"Peaceful protest",3,0,"73,417",Demonstrations,16.116,43.941
2025-05-03,"Middle East",Yemen,Amran,"Explosions/Remote violence","Air/drone strike",2,0,"77,359","Political violence",16.116,43.941
2025-05-03,"Middle East",Yemen,Dhamar,Protests,"Peaceful protest",1,0,"56,090",Demonstrations,14.540,44.306
2025-05-03,"Middle East",Yemen,Hadramawt,Protests,"Peaceful protest",3,0,"21,685",Demonstrations,16.529,48.627
2025-05-03,"Middle East",Yemen,Hajjah,Protests,"Peaceful protest",9,0,"44,217",Demonstrations,16.094,43.204
2025-05-03,"Middle East",Yemen,Ibb,Protests,"Peaceful protest",32,0,"358,027",Demonstrations,14.088,44.175
2025-05-03,"Middle East",Yemen,Ibb,"Violence against civilians","Abduction/forced disappearance",1,0,"22,006","Political violence",14.088,44.175
2025-05-03,"Middle East",Yemen,Ibb,"Strategic developments","Looting/property destruction",1,0,0,"Strategic developments",14.088,44.175
2025-05-03,"Middle East",Yemen,Ibb,"Explosions/Remote violence","Shelling/artillery/missile attack",1,0,"19,862","Political violence",14.088,44.175
2025-05-03,"Middle East",Yemen,Ibb,"Violence against civilians",Attack,1,0,"15,300","Political violence",14.088,44.175
2025-05-03,"Middle East",Yemen,Lahij,"Strategic developments","Disrupted weapons use",1,0,0,"Strategic developments",13.320,44.762
2025-05-03,"Middle East",Yemen,Lahij,Battles,"Armed clash",14,23,"19,999","Political violence",13.320,44.762
2025-05-03,"Middle East",Yemen,Lahij,"Strategic developments","Change to group/activity",1,0,0,"Strategic developments",13.320,44.762
2025-05-03,"Middle East",Yemen,Lahij,Protests,"Peaceful protest",3,0,"29,913",Demonstrations,13.320,44.762
2025-05-03,"Middle East",Yemen,Lahij,"Explosions/Remote violence","Shelling/artillery/missile attack",1,1,722,"Political violence",13.320,44.762
2025-05-03,"Middle East",Yemen,Marib,Battles,"Armed clash",4,23,"5,147","Political violence",15.333,45.452
2025-05-03,"Middle East",Yemen,Marib,Protests,"Peaceful protest",15,0,"33,991",Demonstrations,15.333,45.452
2025-05-03,"Middle East",Yemen,Marib,"Explosions/Remote violence","Air/drone strike",5,0,"11,121","Political violence",15.333,45.452
2025-05-03,"Middle East",Yemen,Raymah,Protests,"Peaceful protest",6,0,"21,823",Demonstrations,14.657,43.687
2025-05-03,"Middle East",Yemen,Sadah,Protests,"Peaceful protest",34,0,"155,699",Demonstrations,17.088,44.042
2025-05-03,"Middle East",Yemen,Sadah,"Explosions/Remote violence","Air/drone strike",3,0,"182,694","Political violence",17.088,44.042
2025-05-03,"Middle East",Yemen,Sadah,"Explosions/Remote violence","Shelling/artillery/missile attack",1,6,"10,823","Political violence",17.088,44.042
2025-05-03,"Middle East",Yemen,Sadah,"Violence against civilians",Attack,1,1,"18,869","Political violence",17.088,44.042
2025-05-03,"Middle East",Yemen,Sanaa,Protests,"Peaceful protest",5,0,"47,698",Demonstrations,15.393,44.475
2025-05-03,"Middle East",Yemen,Sanaa,"Explosions/Remote violence","Air/drone strike",9,1,"145,690","Political violence",15.393,44.475
2025-05-03,"Middle East",Yemen,Shabwah,Battles,"Armed clash",3,5,"72,083","Political violence",14.651,46.620
2025-05-03,"Middle East",Yemen,Suqutra,"Strategic developments","Looting/property destruction",1,0,0,"Strategic developments",12.508,53.893
2025-05-03,"Middle East",Yemen,Taizz,Protests,"Peaceful protest",39,0,"278,846",Demonstrations,13.295,43.786
2025-05-03,"Middle East",Yemen,Taizz,"Violence against civilians",Attack,3,3,"87,993","Political violence",13.295,43.786
2025-05-03,"Middle East",Yemen,Taizz,"Strategic developments","Change to group/activity",1,0,0,"Strategic developments",13.295,43.786
2025-05-03,"Middle East",Yemen,Taizz,Battles,"Armed clash",3,1,"43,182","Political violence",13.295,43.786
2025-05-03,"Middle East",Yemen,Taizz,"Explosions/Remote violence","Shelling/artillery/missile attack",1,1,"18,140","Political violence",13.295,43.786
2025-05-03,"Middle East",Yemen,Taizz,"Explosions/Remote violence","Remote explosive/landmine/IED",2,0,69,"Political violence",13.295,43.786
2025-05-03,"Middle East",Yemen,Taizz,"Strategic developments","Looting/property destruction",1,0,0,"Strategic developments",13.295,43.786
2025-05-10,"International Waters","Indian Ocean","North Indian Ocean","Strategic developments","Disrupted weapons use",4,0,0,"Strategic developments",13.728,70.473
2025-05-10,"International Waters","Indian Ocean","North Indian Ocean","Explosions/Remote violence","Shelling/artillery/missile attack",1,0,0,"Political violence",13.728,70.473
2025-05-10,"Middle East",Yemen,Abyan,"Violence against civilians","Abduction/forced disappearance",1,0,"7,116","Political violence",13.627,46.228
2025-05-10,"Middle East",Yemen,Abyan,Riots,"Violent demonstration",1,0,"20,498",Demonstrations,13.627,46.228
2025-05-10,"Middle East",Yemen,Abyan,"Violence against civilians",Attack,1,0,"7,116","Political violence",13.627,46.228
2025-05-10,"Middle East",Yemen,Abyan,Protests,"Peaceful protest",2,0,"22,339",Demonstrations,13.627,46.228
2025-05-10,"Middle East",Yemen,Abyan,Battles,"Armed clash",3,3,"28,751","Political violence",13.627,46.228
2025-05-10,"Middle East",Yemen,"Ad Dali",Battles,"Armed clash",9,2,"28,116","Political violence",13.894,44.783
2025-05-10,"Middle East",Yemen,"Ad Dali","Strategic developments","Disrupted weapons use",1,0,0,"Strategic developments",13.894,44.783
2025-05-10,"Middle East",Yemen,Aden,"Violence against civilians","Abduction/forced disappearance",1,0,"14,222","Political violence",12.806,44.788
2025-05-10,"Middle East",Yemen,Aden,Protests,"Peaceful protest",5,0,"56,844",Demonstrations,12.806,44.788
2025-05-10,"Middle East",Yemen,Aden,"Violence against civilians",Attack,1,0,"25,769","Political violence",12.806,44.788
2025-05-10,"Middle East",Yemen,"Al Bayda",Protests,"Peaceful protest",4,0,"70,330",Demonstrations,14.326,45.216
2025-05-10,"Middle East",Yemen,"Al Bayda","Explosions/Remote violence","Remote explosive/landmine/IED",1,1,"6,456","Political violence",14.326,45.216
2025-05-10,"Middle East",Yemen,"Al Bayda","Explosions/Remote violence","Air/drone strike",2,1,"2,548","Political violence",14.326,45.216
2025-05-10,"Middle East",Yemen,"Al Hudaydah",Battles,"Armed clash",6,0,"6,621","Political violence",14.779,43.218
2025-05-10,"Middle East",Yemen,"Al Hudaydah","Explosions/Remote violence","Remote explosive/landmine/IED",1,1,"65,194","Political violence",14.779,43.218
2025-05-10,"Middle East",Yemen,"Al Hudaydah","Explosions/Remote violence","Air/drone strike",2,1,"37,017","Political violence",14.779,43.218
2025-05-10,"Middle East",Yemen,"Al Hudaydah",Protests,"Peaceful protest",17,0,"290,794",Demonstrations,14.779,43.218
2025-05-10,"Middle East",Yemen,"Al Jawf",Battles,"Armed clash",1,3,51,"Political violence",16.596,45.599
2025-05-10,"Middle East",Yemen,"Al Jawf",Protests,"Peaceful protest",1,0,"30,538",Demonstrations,16.596,45.599
2025-05-10,"Middle East",Yemen,"Al Jawf","Strategic developments","Change to group/activity",1,0,0,"Strategic developments",16.596,45.599
2025-05-10,"Middle East",Yemen,"Al Mahwit",Protests,"Peaceful protest",1,0,"24,342",Demonstrations,15.308,43.499
2025-05-10,"Middle East",Yemen,"Amanat al Asimah",Protests,"Peaceful protest",4,0,"95,873",Demonstrations,15.420,44.192
2025-05-10,"Middle East",Yemen,"Amanat al Asimah","Strategic developments","Change to group/activity",1,0,0,"Strategic developments",15.420,44.192
2025-05-10,"Middle East",Yemen,"Amanat al Asimah","Violence against civilians","Abduction/forced disappearance",1,0,"44,908","Political violence",15.420,44.192
2025-05-10,"Middle East",Yemen,"Amanat al Asimah","Violence against civilians",Attack,1,0,"44,908","Political violence",15.420,44.192
2025-05-10,"Middle East",Yemen,Amran,Protests,"Peaceful protest",2,0,"48,266",Demonstrations,16.116,43.941
2025-05-10,"Middle East",Yemen,Amran,"Explosions/Remote violence",Grenade,1,0,"73,250","Political violence",16.116,43.941
2025-05-10,"Middle East",Yemen,Amran,Battles,"Armed clash",1,2,"27,831","Political violence",16.116,43.941
2025-05-10,"Middle East",Yemen,Dhamar,"Violence against civilians",Attack,1,1,"26,176","Political violence",14.540,44.306
2025-05-10,"Middle East",Yemen,Dhamar,Battles,"Armed clash",1,3,"26,176","Political violence",14.540,44.306
2025-05-10,"Middle East",Yemen,Dhamar,Protests,"Peaceful protest",1,0,"56,090",Demonstrations,14.540,44.306
2025-05-10,"Middle East",Yemen,Dhamar,"Violence against civilians","Abduction/forced disappearance",1,0,"112,692","Political violence",14.540,44.306
2025-05-10,"Middle East",Yemen,Hadramawt,Battles,"Armed clash",1,2,0,"Political violence",16.529,48.627
2025-05-10,"Middle East",Yemen,Hadramawt,"Strategic developments","Change to group/activity",2,0,0,"Strategic developments",16.529,48.627
2025-05-10,"Middle East",Yemen,Hajjah,"Explosions/Remote violence","Shelling/artillery/missile attack",1,0,"31,305","Political violence",16.094,43.204
2025-05-10,"Middle East",Yemen,Hajjah,Protests,"Peaceful protest",7,0,"39,821",Demonstrations,16.094,43.204
2025-05-10,"Middle East",Yemen,Ibb,Battles,"Armed clash",1,1,"34,878","Political violence",14.088,44.175
2025-05-10,"Middle East",Yemen,Ibb,"Violence against civilians",Attack,1,0,"21,747","Political violence",14.088,44.175
2025-05-10,"Middle East",Yemen,Ibb,Protests,"Peaceful protest",54,0,"451,118",Demonstrations,14.088,44.175
2025-05-10,"Middle East",Yemen,Ibb,"Violence against civilians","Abduction/forced disappearance",7,0,"388,760","Political violence",14.088,44.175
2025-05-10,"Middle East",Yemen,Lahij,"Strategic developments",Arrests,1,0,0,"Strategic developments",13.320,44.762
2025-05-10,"Middle East",Yemen,Lahij,Protests,"Peaceful protest",3,0,"20,350",Demonstrations,13.320,44.762
2025-05-10,"Middle East",Yemen,Lahij,"Explosions/Remote violence","Air/drone strike",1,0,"11,032","Political violence",13.320,44.762
2025-05-10,"Middle East",Yemen,Lahij,Battles,"Armed clash",9,7,"19,805","Political violence",13.320,44.762
2025-05-10,"Middle East",Yemen,Lahij,"Violence against civilians",Attack,1,1,"5,605","Political violence",13.320,44.762
2025-05-10,"Middle East",Yemen,Marib,"Strategic developments","Change to group/activity",2,0,0,"Strategic developments",15.333,45.452
2025-05-10,"Middle East",Yemen,Marib,"Strategic developments","Looting/property destruction",1,0,0,"Strategic developments",15.333,45.452
2025-05-10,"Middle East",Yemen,Marib,Protests,"Peaceful protest",16,0,"40,686",Demonstrations,15.333,45.452
2025-05-10,"Middle East",Yemen,Raymah,Protests,"Peaceful protest",2,0,"3,016",Demonstrations,14.657,43.687
2025-05-10,"Middle East",Yemen,Sadah,"Strategic developments","Change to group/activity",1,0,0,"Strategic developments",17.088,44.042
2025-05-10,"Middle East",Yemen,Sadah,"Violence against civilians",Attack,1,1,"2,879","Political violence",17.088,44.042
2025-05-10,"Middle East",Yemen,Sadah,"Strategic developments","Looting/property destruction",1,0,0,"Strategic developments",17.088,44.042
2025-05-10,"Middle East",Yemen,Sadah,"Explosions/Remote violence","Shelling/artillery/missile attack",1,0,962,"Political violence",17.088,44.042
2025-05-10,"Middle East",Yemen,Sadah,Protests,"Peaceful protest",34,0,"155,699",Demonstrations,17.088,44.042
2025-05-10,"Middle East",Yemen,Sanaa,Protests,"Peaceful protest",4,0,"46,954",Demonstrations,15.393,44.475
2025-05-10,"Middle East",Yemen,Shabwah,"Explosions/Remote violence","Air/drone strike",2,2,"3,489","Political violence",14.651,46.620
2025-05-10,"Middle East",Yemen,Shabwah,Battles,"Armed clash",2,0,"17,199","Political violence",14.651,46.620
2025-05-10,"Middle East",Yemen,Shabwah,"Strategic developments",Other,1,0,0,"Strategic developments",14.651,46.620
2025-05-10,"Middle East",Yemen,Shabwah,"Strategic developments",Arrests,1,0,0,"Strategic developments",14.651,46.620
2025-05-10,"Middle East",Yemen,Suqutra,"Strategic developments",Other,1,0,0,"Strategic developments",12.508,53.893
2025-05-10,"Middle East",Yemen,Taizz,"Explosions/Remote violence","Shelling/artillery/missile attack",2,0,"30,158","Political violence",13.295,43.786
2025-05-10,"Middle East",Yemen,Taizz,Battles,"Armed clash",2,2,"81,460","Political violence",13.295,43.786
2025-05-10,"Middle East",Yemen,Taizz,"Violence against civilians",Attack,1,0,"13,561","Political violence",13.295,43.786
2025-05-10,"Middle East",Yemen,Taizz,"Explosions/Remote violence","Remote explosive/landmine/IED",1,0,"6,208","Political violence",13.295,43.786
2025-05-10,"Middle East",Yemen,Taizz,"Strategic developments","Change to group/activity",1,0,0,"Strategic developments",13.295,43.786
2025-05-10,"Middle East",Yemen,Taizz,"Strategic developments","Disrupted weapons use",2,0,0,"Strategic developments",13.295,43.786
2025-05-10,"Middle East",Yemen,Taizz,Protests,"Peaceful protest",48,0,"202,754",Demonstrations,13.295,43.786
2025-05-17,"International Waters","Indian Ocean","North Indian Ocean","Explosions/Remote violence","Shelling/artillery/missile attack",1,0,0,"Political violence",13.728,70.473
2025-05-17,"International Waters","Indian Ocean","North Indian Ocean","Strategic developments","Disrupted weapons use",4,0,0,"Strategic developments",13.728,70.473
2025-05-17,"International Waters","Indian Ocean","North Indian Ocean","Explosions/Remote violence","Air/drone strike",1,0,0,"Political violence",13.728,70.473
2025-05-17,"International Waters","Indian Ocean","North Indian Ocean","Strategic developments",Other,1,0,0,"Strategic developments",13.728,70.473
2025-05-17,"Middle East",Yemen,Abyan,Battles,"Armed clash",7,7,"70,589","Political violence",13.627,46.228
2025-05-17,"Middle East",Yemen,Abyan,"Violence against civilians",Attack,1,1,"23,801","Political violence",13.627,46.228
2025-05-17,"Middle East",Yemen,Abyan,Protests,"Peaceful protest",2,0,"24,588",Demonstrations,13.627,46.228
2025-05-17,"Middle East",Yemen,Abyan,"Explosions/Remote violence","Remote explosive/landmine/IED",1,1,"1,536","Political violence",13.627,46.228
2025-05-17,"Middle East",Yemen,Abyan,"Explosions/Remote violence","Air/drone strike",2,9,83,"Political violence",13.627,46.228
2025-05-17,"Middle East",Yemen,"Ad Dali",Battles,"Armed clash",9,5,"22,577","Political violence",13.894,44.783
2025-05-17,"Middle East",Yemen,"Ad Dali",Protests,"Peaceful protest",5,0,"90,406",Demonstrations,13.894,44.783
2025-05-17,"Middle East",Yemen,Aden,"Strategic developments",Arrests,1,0,0,"Strategic developments",12.806,44.788
2025-05-17,"Middle East",Yemen,Aden,Protests,"Peaceful protest",1,0,"20,733",Demonstrations,12.806,44.788
2025-05-17,"Middle East",Yemen,Aden,Riots,"Violent demonstration",2,0,"15,987",Demonstrations,12.806,44.788
2025-05-17,"Middle East",Yemen,"Al Bayda",Battles,"Armed clash",2,1,"99,148","Political violence",14.326,45.216
2025-05-17,"Middle East",Yemen,"Al Bayda","Strategic developments",Other,1,0,0,"Strategic developments",14.326,45.216
2025-05-17,"Middle East",Yemen,"Al Bayda","Explosions/Remote violence","Air/drone strike",1,0,"2,548","Political violence",14.326,45.216
2025-05-17,"Middle East",Yemen,"Al Bayda","Violence against civilians",Attack,1,1,"83,969","Political violence",14.326,45.216
2025-05-17,"Middle East",Yemen,"Al Bayda",Protests,"Peaceful protest",8,0,"70,611",Demonstrations,14.326,45.216
2025-05-17,"Middle East",Yemen,"Al Hudaydah","Violence against civilians",Attack,1,2,0,"Political violence",14.779,43.218
2025-05-17,"Middle East",Yemen,"Al Hudaydah","Strategic developments",Arrests,2,0,0,"Strategic developments",14.779,43.218
2025-05-17,"Middle East",Yemen,"Al Hudaydah","Violence against civilians","Abduction/forced disappearance",3,0,"114,158","Political violence",14.779,43.218
2025-05-17,"Middle East",Yemen,"Al Hudaydah","Strategic developments","Change to group/activity",1,0,0,"Strategic developments",14.779,43.218
2025-05-17,"Middle East",Yemen,"Al Hudaydah",Protests,"Peaceful protest",10,0,"118,481",Demonstrations,14.779,43.218
2025-05-17,"Middle East",Yemen,"Al Hudaydah","Strategic developments","Disrupted weapons use",1,0,0,"Strategic developments",14.779,43.218
2025-05-17,"Middle East",Yemen,"Al Hudaydah",Battles,"Armed clash",6,0,"11,117","Political violence",14.779,43.218
2025-05-17,"Middle East",Yemen,"Al Hudaydah","Explosions/Remote violence","Remote explosive/landmine/IED",2,1,"7,823","Political violence",14.779,43.218
2025-05-17,"Middle East",Yemen,"Al Jawf","Strategic developments","Change to group/activity",4,0,0,"Strategic developments",16.596,45.599
2025-05-17,"Middle East",Yemen,"Al Jawf",Protests,"Peaceful protest",1,0,"30,538",Demonstrations,16.596,45.599
2025-05-17,"Middle East",Yemen,"Al Jawf","Violence against civilians",Attack,1,1,"8,548","Political violence",16.596,45.599
2025-05-17,"Middle East",Yemen,"Al Mahrah","Strategic developments",Other,1,0,0,"Strategic developments",17.057,51.824
2025-05-17,"Middle East",Yemen,"Al Mahwit",Protests,"Peaceful protest",2,0,"42,018",Demonstrations,15.308,43.499
2025-05-17,"Middle East",Yemen,"Amanat al Asimah","Strategic developments","Looting/property destruction",6,0,0,"Strategic developments",15.420,44.192
2025-05-17,"Middle East",Yemen,"Amanat al Asimah",Protests,"Peaceful protest",6,0,"262,202",Demonstrations,15.420,44.192
2025-05-17,"Middle East",Yemen,"Amanat al Asimah","Violence against civilians","Abduction/forced disappearance",3,0,"85,442","Political violence",15.420,44.192
2025-05-17,"Middle East",Yemen,"Amanat al Asimah","Strategic developments","Change to group/activity",1,0,0,"Strategic developments",15.420,44.192
2025-05-17,"Middle East",Yemen,Amran,"Violence against civilians",Attack,1,1,"29,895","Political violence",16.116,43.941
2025-05-17,"Middle East",Yemen,Amran,"Explosions/Remote violence","Remote explosive/landmine/IED",1,0,"18,892","Political violence",16.116,43.941
2025-05-17,"Middle East",Yemen,Amran,Protests,"Peaceful protest",2,0,"48,266",Demonstrations,16.116,43.941
2025-05-17,"Middle East",Yemen,Amran,"Violence against civilians","Abduction/forced disappearance",1,0,"51,815","Political violence",16.116,43.941
2025-05-17,"Middle East",Yemen,Dhamar,"Explosions/Remote violence",Grenade,1,0,"14,439","Political violence",14.540,44.306
2025-05-17,"Middle East",Yemen,Dhamar,Protests,"Peaceful protest",4,0,"56,917",Demonstrations,14.540,44.306
2025-05-17,"Middle East",Yemen,Dhamar,"Violence against civilians",Attack,1,0,"112,692","Political violence",14.540,44.306
2025-05-17,"Middle East",Yemen,Dhamar,"Violence against civilians","Abduction/forced disappearance",1,0,"112,692","Political violence",14.540,44.306
2025-05-17,"Middle East",Yemen,Hadramawt,Battles,"Armed clash",1,2,"2,568","Political violence",16.529,48.627
2025-05-17,"Middle East",Yemen,Hadramawt,Protests,"Peaceful protest",1,0,"1,448",Demonstrations,16.529,48.627
2025-05-17,"Middle East",Yemen,Hadramawt,"Strategic developments","Change to group/activity",3,0,0,"Strategic developments",16.529,48.627
2025-05-17,"Middle East",Yemen,Hajjah,"Violence against civilians",Attack,1,1,"38,348","Political violence",16.094,43.204
2025-05-17,"Middle East",Yemen,Hajjah,"Strategic developments","Disrupted weapons use",1,0,0,"Strategic developments",16.094,43.204
2025-05-17,"Middle East",Yemen,Hajjah,Protests,"Peaceful protest",2,0,"20,973",Demonstrations,16.094,43.204
2025-05-17,"Middle East",Yemen,Ibb,Protests,"Peaceful protest",50,0,"437,434",Demonstrations,14.088,44.175
2025-05-17,"Middle East",Yemen,Ibb,"Violence against civilians",Attack,2,2,"53,088","Political violence",14.088,44.175
2025-05-17,"Middle East",Yemen,Ibb,Battles,"Armed clash",1,2,"53,088","Political violence",14.088,44.175
2025-05-17,"Middle East",Yemen,Ibb,"Violence against civilians","Abduction/forced disappearance",2,0,"76,178","Political violence",14.088,44.175
2025-05-17,"Middle East",Yemen,Lahij,"Strategic developments",Arrests,1,0,0,"Strategic developments",13.320,44.762
2025-05-17,"Middle East",Yemen,Lahij,"Explosions/Remote violence","Shelling/artillery/missile attack",2,0,"24,182","Political violence",13.320,44.762
2025-05-17,"Middle East",Yemen,Lahij,Protests,"Peaceful protest",4,0,"48,615",Demonstrations,13.320,44.762
2025-05-17,"Middle East",Yemen,Lahij,Battles,"Armed clash",10,0,"20,527","Political violence",13.320,44.762
2025-05-17,"Middle East",Yemen,Lahij,"Strategic developments","Change to group/activity",1,0,0,"Strategic developments",13.320,44.762
2025-05-17,"Middle East",Yemen,Lahij,"Strategic developments",Other,1,0,0,"Strategic developments",13.320,44.762
2025-05-17,"Middle East",Yemen,Lahij,"Violence against civilians",Attack,1,1,"5,605","Political violence",13.320,44.762
2025-05-17,"Middle East",Yemen,Marib,Protests,"Peaceful protest",17,0,"20,730",Demonstrations,15.333,45.452
2025-05-17,"Middle East",Yemen,Marib,Protests,"Protest with intervention",1,0,"15,557",Demonstrations,15.333,45.452
2025-05-17,"Middle East",Yemen,Marib,"Strategic developments","Change to group/activity",1,0,0,"Strategic developments",15.333,45.452
2025-05-17,"Middle East",Yemen,Marib,"Violence against civilians",Attack,1,1,"1,453","Political violence",15.333,45.452
2025-05-17,"Middle East",Yemen,Marib,Battles,"Armed clash",3,1,"40,489","Political violence",15.333,45.452
2025-05-17,"Middle East",Yemen,Raymah,Protests,"Peaceful protest",5,0,"5,439",Demonstrations,14.657,43.687
2025-05-17,"Middle East",Yemen,Sadah,Protests,"Peaceful protest",34,0,"155,699",Demonstrations,17.088,44.042
2025-05-17,"Middle East",Yemen,Sadah,"Violence against civilians",Attack,1,1,"16,782","Political violence",17.088,44.042
2025-05-17,"Middle East",Yemen,Sadah,"Explosions/Remote violence","Shelling/artillery/missile attack",1,1,"25,445","Political violence",17.088,44.042
2025-05-17,"Middle East",Yemen,Sanaa,Protests,"Peaceful protest",74,0,"145,716",Demonstrations,15.393,44.475
2025-05-17,"Middle East",Yemen,Sanaa,Battles,"Armed clash",1,0,"13,692","Political violence",15.393,44.475
2025-05-17,"Middle East",Yemen,Sanaa,"Explosions/Remote violence","Remote explosive/landmine/IED",1,50,"15,091","Political violence",15.393,44.475
2025-05-17,"Middle East",Yemen,Shabwah,Protests,"Peaceful protest",1,0,"14,415",Demonstrations,14.651,46.620
2025-05-17,"Middle East",Yemen,Shabwah,"Explosions/Remote violence","Air/drone strike",2,2,"4,273","Political violence",14.651,46.620
2025-05-17,"Middle East",Yemen,Shabwah,Battles,"Armed clash",4,0,"13,513","Political violence",14.651,46.620
2025-05-17,"Middle East",Yemen,Suqutra,"Violence against civilians","Abduction/forced disappearance",1,0,"53,572","Political violence",12.508,53.893
2025-05-17,"Middle East",Yemen,Taizz,Battles,"Armed clash",3,4,"40,669","Political violence",13.295,43.786
2025-05-17,"Middle East",Yemen,Taizz,Protests,"Peaceful protest",18,0,"199,401",Demonstrations,13.295,43.786
2025-05-17,"Middle East",Yemen,Taizz,"Explosions/Remote violence","Shelling/artillery/missile attack",1,0,"21,449","Political violence",13.295,43.786
2025-05-17,"Middle East",Yemen,Taizz,"Strategic developments","Change to group/activity",2,0,0,"Strategic developments",13.295,43.786
2025-05-17,"Middle East",Yemen,Taizz,"Strategic developments","Looting/property destruction",1,0,0,"Strategic developments",13.295,43.786
2025-05-17,"Middle East",Yemen,Taizz,"Violence against civilians",Attack,1,0,"16,561","Political violence",13.295,43.786
2025-05-17,"Middle East",Yemen,Taizz,"Strategic developments","Disrupted weapons use",1,0,0,"Strategic developments",13.295,43.786
2025-05-17,"Middle East",Yemen,Taizz,"Explosions/Remote violence","Remote explosive/landmine/IED",1,0,"23,146","Political violence",13.295,43.786
2025-05-24,"International Waters","Indian Ocean","North Indian Ocean","Strategic developments","Change to group/activity",1,0,0,"Strategic developments",13.728,70.473
2025-05-24,"International Waters","Indian Ocean","North Indian Ocean","Strategic developments","Disrupted weapons use",2,0,0,"Strategic developments",13.728,70.473
2025-05-24,"Middle East",Yemen,Abyan,"Strategic developments","Disrupted weapons use",1,0,0,"Strategic developments",13.627,46.228
2025-05-24,"Middle East",Yemen,Abyan,Battles,"Armed clash",2,0,"10,635","Political violence",13.627,46.228
2025-05-24,"Middle East",Yemen,Abyan,"Violence against civilians",Attack,1,1,"41,742","Political violence",13.627,46.228
2025-05-24,"Middle East",Yemen,Abyan,"Strategic developments","Change to group/activity",4,0,0,"Strategic developments",13.627,46.228
2025-05-24,"Middle East",Yemen,Abyan,Protests,"Peaceful protest",2,0,"64,786",Demonstrations,13.627,46.228
2025-05-24,"Middle East",Yemen,"Ad Dali",Protests,"Peaceful protest",6,0,"81,581",Demonstrations,13.894,44.783
2025-05-24,"Middle East",Yemen,"Ad Dali",Battles,"Armed clash",9,8,"20,837","Political violence",13.894,44.783
2025-05-24,"Middle East",Yemen,"Ad Dali","Strategic developments","Looting/property destruction",1,0,0,"Strategic developments",13.894,44.783
2025-05-24,"Middle East",Yemen,"Ad Dali","Strategic developments","Change to group/activity",1,0,0,"Strategic developments",13.894,44.783
2025-05-24,"Middle East",Yemen,"Ad Dali","Explosions/Remote violence","Remote explosive/landmine/IED",1,1,"5,193","Political violence",13.894,44.783
2025-05-24,"Middle East",Yemen,"Ad Dali","Strategic developments",Other,2,0,0,"Strategic developments",13.894,44.783
2025-05-24,"Middle East",Yemen,Aden,Protests,"Peaceful protest",3,0,"31,332",Demonstrations,12.806,44.788
2025-05-24,"Middle East",Yemen,Aden,"Strategic developments","Disrupted weapons use",1,0,0,"Strategic developments",12.806,44.788
2025-05-24,"Middle East",Yemen,Aden,Protests,"Excessive force against protesters",1,0,"2,752","Political violence; Demonstrations",12.806,44.788
2025-05-24,"Middle East",Yemen,Aden,"Strategic developments","Change to group/activity",3,0,0,"Strategic developments",12.806,44.788
2025-05-24,"Middle East",Yemen,Aden,Battles,"Armed clash",1,1,"16,783","Political violence",12.806,44.788
2025-05-24,"Middle East",Yemen,"Al Bayda",Protests,"Peaceful protest",8,0,"95,108",Demonstrations,14.326,45.216
2025-05-24,"Middle East",Yemen,"Al Bayda",Battles,"Armed clash",1,0,"15,179","Political violence",14.326,45.216
2025-05-24,"Middle East",Yemen,"Al Hudaydah",Protests,"Peaceful protest",4,0,"189,465",Demonstrations,14.779,43.218
2025-05-24,"Middle East",Yemen,"Al Hudaydah","Violence against civilians","Abduction/forced disappearance",2,0,"42,378","Political violence",14.779,43.218
2025-05-24,"Middle East",Yemen,"Al Hudaydah",Battles,"Armed clash",16,0,"12,459","Political violence",14.779,43.218
2025-05-24,"Middle East",Yemen,"Al Hudaydah","Explosions/Remote violence","Remote explosive/landmine/IED",3,3,"66,234","Political violence",14.779,43.218
2025-05-24,"Middle East",Yemen,"Al Hudaydah","Strategic developments","Looting/property destruction",1,0,0,"Strategic developments",14.779,43.218
2025-05-24,"Middle East",Yemen,"Al Hudaydah","Violence against civilians",Attack,1,0,"62,090","Political violence",14.779,43.218
2025-05-24,"Middle East",Yemen,"Al Jawf","Explosions/Remote violence","Remote explosive/landmine/IED",1,5,142,"Political violence",16.596,45.599
2025-05-24,"Middle East",Yemen,"Al Jawf","Violence against civilians",Attack,1,1,416,"Political violence",16.596,45.599
2025-05-24,"Middle East",Yemen,"Al Jawf",Battles,"Armed clash",4,5,"65,497","Political violence",16.596,45.599
2025-05-24,"Middle East",Yemen,"Al Mahwit",Protests,"Peaceful protest",1,0,"24,342",Demonstrations,15.308,43.499
2025-05-24,"Middle East",Yemen,"Amanat al Asimah",Protests,"Peaceful protest",10,0,"204,193",Demonstrations,15.420,44.192
2025-05-24,"Middle East",Yemen,"Amanat al Asimah","Explosions/Remote violence","Air/drone strike",1,0,"13,217","Political violence",15.420,44.192
2025-05-24,"Middle East",Yemen,"Amanat al Asimah","Violence against civilians","Abduction/forced disappearance",1,0,"44,908","Political violence",15.420,44.192
2025-05-24,"Middle East",Yemen,"Amanat al Asimah","Violence against civilians",Attack,1,1,"44,908","Political violence",15.420,44.192
2025-05-24,"Middle East",Yemen,"Amanat al Asimah","Strategic developments","Looting/property destruction",1,0,0,"Strategic developments",15.420,44.192
2025-05-24,"Middle East",Yemen,"Amanat al Asimah","Strategic developments",Other,2,0,0,"Strategic developments",15.420,44.192
2025-05-24,"Middle East",Yemen,Amran,"Violence against civilians","Abduction/forced disappearance",1,0,"82,929","Political violence",16.116,43.941
2025-05-24,"Middle East",Yemen,Amran,Protests,"Peaceful protest",2,0,"48,266",Demonstrations,16.116,43.941
2025-05-24,"Middle East",Yemen,Amran,"Strategic developments","Looting/property destruction",1,0,0,"Strategic developments",16.116,43.941
2025-05-24,"Middle East",Yemen,Amran,"Violence against civilians",Attack,1,1,"27,926","Political violence",16.116,43.941
2025-05-24,"Middle East",Yemen,Dhamar,Protests,"Peaceful protest",3,0,"56,090",Demonstrations,14.540,44.306
2025-05-24,"Middle East",Yemen,Hadramawt,"Strategic developments",Other,1,0,0,"Strategic developments",16.529,48.627
2025-05-24,"Middle East",Yemen,Hadramawt,Protests,"Peaceful protest",2,0,"38,950",Demonstrations,16.529,48.627
2025-05-24,"Middle East",Yemen,Hajjah,Protests,"Peaceful protest",10,0,"38,847",Demonstrations,16.094,43.204
2025-05-24,"Middle East",Yemen,Hajjah,"Strategic developments","Looting/property destruction",1,0,0,"Strategic developments",16.094,43.204
2025-05-24,"Middle East",Yemen,Ibb,"Strategic developments","Looting/property destruction",1,0,0,"Strategic developments",14.088,44.175
2025-05-24,"Middle East",Yemen,Ibb,Protests,"Peaceful protest",56,0,"410,197",Demonstrations,14.088,44.175
2025-05-24,"Middle East",Yemen,Ibb,"Violence against civilians","Abduction/forced disappearance",1,0,"50,844","Political violence",14.088,44.175
2025-05-24,"Middle East",Yemen,Ibb,"Strategic developments",Other,1,0,0,"Strategic developments",14.088,44.175
2025-05-24,"Middle East",Yemen,Ibb,"Violence against civilians",Attack,3,0,"72,863","Political violence",14.088,44.175
2025-05-24,"Middle East",Yemen,Lahij,"Explosions/Remote violence","Shelling/artillery/missile attack",1,1,722,"Political violence",13.320,44.762
2025-05-24,"Middle East",Yemen,Lahij,Battles,"Armed clash",13,16,"100,618","Political violence",13.320,44.762
2025-05-24,"Middle East",Yemen,Lahij,Protests,"Peaceful protest",2,0,"6,099",Demonstrations,13.320,44.762
2025-05-24,"Middle East",Yemen,Marib,Battles,"Armed clash",3,4,"56,624","Political violence",15.333,45.452
2025-05-24,"Middle East",Yemen,Marib,"Explosions/Remote violence","Remote explosive/landmine/IED",1,1,"9,341","Political violence",15.333,45.452
2025-05-24,"Middle East",Yemen,Marib,"Violence against civilians","Abduction/forced disappearance",1,0,"1,340","Political violence",15.333,45.452
2025-05-24,"Middle East",Yemen,Marib,Protests,"Peaceful protest",14,0,"20,717",Demonstrations,15.333,45.452
2025-05-24,"Middle East",Yemen,Marib,"Strategic developments","Change to group/activity",1,0,0,"Strategic developments",15.333,45.452
2025-05-24,"Middle East",Yemen,Raymah,Protests,"Peaceful protest",2,0,"3,016",Demonstrations,14.657,43.687
2025-05-24,"Middle East",Yemen,Sadah,"Explosions/Remote violence","Air/drone strike",1,4,"21,327","Political violence",17.088,44.042
2025-05-24,"Middle East",Yemen,Sadah,"Explosions/Remote violence","Remote explosive/landmine/IED",1,0,"3,968","Political violence",17.088,44.042
2025-05-24,"Middle East",Yemen,Sadah,Protests,"Peaceful protest",34,0,"155,699",Demonstrations,17.088,44.042
2025-05-24,"Middle East",Yemen,Sadah,"Violence against civilians",Attack,2,0,"11,934","Political violence",17.088,44.042
2025-05-24,"Middle East",Yemen,Sadah,"Strategic developments","Looting/property destruction",1,0,0,"Strategic developments",17.088,44.042
2025-05-24,"Middle East",Yemen,Sanaa,Protests,"Excessive force against protesters",1,0,"1,324","Political violence; Demonstrations",15.393,44.475
2025-05-24,"Middle East",Yemen,Sanaa,"Violence against civilians","Abduction/forced disappearance",1,0,"2,086","Political violence",15.393,44.475
2025-05-24,"Middle East",Yemen,Sanaa,Protests,"Peaceful protest",32,0,"76,794",Demonstrations,15.393,44.475
2025-05-24,"Middle East",Yemen,Sanaa,Battles,"Armed clash",1,0,"5,675","Political violence",15.393,44.475
2025-05-24,"Middle East",Yemen,Shabwah,Battles,"Armed clash",3,1,"15,012","Political violence",14.651,46.620
2025-05-24,"Middle East",Yemen,Shabwah,"Violence against civilians",Attack,1,0,"26,664","Political violence",14.651,46.620
2025-05-24,"Middle East",Yemen,Shabwah,"Explosions/Remote violence","Shelling/artillery/missile attack",1,0,"1,962","Political violence",14.651,46.620
2025-05-24,"Middle East",Yemen,Shabwah,"Strategic developments","Change to group/activity",4,0,0,"Strategic developments",14.651,46.620
2025-05-24,"Middle East",Yemen,Shabwah,"Explosions/Remote violence","Air/drone strike",4,0,"47,577","Political violence",14.651,46.620
2025-05-24,"Middle East",Yemen,Taizz,Battles,"Armed clash",1,10,"4,954","Political violence",13.295,43.786
2025-05-24,"Middle East",Yemen,Taizz,"Strategic developments","Headquarters or base established",2,0,0,"Strategic developments",13.295,43.786
2025-05-24,"Middle East",Yemen,Taizz,"Explosions/Remote violence","Shelling/artillery/missile attack",1,1,"1,347","Political violence",13.295,43.786
2025-05-24,"Middle East",Yemen,Taizz,Protests,"Peaceful protest",14,0,"181,804",Demonstrations,13.295,43.786
2025-05-24,"Middle East",Yemen,Taizz,"Violence against civilians",Attack,2,1,"25,555","Political violence",13.295,43.786
2025-05-24,"Middle East",Yemen,Taizz,"Explosions/Remote violence","Remote explosive/landmine/IED",1,4,"59,385","Political violence",13.295,43.786
2025-05-24,"Middle East",Yemen,Taizz,"Explosions/Remote violence","Air/drone strike",1,1,"15,459","Political violence",13.295,43.786
2025-05-24,"Middle East",Yemen,Taizz,"Strategic developments","Change to group/activity",1,0,0,"Strategic developments",13.295,43.786
2025-05-24,"Middle East",Yemen,Taizz,"Explosions/Remote violence",Grenade,1,0,"79,003","Political violence",13.295,43.786
2025-05-31,"International Waters","Indian Ocean","North Indian Ocean","Explosions/Remote violence","Air/drone strike",2,0,0,"Political violence",13.728,70.473
2025-05-31,"International Waters","Indian Ocean","North Indian Ocean","Strategic developments","Disrupted weapons use",3,0,0,"Strategic developments",13.728,70.473
2025-05-31,"Middle East",Yemen,Abyan,Riots,"Violent demonstration",1,0,"15,016",Demonstrations,13.627,46.228
2025-05-31,"Middle East",Yemen,Abyan,"Strategic developments","Disrupted weapons use",1,0,0,"Strategic developments",13.627,46.228
2025-05-31,"Middle East",Yemen,Abyan,Battles,"Armed clash",1,2,623,"Political violence",13.627,46.228
2025-05-31,"Middle East",Yemen,Abyan,"Explosions/Remote violence","Air/drone strike",1,5,602,"Political violence",13.627,46.228
2025-05-31,"Middle East",Yemen,"Ad Dali","Violence against civilians",Attack,1,1,"43,095","Political violence",13.894,44.783
2025-05-31,"Middle East",Yemen,"Ad Dali",Protests,"Peaceful protest",2,0,"30,910",Demonstrations,13.894,44.783
2025-05-31,"Middle East",Yemen,"Ad Dali",Battles,"Armed clash",8,4,"11,255","Political violence",13.894,44.783
2025-05-31,"Middle East",Yemen,"Ad Dali","Strategic developments","Change to group/activity",1,0,0,"Strategic developments",13.894,44.783
2025-05-31,"Middle East",Yemen,Aden,Protests,"Peaceful protest",1,0,"11,738",Demonstrations,12.806,44.788
2025-05-31,"Middle East",Yemen,Aden,"Violence against civilians","Abduction/forced disappearance",1,0,"25,769","Political violence",12.806,44.788
2025-05-31,"Middle East",Yemen,"Al Bayda","Explosions/Remote violence","Remote explosive/landmine/IED",1,1,"44,038","Political violence",14.326,45.216
2025-05-31,"Middle East",Yemen,"Al Bayda",Protests,"Peaceful protest",1,0,"42,331",Demonstrations,14.326,45.216
2025-05-31,"Middle East",Yemen,"Al Hudaydah","Strategic developments","Headquarters or base established",3,0,0,"Strategic developments",14.779,43.218
2025-05-31,"Middle East",Yemen,"Al Hudaydah",Protests,"Peaceful protest",6,0,"63,471",Demonstrations,14.779,43.218
2025-05-31,"Middle East",Yemen,"Al Hudaydah","Explosions/Remote violence","Remote explosive/landmine/IED",1,0,"4,409","Political violence",14.779,43.218
2025-05-31,"Middle East",Yemen,"Al Hudaydah","Strategic developments","Change to group/activity",1,0,0,"Strategic developments",14.779,43.218
2025-05-31,"Middle East",Yemen,"Al Hudaydah",Battles,"Armed clash",9,1,"12,700","Political violence",14.779,43.218
2025-05-31,"Middle East",Yemen,"Al Jawf",Protests,"Peaceful protest",47,0,"123,847",Demonstrations,16.596,45.599
2025-05-31,"Middle East",Yemen,"Al Jawf","Violence against civilians",Attack,1,0,"39,346","Political violence",16.596,45.599
2025-05-31,"Middle East",Yemen,"Al Jawf","Explosions/Remote violence","Shelling/artillery/missile attack",1,0,0,"Political violence",16.596,45.599
2025-05-31,"Middle East",Yemen,"Al Jawf",Battles,"Armed clash",1,0,0,"Political violence",16.596,45.599
2025-05-31,"Middle East",Yemen,"Al Mahwit",Protests,"Peaceful protest",1,0,"24,342",Demonstrations,15.308,43.499
2025-05-31,"Middle East",Yemen,"Al Mahwit","Strategic developments","Looting/property destruction",1,0,0,"Strategic developments",15.308,43.499
2025-05-31,"Middle East",Yemen,"Amanat al Asimah","Strategic developments",Other,1,0,0,"Strategic developments",15.420,44.192
2025-05-31,"Middle East",Yemen,"Amanat al Asimah",Protests,"Peaceful protest",2,0,"70,826",Demonstrations,15.420,44.192
2025-05-31,"Middle East",Yemen,"Amanat al Asimah","Violence against civilians","Abduction/forced disappearance",1,0,"44,908","Political violence",15.420,44.192
2025-05-31,"Middle East",Yemen,"Amanat al Asimah","Strategic developments",Arrests,5,0,0,"Strategic developments",15.420,44.192
2025-05-31,"Middle East",Yemen,Amran,Protests,"Peaceful protest",2,0,"48,266",Demonstrations,16.116,43.941
2025-05-31,"Middle East",Yemen,Amran,Battles,"Armed clash",2,1,"45,240","Political violence",16.116,43.941
2025-05-31,"Middle East",Yemen,Dhamar,Protests,"Peaceful protest",8,0,"89,700",Demonstrations,14.540,44.306
2025-05-31,"Middle East",Yemen,Dhamar,Battles,"Armed clash",1,0,"45,841","Political violence",14.540,44.306
2025-05-31,"Middle East",Yemen,Dhamar,"Strategic developments",Other,2,0,0,"Strategic developments",14.540,44.306
2025-05-31,"Middle East",Yemen,Hadramawt,"Strategic developments",Other,1,0,0,"Strategic developments",16.529,48.627
2025-05-31,"Middle East",Yemen,Hajjah,Protests,"Peaceful protest",9,0,"51,066",Demonstrations,16.094,43.204
2025-05-31,"Middle East",Yemen,Hajjah,Battles,"Armed clash",2,1,"257,707","Political violence",16.094,43.204
2025-05-31,"Middle East",Yemen,Ibb,Protests,"Peaceful protest",1,0,"35,384",Demonstrations,14.088,44.175
2025-05-31,"Middle East",Yemen,Ibb,"Violence against civilians","Abduction/forced disappearance",1,0,"186,138","Political violence",14.088,44.175
2025-05-31,"Middle East",Yemen,Lahij,Battles,"Armed clash",7,0,"57,405","Political violence",13.320,44.762
2025-05-31,"Middle East",Yemen,Marib,"Explosions/Remote violence","Remote explosive/landmine/IED",1,0,"11,749","Political violence",15.333,45.452
2025-05-31,"Middle East",Yemen,Marib,Protests,"Peaceful protest",1,0,"15,557",Demonstrations,15.333,45.452
2025-05-31,"Middle East",Yemen,Marib,"Explosions/Remote violence","Shelling/artillery/missile attack",1,0,"1,007","Political violence",15.333,45.452
2025-05-31,"Middle East",Yemen,Marib,Battles,"Armed clash",11,23,"16,843","Political violence",15.333,45.452
2025-05-31,"Middle East",Yemen,Raymah,Protests,"Peaceful protest",2,0,"3,016",Demonstrations,14.657,43.687
2025-05-31,"Middle East",Yemen,Sadah,"Explosions/Remote violence","Shelling/artillery/missile attack",1,0,291,"Political violence",17.088,44.042
2025-05-31,"Middle East",Yemen,Sadah,Protests,"Peaceful protest",3,0,"56,404",Demonstrations,17.088,44.042
2025-05-31,"Middle East",Yemen,Sanaa,Protests,"Peaceful protest",2,0,"4,102",Demonstrations,15.393,44.475
2025-05-31,"Middle East",Yemen,Sanaa,Battles,"Armed clash",1,0,"6,939","Political violence",15.393,44.475
2025-05-31,"Middle East",Yemen,Sanaa,"Strategic developments",Other,1,0,0,"Strategic developments",15.393,44.475
2025-05-31,"Middle East",Yemen,Shabwah,"Strategic developments",Arrests,1,0,0,"Strategic developments",14.651,46.620
2025-05-31,"Middle East",Yemen,Shabwah,Battles,"Armed clash",2,0,"6,770","Political violence",14.651,46.620
2025-05-31,"Middle East",Yemen,Taizz,"Explosions/Remote violence","Shelling/artillery/missile attack",3,0,"77,665","Political violence",13.295,43.786
2025-05-31,"Middle East",Yemen,Taizz,Protests,"Peaceful protest",3,0,"37,205",Demonstrations,13.295,43.786
2025-05-31,"Middle East",Yemen,Taizz,Battles,"Armed clash",3,0,"121,338","Political violence",13.295,43.786
2025-05-31,"Middle East",Yemen,Taizz,"Violence against civilians","Abduction/forced disappearance",2,0,"29,116","Political violence",13.295,43.786
2025-05-31,"Middle East",Yemen,Taizz,"Violence against civilians",Attack,1,0,"6,216","Political violence",13.295,43.786
2025-05-31,"Middle East",Yemen,Taizz,"Explosions/Remote violence","Remote explosive/landmine/IED",1,0,"79,003","Political violence",13.295,43.786
2025-06-07,"International Waters","Indian Ocean","North Indian Ocean","Strategic developments","Disrupted weapons use",1,0,0,"Strategic developments",13.728,70.473
2025-06-07,"International Waters","Indian Ocean","North Indian Ocean","Explosions/Remote violence","Shelling/artillery/missile attack",1,0,0,"Political violence",13.728,70.473
2025-06-07,"International Waters","Indian Ocean","North Indian Ocean","Explosions/Remote violence","Air/drone strike",1,0,0,"Political violence",13.728,70.473
2025-06-07,"Middle East",Yemen,Abyan,"Violence against civilians",Attack,1,1,"34,035","Political violence",13.627,46.228
2025-06-07,"Middle East",Yemen,Abyan,Battles,"Armed clash",1,0,"10,635","Political violence",13.627,46.228
2025-06-07,"Middle East",Yemen,Abyan,"Strategic developments",Other,1,0,0,"Strategic developments",13.627,46.228
2025-06-07,"Middle East",Yemen,"Ad Dali","Strategic developments","Change to group/activity",1,0,0,"Strategic developments",13.894,44.783
2025-06-07,"Middle East",Yemen,"Ad Dali",Protests,"Peaceful protest",5,0,"83,288",Demonstrations,13.894,44.783
2025-06-07,"Middle East",Yemen,"Ad Dali",Battles,"Armed clash",7,0,"20,740","Political violence",13.894,44.783
2025-06-07,"Middle East",Yemen,Aden,"Violence against civilians",Attack,1,1,"18,737","Political violence",12.806,44.788
2025-06-07,"Middle East",Yemen,Aden,"Strategic developments","Disrupted weapons use",1,0,0,"Strategic developments",12.806,44.788
2025-06-07,"Middle East",Yemen,"Al Bayda","Violence against civilians",Attack,1,1,"83,969","Political violence",14.326,45.216
2025-06-07,"Middle East",Yemen,"Al Bayda","Strategic developments",Other,2,0,0,"Strategic developments",14.326,45.216
2025-06-07,"Middle East",Yemen,"Al Bayda",Protests,"Peaceful protest",2,0,"42,331",Demonstrations,14.326,45.216
2025-06-07,"Middle East",Yemen,"Al Bayda",Battles,"Armed clash",1,1,"15,179","Political violence",14.326,45.216
2025-06-07,"Middle East",Yemen,"Al Hudaydah",Battles,"Armed clash",7,0,"9,393","Political violence",14.779,43.218
2025-06-07,"Middle East",Yemen,"Al Hudaydah","Explosions/Remote violence","Shelling/artillery/missile attack",1,1,"28,462","Political violence",14.779,43.218
2025-06-07,"Middle East",Yemen,"Al Hudaydah","Violence against civilians",Attack,1,0,"8,038","Political violence",14.779,43.218
2025-06-07,"Middle East",Yemen,"Al Hudaydah","Strategic developments",Arrests,1,0,0,"Strategic developments",14.779,43.218
2025-06-07,"Middle East",Yemen,"Al Hudaydah",Protests,"Peaceful protest",2,0,"56,916",Demonstrations,14.779,43.218
2025-06-07,"Middle East",Yemen,"Al Jawf",Protests,"Peaceful protest",45,0,"115,458",Demonstrations,16.596,45.599
2025-06-07,"Middle East",Yemen,"Al Jawf",Battles,"Armed clash",1,0,"52,174","Political violence",16.596,45.599
2025-06-07,"Middle East",Yemen,"Al Mahwit",Protests,"Peaceful protest",1,0,"24,342",Demonstrations,15.308,43.499
2025-06-07,"Middle East",Yemen,"Amanat al Asimah",Protests,"Peaceful protest",2,0,"55,035",Demonstrations,15.420,44.192
2025-06-07,"Middle East",Yemen,Amran,"Strategic developments","Looting/property destruction",2,0,0,"Strategic developments",16.116,43.941
2025-06-07,"Middle East",Yemen,Amran,"Violence against civilians","Abduction/forced disappearance",1,0,"26,834","Political violence",16.116,43.941
2025-06-07,"Middle East",Yemen,Amran,Protests,"Peaceful protest",2,0,"48,266",Demonstrations,16.116,43.941
2025-06-07,"Middle East",Yemen,Dhamar,Protests,"Peaceful protest",2,0,"56,090",Demonstrations,14.540,44.306
2025-06-07,"Middle East",Yemen,Hadramawt,Protests,"Peaceful protest",1,0,"2,121",Demonstrations,16.529,48.627
2025-06-07,"Middle East",Yemen,Hajjah,Protests,"Peaceful protest",2,0,"20,973",Demonstrations,16.094,43.204
2025-06-07,"Middle East",Yemen,Ibb,"Violence against civilians",Attack,1,1,"6,331","Political violence",14.088,44.175
2025-06-07,"Middle East",Yemen,Ibb,Protests,"Peaceful protest",49,0,"402,050",Demonstrations,14.088,44.175
2025-06-07,"Middle East",Yemen,Ibb,Battles,"Armed clash",2,2,"31,368","Political violence",14.088,44.175
2025-06-07,"Middle East",Yemen,Lahij,Protests,"Peaceful protest",2,0,"6,099",Demonstrations,13.320,44.762
2025-06-07,"Middle East",Yemen,Lahij,Battles,"Armed clash",7,0,"57,405","Political violence",13.320,44.762
2025-06-07,"Middle East",Yemen,Marib,Protests,"Peaceful protest",15,0,"20,730",Demonstrations,15.333,45.452
2025-06-07,"Middle East",Yemen,Marib,"Strategic developments","Disrupted weapons use",1,0,0,"Strategic developments",15.333,45.452
2025-06-07,"Middle East",Yemen,Raymah,Protests,"Peaceful protest",2,0,"3,016",Demonstrations,14.657,43.687
2025-06-07,"Middle East",Yemen,Sadah,Protests,"Peaceful protest",34,0,"177,323",Demonstrations,17.088,44.042
2025-06-07,"Middle East",Yemen,Sadah,Battles,"Armed clash",1,1,"3,184","Political violence",17.088,44.042
2025-06-07,"Middle East",Yemen,Sadah,"Strategic developments","Change to group/activity",1,0,0,"Strategic developments",17.088,44.042
2025-06-07,"Middle East",Yemen,Shabwah,"Violence against civilians",Attack,2,2,"40,569","Political violence",14.651,46.620
2025-06-07,"Middle East",Yemen,Shabwah,Battles,"Armed clash",5,1,"53,893","Political violence",14.651,46.620
2025-06-07,"Middle East",Yemen,Shabwah,"Explosions/Remote violence","Air/drone strike",1,0,"6,365","Political violence",14.651,46.620
2025-06-07,"Middle East",Yemen,Taizz,"Strategic developments","Headquarters or base established",1,0,0,"Strategic developments",13.295,43.786
2025-06-07,"Middle East",Yemen,Taizz,"Violence against civilians",Attack,1,0,"13,561","Political violence",13.295,43.786
2025-06-07,"Middle East",Yemen,Taizz,Protests,"Peaceful protest",38,0,"258,645",Demonstrations,13.295,43.786
2025-06-07,"Middle East",Yemen,Taizz,"Explosions/Remote violence","Shelling/artillery/missile attack",1,0,"55,109","Political violence",13.295,43.786
2025-06-14,"International Waters","Indian Ocean","North Indian Ocean","Explosions/Remote violence","Shelling/artillery/missile attack",2,0,0,"Political violence",13.728,70.473
2025-06-14,"International Waters","Indian Ocean","North Indian Ocean","Strategic developments","Disrupted weapons use",3,0,0,"Strategic developments",13.728,70.473
2025-06-14,"Middle East",Yemen,Abyan,"Explosions/Remote violence","Remote explosive/landmine/IED",1,0,"3,507","Political violence",13.627,46.228
2025-06-14,"Middle East",Yemen,Abyan,"Strategic developments",Other,1,0,0,"Strategic developments",13.627,46.228
2025-06-14,"Middle East",Yemen,Abyan,"Strategic developments","Change to group/activity",1,0,0,"Strategic developments",13.627,46.228
2025-06-14,"Middle East",Yemen,"Ad Dali",Battles,"Armed clash",3,3,"9,665","Political violence",13.894,44.783
2025-06-14,"Middle East",Yemen,"Ad Dali","Strategic developments","Looting/property destruction",1,0,0,"Strategic developments",13.894,44.783
2025-06-14,"Middle East",Yemen,"Ad Dali","Violence against civilians",Attack,1,0,"3,941","Political violence",13.894,44.783
2025-06-14,"Middle East",Yemen,"Ad Dali",Protests,"Peaceful protest",4,0,"81,581",Demonstrations,13.894,44.783
2025-06-14,"Middle East",Yemen,"Ad Dali","Strategic developments","Change to group/activity",1,0,0,"Strategic developments",13.894,44.783
2025-06-14,"Middle East",Yemen,Aden,"Violence against civilians",Attack,2,1,"34,429","Political violence",12.806,44.788
2025-06-14,"Middle East",Yemen,Aden,Protests,"Protest with intervention",2,0,"29,949",Demonstrations,12.806,44.788
2025-06-14,"Middle East",Yemen,Aden,"Strategic developments",Arrests,1,0,0,"Strategic developments",12.806,44.788
2025-06-14,"Middle East",Yemen,Aden,"Strategic developments","Disrupted weapons use",1,0,0,"Strategic developments",12.806,44.788
2025-06-14,"Middle East",Yemen,"Al Bayda",Protests,"Peaceful protest",2,0,"42,331",Demonstrations,14.326,45.216
2025-06-14,"Middle East",Yemen,"Al Hudaydah",Protests,"Peaceful protest",2,0,"56,916",Demonstrations,14.779,43.218
2025-06-14,"Middle East",Yemen,"Al Hudaydah",Battles,"Armed clash",1,0,"1,342","Political violence",14.779,43.218
2025-06-14,"Middle East",Yemen,"Al Jawf",Battles,"Armed clash",2,12,"52,174","Political violence",16.596,45.599
2025-06-14,"Middle East",Yemen,"Al Jawf",Protests,"Peaceful protest",2,0,"30,538",Demonstrations,16.596,45.599
2025-06-14,"Middle East",Yemen,"Al Jawf","Strategic developments","Change to group/activity",1,0,0,"Strategic developments",16.596,45.599
2025-06-14,"Middle East",Yemen,"Al Mahwit",Protests,"Peaceful protest",1,0,"24,342",Demonstrations,15.308,43.499
2025-06-14,"Middle East",Yemen,"Amanat al Asimah",Protests,"Peaceful protest",6,0,"177,462",Demonstrations,15.420,44.192
2025-06-14,"Middle East",Yemen,"Amanat al Asimah","Explosions/Remote violence","Air/drone strike",1,5,"39,995","Political violence",15.420,44.192
2025-06-14,"Middle East",Yemen,Amran,Protests,"Peaceful protest",2,0,"48,266",Demonstrations,16.116,43.941
2025-06-14,"Middle East",Yemen,Amran,"Violence against civilians","Abduction/forced disappearance",1,0,"82,929","Political violence",16.116,43.941
2025-06-14,"Middle East",Yemen,Dhamar,Riots,"Mob violence",1,0,"4,439","Political violence",14.540,44.306
2025-06-14,"Middle East",Yemen,Dhamar,"Violence against civilians",Attack,1,1,"22,478","Political violence",14.540,44.306
2025-06-14,"Middle East",Yemen,Dhamar,Protests,"Peaceful protest",2,0,"56,090",Demonstrations,14.540,44.306
2025-06-14,"Middle East",Yemen,Hadramawt,Riots,"Violent demonstration",1,0,"16,513",Demonstrations,16.529,48.627
2025-06-14,"Middle East",Yemen,Hadramawt,"Strategic developments",Arrests,1,0,0,"Strategic developments",16.529,48.627
2025-06-14,"Middle East",Yemen,Hadramawt,Protests,"Peaceful protest",1,0,"26,022",Demonstrations,16.529,48.627
2025-06-14,"Middle East",Yemen,Hajjah,"Violence against civilians","Abduction/forced disappearance",1,0,"1,109","Political violence",16.094,43.204
2025-06-14,"Middle East",Yemen,Hajjah,Protests,"Peaceful protest",8,0,"54,409",Demonstrations,16.094,43.204
2025-06-14,"Middle East",Yemen,Ibb,Protests,"Peaceful protest",49,0,"402,050",Demonstrations,14.088,44.175
2025-06-14,"Middle East",Yemen,Ibb,"Strategic developments","Looting/property destruction",1,0,0,"Strategic developments",14.088,44.175
2025-06-14,"Middle East",Yemen,Lahij,Protests,"Peaceful protest",3,0,"8,555",Demonstrations,13.320,44.762
2025-06-14,"Middle East",Yemen,Lahij,"Strategic developments",Other,1,0,0,"Strategic developments",13.320,44.762
2025-06-14,"Middle East",Yemen,Lahij,Battles,"Armed clash",7,3,"62,666","Political violence",13.320,44.762
2025-06-14,"Middle East",Yemen,Marib,"Strategic developments",Agreement,1,0,0,"Strategic developments",15.333,45.452
2025-06-14,"Middle East",Yemen,Marib,Protests,"Peaceful protest",16,0,"20,730",Demonstrations,15.333,45.452
2025-06-14,"Middle East",Yemen,Marib,"Strategic developments",Other,1,0,0,"Strategic developments",15.333,45.452
2025-06-14,"Middle East",Yemen,Raymah,Protests,"Peaceful protest",1,0,"3,016",Demonstrations,14.657,43.687
2025-06-14,"Middle East",Yemen,Sadah,Protests,"Peaceful protest",34,0,"155,699",Demonstrations,17.088,44.042
2025-06-14,"Middle East",Yemen,Sanaa,Protests,"Peaceful protest",8,0,"86,215",Demonstrations,15.393,44.475
2025-06-14,"Middle East",Yemen,Shabwah,"Strategic developments",Arrests,1,0,0,"Strategic developments",14.651,46.620
2025-06-14,"Middle East",Yemen,Shabwah,Battles,"Armed clash",6,0,"36,605","Political violence",14.651,46.620
2025-06-14,"Middle East",Yemen,Taizz,"Explosions/Remote violence","Shelling/artillery/missile attack",1,0,"95,523","Political violence",13.295,43.786
2025-06-14,"Middle East",Yemen,Taizz,Protests,"Peaceful protest",15,0,"220,378",Demonstrations,13.295,43.786
2025-06-14,"Middle East",Yemen,Taizz,"Strategic developments","Disrupted weapons use",1,0,0,"Strategic developments",13.295,43.786
2025-06-21,"International Waters","Indian Ocean","North Indian Ocean","Strategic developments","Disrupted weapons use",3,0,0,"Strategic developments",13.728,70.473
2025-06-21,"International Waters","Indian Ocean","North Indian Ocean","Explosions/Remote violence","Shelling/artillery/missile attack",1,0,0,"Political violence",13.728,70.473
2025-06-21,"Middle East",Yemen,Abyan,Battles,"Armed clash",1,0,"10,635","Political violence",13.627,46.228
2025-06-21,"Middle East",Yemen,"Ad Dali","Violence against civilians",Attack,2,1,"4,896","Political violence",13.894,44.783
2025-06-21,"Middle East",Yemen,"Ad Dali","Strategic developments","Change to group/activity",2,0,0,"Strategic developments",13.894,44.783
2025-06-21,"Middle East",Yemen,"Ad Dali",Protests,"Peaceful protest",5,0,"90,406",Demonstrations,13.894,44.783
2025-06-21,"Middle East",Yemen,"Ad Dali",Battles,"Armed clash",9,12,"11,908","Political violence",13.894,44.783
2025-06-21,"Middle East",Yemen,Aden,Riots,"Violent demonstration",3,0,"48,407",Demonstrations,12.806,44.788
2025-06-21,"Middle East",Yemen,Aden,Protests,"Peaceful protest",2,0,"11,452",Demonstrations,12.806,44.788
2025-06-21,"Middle East",Yemen,Aden,"Strategic developments",Other,1,0,0,"Strategic developments",12.806,44.788
2025-06-21,"Middle East",Yemen,"Al Bayda",Protests,"Peaceful protest",2,0,"42,331",Demonstrations,14.326,45.216
2025-06-21,"Middle East",Yemen,"Al Bayda","Violence against civilians","Abduction/forced disappearance",1,0,"24,871","Political violence",14.326,45.216
2025-06-21,"Middle East",Yemen,"Al Bayda",Battles,"Armed clash",1,0,"18,655","Political violence",14.326,45.216
2025-06-21,"Middle East",Yemen,"Al Hudaydah","Strategic developments","Looting/property destruction",2,0,0,"Strategic developments",14.779,43.218
2025-06-21,"Middle East",Yemen,"Al Hudaydah",Protests,"Peaceful protest",3,0,"88,466",Demonstrations,14.779,43.218
2025-06-21,"Middle East",Yemen,"Al Hudaydah",Battles,"Armed clash",15,0,"10,735","Political violence",14.779,43.218
2025-06-21,"Middle East",Yemen,"Al Jawf",Battles,"Armed clash",2,1,"61,170","Political violence",16.596,45.599
2025-06-21,"Middle East",Yemen,"Al Jawf",Protests,"Peaceful protest",2,0,"30,538",Demonstrations,16.596,45.599
2025-06-21,"Middle East",Yemen,"Al Mahwit",Protests,"Peaceful protest",8,0,"97,288",Demonstrations,15.308,43.499
2025-06-21,"Middle East",Yemen,"Amanat al Asimah",Protests,"Peaceful protest",3,0,"55,035",Demonstrations,15.420,44.192
2025-06-21,"Middle East",Yemen,"Amanat al Asimah","Strategic developments","Looting/property destruction",1,0,0,"Strategic developments",15.420,44.192
2025-06-21,"Middle East",Yemen,"Amanat al Asimah","Strategic developments",Arrests,1,0,0,"Strategic developments",15.420,44.192
2025-06-21,"Middle East",Yemen,Amran,Battles,"Armed clash",1,0,"19,063","Political violence",16.116,43.941
2025-06-21,"Middle East",Yemen,Amran,Protests,"Peaceful protest",2,0,"48,266",Demonstrations,16.116,43.941
2025-06-21,"Middle East",Yemen,Dhamar,Battles,"Armed clash",2,2,"47,394","Political violence",14.540,44.306
2025-06-21,"Middle East",Yemen,Dhamar,Protests,"Peaceful protest",2,0,"56,090",Demonstrations,14.540,44.306
2025-06-21,"Middle East",Yemen,Dhamar,"Strategic developments","Change to group/activity",1,0,0,"Strategic developments",14.540,44.306
2025-06-21,"Middle East",Yemen,Hadramawt,Protests,"Peaceful protest",1,0,"12,945",Demonstrations,16.529,48.627
2025-06-21,"Middle East",Yemen,Hajjah,Protests,"Peaceful protest",2,0,"20,973",Demonstrations,16.094,43.204
2025-06-21,"Middle East",Yemen,Ibb,Protests,"Peaceful protest",50,0,"402,050",Demonstrations,14.088,44.175
2025-06-21,"Middle East",Yemen,Lahij,Protests,"Peaceful protest",3,0,"8,555",Demonstrations,13.320,44.762
2025-06-21,"Middle East",Yemen,Lahij,"Violence against civilians",Attack,1,0,"1,480","Political violence",13.320,44.762
2025-06-21,"Middle East",Yemen,Lahij,"Strategic developments",Arrests,1,0,0,"Strategic developments",13.320,44.762
2025-06-21,"Middle East",Yemen,Lahij,Battles,"Armed clash",5,0,"13,150","Political violence",13.320,44.762
2025-06-21,"Middle East",Yemen,Marib,"Strategic developments",Other,1,0,0,"Strategic developments",15.333,45.452
2025-06-21,"Middle East",Yemen,Marib,Battles,"Armed clash",1,0,"1,041","Political violence",15.333,45.452
2025-06-21,"Middle East",Yemen,Marib,"Strategic developments","Change to group/activity",5,0,0,"Strategic developments",15.333,45.452
2025-06-21,"Middle East",Yemen,Marib,Protests,"Peaceful protest",15,0,"20,730",Demonstrations,15.333,45.452
2025-06-21,"Middle East",Yemen,Marib,"Violence against civilians",Attack,1,0,"2,691","Political violence",15.333,45.452
2025-06-21,"Middle East",Yemen,Raymah,Protests,"Peaceful protest",6,0,"21,823",Demonstrations,14.657,43.687
2025-06-21,"Middle East",Yemen,Sadah,Protests,"Peaceful protest",34,0,"155,699",Demonstrations,17.088,44.042
2025-06-21,"Middle East",Yemen,Sanaa,Protests,"Peaceful protest",6,0,"49,222",Demonstrations,15.393,44.475
2025-06-21,"Middle East",Yemen,Sanaa,"Violence against civilians",Attack,1,1,"5,061","Political violence",15.393,44.475
2025-06-21,"Middle East",Yemen,Sanaa,"Strategic developments",Arrests,1,0,0,"Strategic developments",15.393,44.475
2025-06-21,"Middle East",Yemen,Shabwah,"Strategic developments",Arrests,1,0,0,"Strategic developments",14.651,46.620
2025-06-21,"Middle East",Yemen,Shabwah,Battles,"Armed clash",7,1,"23,739","Political violence",14.651,46.620
2025-06-21,"Middle East",Yemen,Shabwah,Protests,"Peaceful protest",3,0,"20,226",Demonstrations,14.651,46.620
2025-06-21,"Middle East",Yemen,Taizz,"Strategic developments","Change to group/activity",1,0,0,"Strategic developments",13.295,43.786
2025-06-21,"Middle East",Yemen,Taizz,Protests,"Peaceful protest",20,0,"227,281",Demonstrations,13.295,43.786
2025-06-21,"Middle East",Yemen,Taizz,"Violence against civilians",Attack,4,1,"40,964","Political violence",13.295,43.786
2025-06-21,"Middle East",Yemen,Taizz,Battles,"Armed clash",1,3,"1,562","Political violence",13.295,43.786
2025-06-28,"International Waters","Indian Ocean","North Indian Ocean","Strategic developments","Disrupted weapons use",1,0,0,"Strategic developments",13.728,70.473
2025-06-28,"International Waters","Indian Ocean","North Indian Ocean","Explosions/Remote violence","Air/drone strike",1,0,0,"Political violence",13.728,70.473
2025-06-28,"International Waters","Indian Ocean","North Indian Ocean","Explosions/Remote violence","Shelling/artillery/missile attack",1,0,0,"Political violence",13.728,70.473
2025-06-28,"Middle East",Yemen,Abyan,"Strategic developments",Other,1,0,0,"Strategic developments",13.627,46.228
2025-06-28,"Middle East",Yemen,Abyan,Battles,"Armed clash",2,0,"10,731","Political violence",13.627,46.228
2025-06-28,"Middle East",Yemen,Abyan,"Violence against civilians",Attack,1,1,"34,035","Political violence",13.627,46.228
2025-06-28,"Middle East",Yemen,Abyan,Protests,"Peaceful protest",2,0,"17,948",Demonstrations,13.627,46.228
2025-06-28,"Middle East",Yemen,"Ad Dali","Explosions/Remote violence","Remote explosive/landmine/IED",1,0,962,"Political violence",13.894,44.783
2025-06-28,"Middle East",Yemen,"Ad Dali",Protests,"Peaceful protest",5,0,"81,581",Demonstrations,13.894,44.783
2025-06-28,"Middle East",Yemen,"Ad Dali",Protests,"Protest with intervention",1,0,"30,910",Demonstrations,13.894,44.783
2025-06-28,"Middle East",Yemen,"Ad Dali",Battles,"Armed clash",5,4,"9,665","Political violence",13.894,44.783
2025-06-28,"Middle East",Yemen,"Ad Dali","Violence against civilians",Attack,1,1,"4,234","Political violence",13.894,44.783
2025-06-28,"Middle East",Yemen,Aden,Protests,"Protest with intervention",1,0,"28,198",Demonstrations,12.806,44.788
2025-06-28,"Middle East",Yemen,Aden,Battles,"Armed clash",1,0,570,"Political violence",12.806,44.788
2025-06-28,"Middle East",Yemen,Aden,"Violence against civilians","Abduction/forced disappearance",1,0,"33,584","Political violence",12.806,44.788
2025-06-28,"Middle East",Yemen,Aden,Riots,"Violent demonstration",2,0,"56,439",Demonstrations,12.806,44.788
2025-06-28,"Middle East",Yemen,Aden,Protests,"Peaceful protest",3,0,"32,185",Demonstrations,12.806,44.788
2025-06-28,"Middle East",Yemen,"Al Bayda",Protests,"Peaceful protest",3,0,"70,330",Demonstrations,14.326,45.216
2025-06-28,"Middle East",Yemen,"Al Bayda",Battles,"Armed clash",1,0,"15,179","Political violence",14.326,45.216
2025-06-28,"Middle East",Yemen,"Al Hudaydah",Battles,"Armed clash",6,0,"10,735","Political violence",14.779,43.218
2025-06-28,"Middle East",Yemen,"Al Hudaydah","Explosions/Remote violence","Shelling/artillery/missile attack",3,0,"5,838","Political violence",14.779,43.218
2025-06-28,"Middle East",Yemen,"Al Hudaydah",Protests,"Peaceful protest",2,0,"56,916",Demonstrations,14.779,43.218
2025-06-28,"Middle East",Yemen,"Al Jawf",Protests,"Peaceful protest",12,0,"102,023",Demonstrations,16.596,45.599
2025-06-28,"Middle East",Yemen,"Al Jawf",Battles,"Armed clash",2,2,"1,010","Political violence",16.596,45.599
2025-06-28,"Middle East",Yemen,"Al Mahwit",Protests,"Peaceful protest",8,0,"97,288",Demonstrations,15.308,43.499
2025-06-28,"Middle East",Yemen,"Amanat al Asimah",Protests,"Peaceful protest",2,0,"67,239",Demonstrations,15.420,44.192
2025-06-28,"Middle East",Yemen,"Amanat al Asimah","Strategic developments",Other,4,0,0,"Strategic developments",15.420,44.192
2025-06-28,"Middle East",Yemen,"Amanat al Asimah","Violence against civilians","Abduction/forced disappearance",1,0,"44,908","Political violence",15.420,44.192
2025-06-28,"Middle East",Yemen,"Amanat al Asimah","Strategic developments","Looting/property destruction",1,0,0,"Strategic developments",15.420,44.192
2025-06-28,"Middle East",Yemen,"Amanat al Asimah","Strategic developments","Change to group/activity",1,0,0,"Strategic developments",15.420,44.192
2025-06-28,"Middle East",Yemen,Amran,"Violence against civilians",Attack,2,4,"148,133","Political violence",16.116,43.941
2025-06-28,"Middle East",Yemen,Amran,Protests,"Peaceful protest",2,0,"48,266",Demonstrations,16.116,43.941
2025-06-28,"Middle East",Yemen,Dhamar,"Violence against civilians",Attack,1,1,"4,879","Political violence",14.540,44.306
2025-06-28,"Middle East",Yemen,Dhamar,Protests,"Peaceful protest",1,0,"56,090",Demonstrations,14.540,44.306
2025-06-28,"Middle East",Yemen,Hadramawt,"Strategic developments","Change to group/activity",1,0,0,"Strategic developments",16.529,48.627
2025-06-28,"Middle East",Yemen,Hadramawt,Protests,"Peaceful protest",2,0,"12,945",Demonstrations,16.529,48.627
2025-06-28,"Middle East",Yemen,Hajjah,Protests,"Peaceful protest",2,0,"20,973",Demonstrations,16.094,43.204
2025-06-28,"Middle East",Yemen,Ibb,"Violence against civilians","Abduction/forced disappearance",17,0,"270,949","Political violence",14.088,44.175
2025-06-28,"Middle East",Yemen,Ibb,"Violence against civilians",Attack,1,0,"27,553","Political violence",14.088,44.175
2025-06-28,"Middle East",Yemen,Ibb,"Strategic developments",Other,1,0,0,"Strategic developments",14.088,44.175
2025-06-28,"Middle East",Yemen,Ibb,Protests,"Peaceful protest",51,0,"403,436",Demonstrations,14.088,44.175
2025-06-28,"Middle East",Yemen,Lahij,Protests,"Peaceful protest",4,0,"22,806",Demonstrations,13.320,44.762
2025-06-28,"Middle East",Yemen,Lahij,Battles,"Armed clash",7,0,"57,405","Political violence",13.320,44.762
2025-06-28,"Middle East",Yemen,Marib,Protests,"Peaceful protest",15,0,"20,556",Demonstrations,15.333,45.452
2025-06-28,"Middle East",Yemen,Marib,"Strategic developments","Looting/property destruction",1,0,0,"Strategic developments",15.333,45.452
2025-06-28,"Middle East",Yemen,Marib,"Violence against civilians","Abduction/forced disappearance",1,0,"1,353","Political violence",15.333,45.452
2025-06-28,"Middle East",Yemen,Marib,"Strategic developments",Arrests,1,0,0,"Strategic developments",15.333,45.452
2025-06-28,"Middle East",Yemen,Marib,Battles,"Armed clash",1,0,"9,175","Political violence",15.333,45.452
2025-06-28,"Middle East",Yemen,Raymah,Protests,"Peaceful protest",1,0,"3,016",Demonstrations,14.657,43.687
2025-06-28,"Middle East",Yemen,Raymah,"Violence against civilians","Abduction/forced disappearance",1,0,"2,319","Political violence",14.657,43.687
2025-06-28,"Middle East",Yemen,Raymah,Battles,"Armed clash",1,5,"8,770","Political violence",14.657,43.687
2025-06-28,"Middle East",Yemen,Sadah,Protests,"Peaceful protest",41,0,"150,789",Demonstrations,17.088,44.042
2025-06-28,"Middle East",Yemen,Sadah,Battles,"Armed clash",2,10,"2,434","Political violence",17.088,44.042
2025-06-28,"Middle East",Yemen,Sanaa,Protests,"Peaceful protest",7,0,"48,543",Demonstrations,15.393,44.475
2025-06-28,"Middle East",Yemen,Sanaa,"Strategic developments","Change to group/activity",1,0,0,"Strategic developments",15.393,44.475
2025-06-28,"Middle East",Yemen,Shabwah,Battles,"Armed clash",2,0,"29,739","Political violence",14.651,46.620
2025-06-28,"Middle East",Yemen,Shabwah,"Strategic developments",Arrests,1,0,0,"Strategic developments",14.651,46.620
2025-06-28,"Middle East",Yemen,Taizz,"Violence against civilians",Attack,1,0,"14,329","Political violence",13.295,43.786
2025-06-28,"Middle East",Yemen,Taizz,Battles,"Armed clash",2,10,"12,290","Political violence",13.295,43.786
2025-06-28,"Middle East",Yemen,Taizz,"Violence against civilians","Abduction/forced disappearance",2,0,"50,792","Political violence",13.295,43.786
2025-06-28,"Middle East",Yemen,Taizz,Protests,"Peaceful protest",15,0,"217,252",Demonstrations,13.295,43.786
2025-06-28,"Middle East",Yemen,Taizz,"Explosions/Remote violence","Air/drone strike",1,1,"10,723","Political violence",13.295,43.786
2025-07-05,"International Waters","Indian Ocean","North Indian Ocean","Strategic developments","Disrupted weapons use",2,0,0,"Strategic developments",13.728,70.473
2025-07-05,"International Waters","Indian Ocean","North Indian Ocean","Explosions/Remote violence","Shelling/artillery/missile attack",2,0,0,"Political violence",13.728,70.473
2025-07-05,"International Waters","Indian Ocean","North Indian Ocean",Battles,"Armed clash",3,4,0,"Political violence",13.728,70.473
2025-07-05,"International Waters","Indian Ocean","North Indian Ocean","Explosions/Remote violence","Remote explosive/landmine/IED",1,0,0,"Political violence",13.728,70.473
2025-07-05,"International Waters","Indian Ocean","North Indian Ocean","Strategic developments",Other,1,0,0,"Strategic developments",13.728,70.473
2025-07-05,"Middle East",Yemen,Abyan,Battles,"Armed clash",3,2,"37,696","Political violence",13.627,46.228
2025-07-05,"Middle East",Yemen,Abyan,"Strategic developments","Looting/property destruction",1,0,0,"Strategic developments",13.627,46.228
2025-07-05,"Middle East",Yemen,Abyan,Protests,"Peaceful protest",2,0,"48,605",Demonstrations,13.627,46.228
2025-07-05,"Middle East",Yemen,Abyan,"Strategic developments","Change to group/activity",1,0,0,"Strategic developments",13.627,46.228
2025-07-05,"Middle East",Yemen,"Ad Dali",Battles,"Armed clash",10,16,"37,433","Political violence",13.894,44.783
2025-07-05,"Middle East",Yemen,"Ad Dali",Protests,"Peaceful protest",4,0,"81,581",Demonstrations,13.894,44.783
2025-07-05,"Middle East",Yemen,"Ad Dali","Explosions/Remote violence","Shelling/artillery/missile attack",1,0,"8,381","Political violence",13.894,44.783
2025-07-05,"Middle East",Yemen,"Ad Dali","Violence against civilians","Abduction/forced disappearance",1,0,"44,453","Political violence",13.894,44.783
2025-07-05,"Middle East",Yemen,Aden,Protests,"Peaceful protest",4,0,"16,107",Demonstrations,12.806,44.788
2025-07-05,"Middle East",Yemen,Aden,"Strategic developments",Arrests,1,0,0,"Strategic developments",12.806,44.788
2025-07-05,"Middle East",Yemen,"Al Bayda",Protests,"Peaceful protest",2,0,"42,331",Demonstrations,14.326,45.216
2025-07-05,"Middle East",Yemen,"Al Hudaydah","Explosions/Remote violence","Air/drone strike",4,0,"39,807","Political violence",14.779,43.218
2025-07-05,"Middle East",Yemen,"Al Hudaydah",Protests,"Peaceful protest",3,0,"104,641",Demonstrations,14.779,43.218
2025-07-05,"Middle East",Yemen,"Al Hudaydah","Explosions/Remote violence","Shelling/artillery/missile attack",1,2,"15,867","Political violence",14.779,43.218
2025-07-05,"Middle East",Yemen,"Al Hudaydah","Explosions/Remote violence","Remote explosive/landmine/IED",1,1,"2,640","Political violence",14.779,43.218
2025-07-05,"Middle East",Yemen,"Al Hudaydah",Battles,"Armed clash",3,2,"3,218","Political violence",14.779,43.218
2025-07-05,"Middle East",Yemen,"Al Jawf",Protests,"Peaceful protest",12,0,"71,485",Demonstrations,16.596,45.599
2025-07-05,"Middle East",Yemen,"Al Jawf","Violence against civilians",Attack,1,1,"52,174","Political violence",16.596,45.599
2025-07-05,"Middle East",Yemen,"Al Jawf","Strategic developments","Change to group/activity",1,0,0,"Strategic developments",16.596,45.599
2025-07-05,"Middle East",Yemen,"Al Jawf",Battles,"Armed clash",1,0,"22,957","Political violence",16.596,45.599
2025-07-05,"Middle East",Yemen,"Al Mahrah","Strategic developments",Arrests,1,0,0,"Strategic developments",17.057,51.824
2025-07-05,"Middle East",Yemen,"Al Mahrah",Battles,"Armed clash",1,2,"1,301","Political violence",17.057,51.824
2025-07-05,"Middle East",Yemen,"Al Mahwit",Protests,"Peaceful protest",1,0,"24,342",Demonstrations,15.308,43.499
2025-07-05,"Middle East",Yemen,"Amanat al Asimah","Strategic developments","Looting/property destruction",2,0,0,"Strategic developments",15.420,44.192
2025-07-05,"Middle East",Yemen,"Amanat al Asimah",Protests,"Peaceful protest",4,0,"91,555",Demonstrations,15.420,44.192
2025-07-05,"Middle East",Yemen,"Amanat al Asimah","Violence against civilians","Abduction/forced disappearance",4,0,"106,794","Political violence",15.420,44.192
2025-07-05,"Middle East",Yemen,"Amanat al Asimah","Strategic developments",Other,1,0,0,"Strategic developments",15.420,44.192
2025-07-05,"Middle East",Yemen,Amran,Protests,"Peaceful protest",3,0,"48,266",Demonstrations,16.116,43.941
2025-07-05,"Middle East",Yemen,Amran,"Violence against civilians","Abduction/forced disappearance",3,0,"60,287","Political violence",16.116,43.941
2025-07-05,"Middle East",Yemen,Dhamar,"Strategic developments",Other,1,0,0,"Strategic developments",14.540,44.306
2025-07-05,"Middle East",Yemen,Dhamar,Protests,"Peaceful protest",2,0,"56,090",Demonstrations,14.540,44.306
2025-07-05,"Middle East",Yemen,Hadramawt,Battles,"Armed clash",1,6,"6,352","Political violence",16.529,48.627
2025-07-05,"Middle East",Yemen,Hadramawt,"Strategic developments",Other,1,0,0,"Strategic developments",16.529,48.627
2025-07-05,"Middle East",Yemen,Hajjah,Protests,"Peaceful protest",2,0,"20,973",Demonstrations,16.094,43.204
2025-07-05,"Middle East",Yemen,Ibb,"Strategic developments",Other,1,0,0,"Strategic developments",14.088,44.175
2025-07-05,"Middle East",Yemen,Ibb,"Violence against civilians",Attack,1,0,"47,507","Political violence",14.088,44.175
2025-07-05,"Middle East",Yemen,Ibb,"Violence against civilians","Abduction/forced disappearance",11,0,"205,461","Political violence",14.088,44.175
2025-07-05,"Middle East",Yemen,Ibb,Protests,"Peaceful protest",49,0,"402,050",Demonstrations,14.088,44.175
2025-07-05,"Middle East",Yemen,Lahij,Battles,"Armed clash",10,12,"14,059","Political violence",13.320,44.762
2025-07-05,"Middle East",Yemen,Lahij,"Explosions/Remote violence","Remote explosive/landmine/IED",1,1,"9,638","Political violence",13.320,44.762
2025-07-05,"Middle East",Yemen,Lahij,"Explosions/Remote violence","Shelling/artillery/missile attack",1,0,"9,638","Political violence",13.320,44.762
2025-07-05,"Middle East",Yemen,Lahij,Protests,"Peaceful protest",1,0,"1,076",Demonstrations,13.320,44.762
2025-07-05,"Middle East",Yemen,Marib,Protests,"Peaceful protest",15,0,"35,920",Demonstrations,15.333,45.452
2025-07-05,"Middle East",Yemen,Marib,"Strategic developments","Change to group/activity",1,0,0,"Strategic developments",15.333,45.452
2025-07-05,"Middle East",Yemen,Raymah,"Violence against civilians",Attack,1,0,"16,489","Political violence",14.657,43.687
2025-07-05,"Middle East",Yemen,Raymah,Protests,"Peaceful protest",1,0,"3,016",Demonstrations,14.657,43.687
2025-07-05,"Middle East",Yemen,Sadah,"Violence against civilians",Attack,2,1,"18,869","Political violence",17.088,44.042
2025-07-05,"Middle East",Yemen,Sadah,"Explosions/Remote violence","Shelling/artillery/missile attack",1,0,"18,869","Political violence",17.088,44.042
2025-07-05,"Middle East",Yemen,Sadah,Protests,"Peaceful protest",44,0,"150,789",Demonstrations,17.088,44.042
2025-07-05,"Middle East",Yemen,Sanaa,Protests,"Peaceful protest",4,0,"46,954",Demonstrations,15.393,44.475
2025-07-05,"Middle East",Yemen,Shabwah,"Explosions/Remote violence","Remote explosive/landmine/IED",1,1,"24,079","Political violence",14.651,46.620
2025-07-05,"Middle East",Yemen,Shabwah,Protests,"Protest with intervention",1,0,"14,415",Demonstrations,14.651,46.620
2025-07-05,"Middle East",Yemen,Shabwah,"Strategic developments",Other,2,0,0,"Strategic developments",14.651,46.620
2025-07-05,"Middle East",Yemen,Shabwah,"Violence against civilians",Attack,1,1,"27,509","Political violence",14.651,46.620
2025-07-05,"Middle East",Yemen,Shabwah,"Strategic developments",Arrests,1,0,0,"Strategic developments",14.651,46.620
2025-07-05,"Middle East",Yemen,Taizz,Protests,"Peaceful protest",8,0,"70,925",Demonstrations,13.295,43.786
2025-07-05,"Middle East",Yemen,Taizz,Battles,"Armed clash",2,1,"65,446","Political violence",13.295,43.786
2025-07-05,"Middle East",Yemen,Taizz,"Explosions/Remote violence","Shelling/artillery/missile attack",2,5,"26,303","Political violence",13.295,43.786
2025-07-05,"Middle East",Yemen,Taizz,"Explosions/Remote violence","Remote explosive/landmine/IED",1,0,"3,109","Political violence",13.295,43.786
2025-07-12,"International Waters","Indian Ocean","North Indian Ocean","Explosions/Remote violence","Air/drone strike",2,0,0,"Political violence",13.728,70.473
2025-07-12,"International Waters","Indian Ocean","North Indian Ocean","Strategic developments","Disrupted weapons use",2,0,0,"Strategic developments",13.728,70.473
2025-07-12,"Middle East",Yemen,Abyan,Battles,"Armed clash",1,4,"41,742","Political violence",13.627,46.228
2025-07-12,"Middle East",Yemen,Abyan,"Strategic developments","Disrupted weapons use",1,0,0,"Strategic developments",13.627,46.228
2025-07-12,"Middle East",Yemen,Abyan,"Strategic developments",Other,1,0,0,"Strategic developments",13.627,46.228
2025-07-12,"Middle East",Yemen,"Ad Dali",Battles,"Armed clash",7,0,"16,058","Political violence",13.894,44.783
2025-07-12,"Middle East",Yemen,"Ad Dali",Protests,"Peaceful protest",5,0,"107,408",Demonstrations,13.894,44.783
2025-07-12,"Middle East",Yemen,"Ad Dali","Explosions/Remote violence","Shelling/artillery/missile attack",1,0,"4,803","Political violence",13.894,44.783
2025-07-12,"Middle East",Yemen,Aden,"Violence against civilians","Abduction/forced disappearance",3,0,"64,971","Political violence",12.806,44.788
2025-07-12,"Middle East",Yemen,Aden,"Strategic developments",Arrests,1,0,0,"Strategic developments",12.806,44.788
2025-07-12,"Middle East",Yemen,Aden,"Violence against civilians",Attack,1,0,"19,752","Political violence",12.806,44.788
2025-07-12,"Middle East",Yemen,Aden,"Strategic developments","Change to group/activity",1,0,0,"Strategic developments",12.806,44.788
2025-07-12,"Middle East",Yemen,Aden,"Strategic developments","Looting/property destruction",1,0,0,"Strategic developments",12.806,44.788
2025-07-12,"Middle East",Yemen,Aden,Protests,"Peaceful protest",3,0,"26,375",Demonstrations,12.806,44.788
2025-07-12,"Middle East",Yemen,"Al Bayda","Violence against civilians","Abduction/forced disappearance",1,0,"7,507","Political violence",14.326,45.216
2025-07-12,"Middle East",Yemen,"Al Bayda",Protests,"Peaceful protest",2,0,"42,331",Demonstrations,14.326,45.216
2025-07-12,"Middle East",Yemen,"Al Hudaydah","Strategic developments",Other,1,0,0,"Strategic developments",14.779,43.218
2025-07-12,"Middle East",Yemen,"Al Hudaydah",Protests,"Peaceful protest",5,0,"161,619",Demonstrations,14.779,43.218
2025-07-12,"Middle East",Yemen,"Al Hudaydah",Battles,"Armed clash",10,0,"10,885","Political violence",14.779,43.218
2025-07-12,"Middle East",Yemen,"Al Jawf","Violence against civilians",Attack,1,1,"5,937","Political violence",16.596,45.599
2025-07-12,"Middle East",Yemen,"Al Jawf",Protests,"Peaceful protest",13,0,"102,023",Demonstrations,16.596,45.599
2025-07-12,"Middle East",Yemen,"Al Mahrah","Strategic developments","Change to group/activity",1,0,0,"Strategic developments",17.057,51.824
2025-07-12,"Middle East",Yemen,"Al Mahrah","Strategic developments","Disrupted weapons use",1,0,0,"Strategic developments",17.057,51.824
2025-07-12,"Middle East",Yemen,"Al Mahrah","Strategic developments",Other,1,0,0,"Strategic developments",17.057,51.824
2025-07-12,"Middle East",Yemen,"Al Mahwit",Protests,"Peaceful protest",8,0,"97,288",Demonstrations,15.308,43.499
2025-07-12,"Middle East",Yemen,"Amanat al Asimah","Violence against civilians",Attack,1,0,"119,480","Political violence",15.420,44.192
2025-07-12,"Middle East",Yemen,"Amanat al Asimah",Protests,"Peaceful protest",4,0,"62,060",Demonstrations,15.420,44.192
2025-07-12,"Middle East",Yemen,"Amanat al Asimah","Strategic developments",Other,1,0,0,"Strategic developments",15.420,44.192
2025-07-12,"Middle East",Yemen,Amran,"Violence against civilians",Attack,1,1,"1,494","Political violence",16.116,43.941
2025-07-12,"Middle East",Yemen,Amran,Protests,"Peaceful protest",3,0,"48,266",Demonstrations,16.116,43.941
2025-07-12,"Middle East",Yemen,Dhamar,Battles,"Armed clash",1,0,"3,648","Political violence",14.540,44.306
2025-07-12,"Middle East",Yemen,Dhamar,"Violence against civilians",Attack,1,1,"26,467","Political violence",14.540,44.306
2025-07-12,"Middle East",Yemen,Dhamar,Protests,"Peaceful protest",2,0,"56,090",Demonstrations,14.540,44.306
2025-07-12,"Middle East",Yemen,Hadramawt,"Strategic developments","Change to group/activity",1,0,0,"Strategic developments",16.529,48.627
2025-07-12,"Middle East",Yemen,Hadramawt,"Strategic developments",Other,1,0,0,"Strategic developments",16.529,48.627
2025-07-12,"Middle East",Yemen,Hadramawt,Protests,"Peaceful protest",2,0,"16,693",Demonstrations,16.529,48.627
2025-07-12,"Middle East",Yemen,Hajjah,Protests,"Peaceful protest",13,0,"74,726",Demonstrations,16.094,43.204
2025-07-12,"Middle East",Yemen,Ibb,"Strategic developments","Looting/property destruction",1,0,0,"Strategic developments",14.088,44.175
2025-07-12,"Middle East",Yemen,Ibb,Protests,"Peaceful protest",50,0,"437,434",Demonstrations,14.088,44.175
2025-07-12,"Middle East",Yemen,Ibb,"Violence against civilians","Abduction/forced disappearance",1,0,"47,507","Political violence",14.088,44.175
2025-07-12,"Middle East",Yemen,Ibb,Protests,"Protest with intervention",1,0,"35,384",Demonstrations,14.088,44.175
2025-07-12,"Middle East",Yemen,Lahij,Battles,"Armed clash",7,1,"19,992","Political violence",13.320,44.762
2025-07-12,"Middle East",Yemen,Lahij,Protests,"Peaceful protest",2,0,"15,327",Demonstrations,13.320,44.762
2025-07-12,"Middle East",Yemen,Marib,Battles,"Armed clash",1,0,"24,889","Political violence",15.333,45.452
2025-07-12,"Middle East",Yemen,Marib,"Strategic developments","Change to group/activity",1,0,0,"Strategic developments",15.333,45.452
2025-07-12,"Middle East",Yemen,Marib,Protests,"Peaceful protest",15,0,"20,556",Demonstrations,15.333,45.452
2025-07-12,"Middle East",Yemen,Raymah,Protests,"Peaceful protest",2,0,"3,016",Demonstrations,14.657,43.687
2025-07-12,"Middle East",Yemen,Sadah,"Explosions/Remote violence","Shelling/artillery/missile attack",1,0,"18,869","Political violence",17.088,44.042
2025-07-12,"Middle East",Yemen,Sadah,Protests,"Peaceful protest",42,0,"150,789",Demonstrations,17.088,44.042
2025-07-12,"Middle East",Yemen,Sadah,"Strategic developments","Looting/property destruction",1,0,0,"Strategic developments",17.088,44.042
2025-07-12,"Middle East",Yemen,Sanaa,Protests,"Peaceful protest",5,0,"59,825",Demonstrations,15.393,44.475
2025-07-12,"Middle East",Yemen,Shabwah,Protests,"Peaceful protest",1,0,248,Demonstrations,14.651,46.620
2025-07-12,"Middle East",Yemen,Shabwah,Battles,"Armed clash",2,0,"44,325","Political violence",14.651,46.620
2025-07-12,"Middle East",Yemen,Taizz,"Explosions/Remote violence","Shelling/artillery/missile attack",2,1,"12,827","Political violence",13.295,43.786
2025-07-12,"Middle East",Yemen,Taizz,Riots,"Violent demonstration",2,0,"37,205",Demonstrations,13.295,43.786
2025-07-12,"Middle East",Yemen,Taizz,"Strategic developments","Looting/property destruction",1,0,0,"Strategic developments",13.295,43.786
2025-07-12,"Middle East",Yemen,Taizz,Protests,"Peaceful protest",18,0,"227,281",Demonstrations,13.295,43.786
2025-07-19,"International Waters","Indian Ocean","North Indian Ocean","Strategic developments","Disrupted weapons use",4,0,0,"Strategic developments",13.728,70.473
2025-07-19,"International Waters","Indian Ocean","North Indian Ocean","Explosions/Remote violence","Shelling/artillery/missile attack",2,0,0,"Political violence",13.728,70.473
2025-07-19,"International Waters","Indian Ocean","North Indian Ocean","Explosions/Remote violence","Air/drone strike",2,0,0,"Political violence",13.728,70.473
2025-07-19,"International Waters","Indian Ocean","North Indian Ocean","Violence against civilians",Attack,1,0,0,"Political violence",13.728,70.473
2025-07-19,"Middle East",Yemen,Abyan,Protests,"Peaceful protest",2,0,"47,294",Demonstrations,13.627,46.228
2025-07-19,"Middle East",Yemen,Abyan,Battles,"Armed clash",3,0,"65,543","Political violence",13.627,46.228
2025-07-19,"Middle East",Yemen,"Ad Dali","Violence against civilians",Attack,2,1,"16,101","Political violence",13.894,44.783
2025-07-19,"Middle East",Yemen,"Ad Dali",Protests,"Peaceful protest",6,0,"108,125",Demonstrations,13.894,44.783
2025-07-19,"Middle East",Yemen,"Ad Dali",Battles,"Armed clash",4,2,"15,794","Political violence",13.894,44.783
2025-07-19,"Middle East",Yemen,Aden,"Strategic developments",Other,1,0,0,"Strategic developments",12.806,44.788
2025-07-19,"Middle East",Yemen,Aden,Riots,"Violent demonstration",1,0,"11,188",Demonstrations,12.806,44.788
2025-07-19,"Middle East",Yemen,Aden,"Strategic developments","Change to group/activity",1,0,0,"Strategic developments",12.806,44.788
2025-07-19,"Middle East",Yemen,"Al Bayda",Protests,"Peaceful protest",2,0,"42,331",Demonstrations,14.326,45.216
2025-07-19,"Middle East",Yemen,"Al Bayda","Strategic developments","Change to group/activity",1,0,0,"Strategic developments",14.326,45.216
2025-07-19,"Middle East",Yemen,"Al Bayda","Violence against civilians","Abduction/forced disappearance",1,0,"66,019","Political violence",14.326,45.216
2025-07-19,"Middle East",Yemen,"Al Bayda",Battles,"Armed clash",1,6,"83,969","Political violence",14.326,45.216
2025-07-19,"Middle East",Yemen,"Al Hudaydah",Protests,"Peaceful protest",6,0,"292,524",Demonstrations,14.779,43.218
2025-07-19,"Middle East",Yemen,"Al Hudaydah","Strategic developments","Disrupted weapons use",1,0,0,"Strategic developments",14.779,43.218
2025-07-19,"Middle East",Yemen,"Al Hudaydah","Explosions/Remote violence","Air/drone strike",1,7,"28,462","Political violence",14.779,43.218
2025-07-19,"Middle East",Yemen,"Al Hudaydah","Violence against civilians","Abduction/forced disappearance",1,0,"54,934","Political violence",14.779,43.218
2025-07-19,"Middle East",Yemen,"Al Hudaydah",Battles,"Armed clash",5,0,"9,056","Political violence",14.779,43.218
2025-07-19,"Middle East",Yemen,"Al Jawf","Explosions/Remote violence","Remote explosive/landmine/IED",1,0,0,"Political violence",16.596,45.599
2025-07-19,"Middle East",Yemen,"Al Jawf",Battles,"Armed clash",1,2,"10,498","Political violence",16.596,45.599
2025-07-19,"Middle East",Yemen,"Al Jawf",Protests,"Peaceful protest",7,0,"63,358",Demonstrations,16.596,45.599
2025-07-19,"Middle East",Yemen,"Al Mahrah","Violence against civilians",Attack,1,0,"27,373","Political violence",17.057,51.824
2025-07-19,"Middle East",Yemen,"Al Mahrah","Strategic developments","Change to group/activity",1,0,0,"Strategic developments",17.057,51.824
2025-07-19,"Middle East",Yemen,"Al Mahwit",Protests,"Peaceful protest",8,0,"97,288",Demonstrations,15.308,43.499
2025-07-19,"Middle East",Yemen,"Amanat al Asimah",Protests,"Peaceful protest",8,0,"328,904",Demonstrations,15.420,44.192
2025-07-19,"Middle East",Yemen,"Amanat al Asimah","Violence against civilians",Attack,1,0,"31,817","Political violence",15.420,44.192
2025-07-19,"Middle East",Yemen,"Amanat al Asimah","Strategic developments",Arrests,1,0,0,"Strategic developments",15.420,44.192
2025-07-19,"Middle East",Yemen,Amran,Protests,"Peaceful protest",4,0,"49,910",Demonstrations,16.116,43.941
2025-07-19,"Middle East",Yemen,Amran,"Strategic developments",Arrests,1,0,0,"Strategic developments",16.116,43.941
2025-07-19,"Middle East",Yemen,Dhamar,Protests,"Peaceful protest",2,0,"56,090",Demonstrations,14.540,44.306
2025-07-19,"Middle East",Yemen,Hadramawt,Battles,"Armed clash",1,1,"10,976","Political violence",16.529,48.627
2025-07-19,"Middle East",Yemen,Hadramawt,Riots,"Violent demonstration",1,0,"28,658",Demonstrations,16.529,48.627
2025-07-19,"Middle East",Yemen,Hadramawt,Protests,"Peaceful protest",1,0,"3,309",Demonstrations,16.529,48.627
2025-07-19,"Middle East",Yemen,Hajjah,Protests,"Peaceful protest",6,0,"21,229",Demonstrations,16.094,43.204
2025-07-19,"Middle East",Yemen,Ibb,Protests,"Peaceful protest",52,0,"442,946",Demonstrations,14.088,44.175
2025-07-19,"Middle East",Yemen,Ibb,"Violence against civilians","Abduction/forced disappearance",7,0,"167,426","Political violence",14.088,44.175
2025-07-19,"Middle East",Yemen,Lahij,Protests,"Peaceful protest",4,0,"23,244",Demonstrations,13.320,44.762
2025-07-19,"Middle East",Yemen,Lahij,"Explosions/Remote violence","Shelling/artillery/missile attack",1,3,"6,655","Political violence",13.320,44.762
2025-07-19,"Middle East",Yemen,Lahij,Battles,"Armed clash",4,2,"53,028","Political violence",13.320,44.762
2025-07-19,"Middle East",Yemen,Lahij,"Violence against civilians",Attack,1,1,"9,638","Political violence",13.320,44.762
2025-07-19,"Middle East",Yemen,Marib,Protests,"Peaceful protest",17,0,"36,113",Demonstrations,15.333,45.452
2025-07-19,"Middle East",Yemen,Marib,Battles,"Armed clash",2,2,"16,491","Political violence",15.333,45.452
2025-07-19,"Middle East",Yemen,Raymah,Protests,"Peaceful protest",3,0,"3,016",Demonstrations,14.657,43.687
2025-07-19,"Middle East",Yemen,Sadah,Protests,"Peaceful protest",43,0,"150,789",Demonstrations,17.088,44.042
2025-07-19,"Middle East",Yemen,Sadah,"Strategic developments","Looting/property destruction",2,0,0,"Strategic developments",17.088,44.042
2025-07-19,"Middle East",Yemen,Sadah,Battles,"Armed clash",1,16,"3,184","Political violence",17.088,44.042
2025-07-19,"Middle East",Yemen,Sadah,"Explosions/Remote violence","Shelling/artillery/missile attack",3,2,"35,747","Political violence",17.088,44.042
2025-07-19,"Middle East",Yemen,Sadah,"Violence against civilians",Attack,1,0,"11,934","Political violence",17.088,44.042
2025-07-19,"Middle East",Yemen,Sanaa,Protests,"Peaceful protest",8,0,"47,999",Demonstrations,15.393,44.475
2025-07-19,"Middle East",Yemen,Shabwah,Battles,"Armed clash",4,4,"26,041","Political violence",14.651,46.620
2025-07-19,"Middle East",Yemen,Shabwah,"Violence against civilians",Attack,1,0,9,"Political violence",14.651,46.620
2025-07-19,"Middle East",Yemen,Shabwah,Riots,"Violent demonstration",1,0,"26,664",Demonstrations,14.651,46.620
2025-07-19,"Middle East",Yemen,Shabwah,"Strategic developments","Disrupted weapons use",1,0,0,"Strategic developments",14.651,46.620
2025-07-19,"Middle East",Yemen,Taizz,Battles,"Armed clash",1,0,"26,153","Political violence",13.295,43.786
2025-07-19,"Middle East",Yemen,Taizz,Protests,"Peaceful protest",18,0,"232,146",Demonstrations,13.295,43.786
2025-07-19,"Middle East",Yemen,Taizz,"Violence against civilians",Attack,1,0,"54,004","Political violence",13.295,43.786
2025-07-19,"Middle East",Yemen,Taizz,"Strategic developments","Headquarters or base established",11,0,0,"Strategic developments",13.295,43.786
2025-07-19,"Middle East",Yemen,Taizz,"Violence against civilians","Abduction/forced disappearance",3,0,"101,919","Political violence",13.295,43.786
2025-07-26,"International Waters","Indian Ocean","North Indian Ocean","Explosions/Remote violence","Air/drone strike",1,0,0,"Political violence",13.728,70.473
2025-07-26,"International Waters","Indian Ocean","North Indian Ocean","Strategic developments","Disrupted weapons use",2,0,0,"Strategic developments",13.728,70.473
2025-07-26,"Middle East",Yemen,Abyan,"Violence against civilians",Attack,2,1,"23,458","Political violence",13.627,46.228
2025-07-26,"Middle East",Yemen,Abyan,"Strategic developments","Change to group/activity",2,0,0,"Strategic developments",13.627,46.228
2025-07-26,"Middle East",Yemen,Abyan,"Strategic developments","Looting/property destruction",1,0,0,"Strategic developments",13.627,46.228
2025-07-26,"Middle East",Yemen,Abyan,Protests,"Peaceful protest",1,0,"17,910",Demonstrations,13.627,46.228
2025-07-26,"Middle East",Yemen,"Ad Dali",Battles,"Armed clash",3,4,"4,144","Political violence",13.894,44.783
2025-07-26,"Middle East",Yemen,"Ad Dali","Explosions/Remote violence","Shelling/artillery/missile attack",1,0,"1,590","Political violence",13.894,44.783
2025-07-26,"Middle East",Yemen,"Ad Dali",Protests,"Peaceful protest",6,0,"112,267",Demonstrations,13.894,44.783
2025-07-26,"Middle East",Yemen,Aden,Riots,"Violent demonstration",1,0,"18,450",Demonstrations,12.806,44.788
2025-07-26,"Middle East",Yemen,Aden,"Violence against civilians","Abduction/forced disappearance",1,0,"84,625","Political violence",12.806,44.788
2025-07-26,"Middle East",Yemen,"Al Bayda",Protests,"Peaceful protest",5,0,"46,390",Demonstrations,14.326,45.216
2025-07-26,"Middle East",Yemen,"Al Bayda","Violence against civilians","Abduction/forced disappearance",1,0,"5,957","Political violence",14.326,45.216
2025-07-26,"Middle East",Yemen,"Al Bayda","Violence against civilians",Attack,1,0,"66,019","Political violence",14.326,45.216
2025-07-26,"Middle East",Yemen,"Al Bayda",Battles,"Armed clash",1,3,"83,969","Political violence",14.326,45.216
2025-07-26,"Middle East",Yemen,"Al Hudaydah","Strategic developments","Change to group/activity",2,0,0,"Strategic developments",14.779,43.218
2025-07-26,"Middle East",Yemen,"Al Hudaydah","Explosions/Remote violence","Remote explosive/landmine/IED",1,1,"4,894","Political violence",14.779,43.218
2025-07-26,"Middle East",Yemen,"Al Hudaydah","Strategic developments",Other,2,0,0,"Strategic developments",14.779,43.218
2025-07-26,"Middle East",Yemen,"Al Hudaydah",Protests,"Peaceful protest",6,0,"188,832",Demonstrations,14.779,43.218
2025-07-26,"Middle East",Yemen,"Al Hudaydah",Battles,"Armed clash",14,3,"68,759","Political violence",14.779,43.218
2025-07-26,"Middle East",Yemen,"Al Jawf",Protests,"Peaceful protest",11,0,"65,113",Demonstrations,16.596,45.599
2025-07-26,"Middle East",Yemen,"Al Jawf","Strategic developments","Change to group/activity",1,0,0,"Strategic developments",16.596,45.599
2025-07-26,"Middle East",Yemen,"Al Jawf","Violence against civilians",Attack,1,0,"10,783","Political violence",16.596,45.599
2025-07-26,"Middle East",Yemen,"Al Jawf","Strategic developments","Looting/property destruction",1,0,0,"Strategic developments",16.596,45.599
2025-07-26,"Middle East",Yemen,"Al Jawf",Battles,"Armed clash",1,4,"8,548","Political violence",16.596,45.599
2025-07-26,"Middle East",Yemen,"Al Jawf","Violence against civilians","Abduction/forced disappearance",1,0,"7,380","Political violence",16.596,45.599
2025-07-26,"Middle East",Yemen,"Al Mahrah","Strategic developments","Change to group/activity",1,0,0,"Strategic developments",17.057,51.824
2025-07-26,"Middle East",Yemen,"Al Mahwit",Protests,"Peaceful protest",1,0,"24,342",Demonstrations,15.308,43.499
2025-07-26,"Middle East",Yemen,"Amanat al Asimah",Protests,"Peaceful protest",7,0,"255,391",Demonstrations,15.420,44.192
2025-07-26,"Middle East",Yemen,"Amanat al Asimah","Strategic developments",Arrests,1,0,0,"Strategic developments",15.420,44.192
2025-07-26,"Middle East",Yemen,Amran,Protests,"Peaceful protest",15,0,"199,634",Demonstrations,16.116,43.941
2025-07-26,"Middle East",Yemen,Amran,"Strategic developments","Looting/property destruction",1,0,0,"Strategic developments",16.116,43.941
2025-07-26,"Middle East",Yemen,Amran,"Violence against civilians","Abduction/forced disappearance",1,0,"64,508","Political violence",16.116,43.941
2025-07-26,"Middle East",Yemen,Amran,"Strategic developments","Change to group/activity",1,0,0,"Strategic developments",16.116,43.941
2025-07-26,"Middle East",Yemen,Dhamar,Protests,"Peaceful protest",1,0,"56,090",Demonstrations,14.540,44.306
2025-07-26,"Middle East",Yemen,Dhamar,Battles,"Armed clash",1,1,"16,713","Political violence",14.540,44.306
2025-07-26,"Middle East",Yemen,Dhamar,"Violence against civilians","Abduction/forced disappearance",1,0,"68,522","Political violence",14.540,44.306
2025-07-26,"Middle East",Yemen,Hadramawt,Riots,"Violent demonstration",41,2,"495,442",Demonstrations,16.529,48.627
2025-07-26,"Middle East",Yemen,Hadramawt,"Strategic developments","Change to group/activity",3,0,0,"Strategic developments",16.529,48.627
2025-07-26,"Middle East",Yemen,Hadramawt,"Strategic developments",Arrests,1,0,0,"Strategic developments",16.529,48.627
2025-07-26,"Middle East",Yemen,Hadramawt,Protests,"Peaceful protest",7,0,"168,468",Demonstrations,16.529,48.627
2025-07-26,"Middle East",Yemen,Hadramawt,Protests,"Excessive force against protesters",1,0,"22,961","Political violence; Demonstrations",16.529,48.627
2025-07-26,"Middle East",Yemen,Hajjah,Protests,"Peaceful protest",39,0,"166,944",Demonstrations,16.094,43.204
2025-07-26,"Middle East",Yemen,Hajjah,"Strategic developments","Looting/property destruction",1,0,0,"Strategic developments",16.094,43.204
2025-07-26,"Middle East",Yemen,Ibb,Protests,"Peaceful protest",52,0,"442,946",Demonstrations,14.088,44.175
2025-07-26,"Middle East",Yemen,Ibb,"Violence against civilians",Attack,2,0,"20,456","Political violence",14.088,44.175
2025-07-26,"Middle East",Yemen,Ibb,"Violence against civilians","Abduction/forced disappearance",6,0,"128,961","Political violence",14.088,44.175
2025-07-26,"Middle East",Yemen,Ibb,"Strategic developments","Disrupted weapons use",1,2,0,"Strategic developments",14.088,44.175
2025-07-26,"Middle East",Yemen,Lahij,Protests,"Peaceful protest",3,0,"27,503",Demonstrations,13.320,44.762
2025-07-26,"Middle East",Yemen,Lahij,"Strategic developments","Change to group/activity",2,0,0,"Strategic developments",13.320,44.762
2025-07-26,"Middle East",Yemen,Lahij,"Strategic developments","Disrupted weapons use",1,0,0,"Strategic developments",13.320,44.762
2025-07-26,"Middle East",Yemen,Lahij,Battles,"Armed clash",6,3,"13,337","Political violence",13.320,44.762
2025-07-26,"Middle East",Yemen,Marib,"Strategic developments","Disrupted weapons use",1,0,0,"Strategic developments",15.333,45.452
2025-07-26,"Middle East",Yemen,Marib,Protests,"Peaceful protest",14,0,"20,555",Demonstrations,15.333,45.452
2025-07-26,"Middle East",Yemen,Marib,"Strategic developments","Change to group/activity",3,0,0,"Strategic developments",15.333,45.452
2025-07-26,"Middle East",Yemen,Raymah,Protests,"Peaceful protest",2,0,"3,016",Demonstrations,14.657,43.687
2025-07-26,"Middle East",Yemen,Sadah,Protests,"Peaceful protest",43,0,"150,789",Demonstrations,17.088,44.042
2025-07-26,"Middle East",Yemen,Sadah,"Strategic developments","Change to group/activity",1,0,0,"Strategic developments",17.088,44.042
2025-07-26,"Middle East",Yemen,Sanaa,Protests,"Peaceful protest",6,0,"61,345",Demonstrations,15.393,44.475
2025-07-26,"Middle East",Yemen,Sanaa,"Violence against civilians",Attack,1,1,"2,828","Political violence",15.393,44.475
2025-07-26,"Middle East",Yemen,Shabwah,Battles,"Armed clash",4,2,"71,724","Political violence",14.651,46.620
2025-07-26,"Middle East",Yemen,Shabwah,Protests,"Peaceful protest",1,0,467,Demonstrations,14.651,46.620
2025-07-26,"Middle East",Yemen,Shabwah,"Strategic developments","Change to group/activity",1,0,0,"Strategic developments",14.651,46.620
2025-07-26,"Middle East",Yemen,Shabwah,"Strategic developments",Other,1,0,0,"Strategic developments",14.651,46.620
2025-07-26,"Middle East",Yemen,Taizz,"Explosions/Remote violence","Shelling/artillery/missile attack",1,1,"10,027","Political violence",13.295,43.786
2025-07-26,"Middle East",Yemen,Taizz,"Strategic developments",Other,1,0,0,"Strategic developments",13.295,43.786
2025-07-26,"Middle East",Yemen,Taizz,"Violence against civilians",Attack,2,2,"120,603","Political violence",13.295,43.786
2025-07-26,"Middle East",Yemen,Taizz,"Strategic developments","Change to group/activity",1,0,0,"Strategic developments",13.295,43.786
2025-07-26,"Middle East",Yemen,Taizz,Protests,"Peaceful protest",22,0,"213,517",Demonstrations,13.295,43.786
2025-07-26,"Middle East",Yemen,Taizz,"Violence against civilians","Abduction/forced disappearance",4,0,"64,137","Political violence",13.295,43.786
2025-07-26,"Middle East",Yemen,Taizz,"Explosions/Remote violence","Remote explosive/landmine/IED",2,0,"144,076","Political violence",13.295,43.786
2025-08-02,"International Waters","Indian Ocean","North Indian Ocean","Strategic developments","Disrupted weapons use",3,0,0,"Strategic developments",13.728,70.473
2025-08-02,"International Waters","Indian Ocean","North Indian Ocean","Explosions/Remote violence","Air/drone strike",1,0,0,"Political violence",13.728,70.473
2025-08-02,"International Waters","Indian Ocean","North Indian Ocean","Explosions/Remote violence","Shelling/artillery/missile attack",1,0,0,"Political violence",13.728,70.473
2025-08-02,"Middle East",Yemen,Abyan,Riots,"Violent demonstration",1,0,"40,172",Demonstrations,13.627,46.228
2025-08-02,"Middle East",Yemen,Abyan,"Strategic developments","Looting/property destruction",1,0,0,"Strategic developments",13.627,46.228
2025-08-02,"Middle East",Yemen,Abyan,"Explosions/Remote violence","Remote explosive/landmine/IED",2,2,"12,341","Political violence",13.627,46.228
2025-08-02,"Middle East",Yemen,Abyan,"Explosions/Remote violence","Air/drone strike",1,0,"6,014","Political violence",13.627,46.228
2025-08-02,"Middle East",Yemen,Abyan,Protests,"Peaceful protest",2,0,"41,682",Demonstrations,13.627,46.228
2025-08-02,"Middle East",Yemen,"Ad Dali",Riots,"Violent demonstration",1,0,"74,338",Demonstrations,13.894,44.783
2025-08-02,"Middle East",Yemen,"Ad Dali",Battles,"Armed clash",7,1,"59,542","Political violence",13.894,44.783
2025-08-02,"Middle East",Yemen,"Ad Dali","Strategic developments","Change to group/activity",1,0,0,"Strategic developments",13.894,44.783
2025-08-02,"Middle East",Yemen,"Ad Dali",Protests,"Peaceful protest",8,0,"104,159",Demonstrations,13.894,44.783
2025-08-02,"Middle East",Yemen,Aden,"Strategic developments","Disrupted weapons use",1,0,0,"Strategic developments",12.806,44.788
2025-08-02,"Middle East",Yemen,Aden,Battles,"Government regains territory",1,0,"2,825","Political violence",12.806,44.788
2025-08-02,"Middle East",Yemen,Aden,Protests,"Peaceful protest",2,0,"22,462",Demonstrations,12.806,44.788
2025-08-02,"Middle East",Yemen,Aden,"Strategic developments","Looting/property destruction",2,0,0,"Strategic developments",12.806,44.788
2025-08-02,"Middle East",Yemen,Aden,"Strategic developments","Change to group/activity",1,0,0,"Strategic developments",12.806,44.788
2025-08-02,"Middle East",Yemen,"Al Bayda",Protests,"Peaceful protest",4,0,"70,330",Demonstrations,14.326,45.216
2025-08-02,"Middle East",Yemen,"Al Bayda","Explosions/Remote violence","Remote explosive/landmine/IED",1,3,"40,782","Political violence",14.326,45.216
2025-08-02,"Middle East",Yemen,"Al Hudaydah","Strategic developments",Arrests,1,0,0,"Strategic developments",14.779,43.218
2025-08-02,"Middle East",Yemen,"Al Hudaydah","Strategic developments","Disrupted weapons use",1,0,0,"Strategic developments",14.779,43.218
2025-08-02,"Middle East",Yemen,"Al Hudaydah",Protests,"Peaceful protest",7,0,"138,839",Demonstrations,14.779,43.218
2025-08-02,"Middle East",Yemen,"Al Hudaydah",Battles,"Armed clash",2,0,"21,705","Political violence",14.779,43.218
2025-08-02,"Middle East",Yemen,"Al Hudaydah","Violence against civilians",Attack,1,1,"94,778","Political violence",14.779,43.218
2025-08-02,"Middle East",Yemen,"Al Hudaydah",Riots,"Violent demonstration",1,0,"70,127",Demonstrations,14.779,43.218
2025-08-02,"Middle East",Yemen,"Al Hudaydah","Strategic developments","Change to group/activity",2,0,0,"Strategic developments",14.779,43.218
2025-08-02,"Middle East",Yemen,"Al Hudaydah","Explosions/Remote violence","Remote explosive/landmine/IED",1,0,"2,852","Political violence",14.779,43.218
2025-08-02,"Middle East",Yemen,"Al Jawf","Violence against civilians",Attack,1,1,"9,119","Political violence",16.596,45.599
2025-08-02,"Middle East",Yemen,"Al Jawf",Protests,"Peaceful protest",2,0,"12,652",Demonstrations,16.596,45.599
2025-08-02,"Middle East",Yemen,"Al Mahwit",Protests,"Peaceful protest",12,0,"105,004",Demonstrations,15.308,43.499
2025-08-02,"Middle East",Yemen,"Al Mahwit","Strategic developments","Change to group/activity",1,0,0,"Strategic developments",15.308,43.499
2025-08-02,"Middle East",Yemen,"Amanat al Asimah",Protests,"Peaceful protest",15,0,"671,482",Demonstrations,15.420,44.192
2025-08-02,"Middle East",Yemen,"Amanat al Asimah",Protests,"Protest with intervention",1,0,"10,127",Demonstrations,15.420,44.192
2025-08-02,"Middle East",Yemen,"Amanat al Asimah","Violence against civilians","Abduction/forced disappearance",1,0,"44,908","Political violence",15.420,44.192
2025-08-02,"Middle East",Yemen,Amran,Protests,"Peaceful protest",18,0,"206,075",Demonstrations,16.116,43.941
2025-08-02,"Middle East",Yemen,Dhamar,Protests,"Peaceful protest",2,0,"56,090",Demonstrations,14.540,44.306
2025-08-02,"Middle East",Yemen,Dhamar,Battles,"Armed clash",1,0,"4,682","Political violence",14.540,44.306
2025-08-02,"Middle East",Yemen,Dhamar,"Explosions/Remote violence",Grenade,1,0,"255,660","Political violence",14.540,44.306
2025-08-02,"Middle East",Yemen,Hadramawt,Riots,"Mob violence",1,0,"16,513","Political violence",16.529,48.627
2025-08-02,"Middle East",Yemen,Hadramawt,Riots,"Violent demonstration",4,0,"104,874",Demonstrations,16.529,48.627
2025-08-02,"Middle East",Yemen,Hadramawt,Protests,"Peaceful protest",8,0,"142,946",Demonstrations,16.529,48.627
2025-08-02,"Middle East",Yemen,Hadramawt,Protests,"Protest with intervention",2,0,"60,081",Demonstrations,16.529,48.627
2025-08-02,"Middle East",Yemen,Hadramawt,Protests,"Excessive force against protesters",1,0,"16,955","Political violence; Demonstrations",16.529,48.627
2025-08-02,"Middle East",Yemen,Hajjah,Protests,"Peaceful protest",62,0,"543,809",Demonstrations,16.094,43.204
2025-08-02,"Middle East",Yemen,Hajjah,"Strategic developments","Change to group/activity",1,0,0,"Strategic developments",16.094,43.204
2025-08-02,"Middle East",Yemen,Ibb,"Violence against civilians","Abduction/forced disappearance",7,0,"101,733","Political violence",14.088,44.175
2025-08-02,"Middle East",Yemen,Ibb,Protests,"Peaceful protest",67,0,"481,005",Demonstrations,14.088,44.175
2025-08-02,"Middle East",Yemen,Ibb,"Strategic developments","Looting/property destruction",1,0,0,"Strategic developments",14.088,44.175
2025-08-02,"Middle East",Yemen,Lahij,Battles,"Armed clash",11,11,"46,496","Political violence",13.320,44.762
2025-08-02,"Middle East",Yemen,Lahij,Protests,"Peaceful protest",2,0,"15,991",Demonstrations,13.320,44.762
2025-08-02,"Middle East",Yemen,Marib,"Explosions/Remote violence","Shelling/artillery/missile attack",1,0,"5,138","Political violence",15.333,45.452
2025-08-02,"Middle East",Yemen,Marib,"Violence against civilians",Attack,1,1,"24,889","Political violence",15.333,45.452
2025-08-02,"Middle East",Yemen,Marib,Protests,"Peaceful protest",16,0,"36,113",Demonstrations,15.333,45.452
2025-08-02,"Middle East",Yemen,Raymah,Protests,"Peaceful protest",3,0,"3,016",Demonstrations,14.657,43.687
2025-08-02,"Middle East",Yemen,Sadah,Battles,"Armed clash",1,2,393,"Political violence",17.088,44.042
2025-08-02,"Middle East",Yemen,Sadah,Protests,"Peaceful protest",46,0,"159,450",Demonstrations,17.088,44.042
2025-08-02,"Middle East",Yemen,Sanaa,Protests,"Peaceful protest",25,0,"95,254",Demonstrations,15.393,44.475
2025-08-02,"Middle East",Yemen,Sanaa,"Violence against civilians",Attack,1,1,"43,931","Political violence",15.393,44.475
2025-08-02,"Middle East",Yemen,Shabwah,Battles,"Armed clash",1,0,"9,493","Political violence",14.651,46.620
2025-08-02,"Middle East",Yemen,Taizz,Protests,"Peaceful protest",28,0,"218,098",Demonstrations,13.295,43.786
2025-08-02,"Middle East",Yemen,Taizz,Riots,"Violent demonstration",1,0,"18,828",Demonstrations,13.295,43.786
2025-08-02,"Middle East",Yemen,Taizz,"Violence against civilians",Attack,3,2,"88,567","Political violence",13.295,43.786
2025-08-02,"Middle East",Yemen,Taizz,"Strategic developments","Disrupted weapons use",1,0,0,"Strategic developments",13.295,43.786
2025-08-02,"Middle East",Yemen,Taizz,"Strategic developments","Looting/property destruction",1,0,0,"Strategic developments",13.295,43.786
2025-08-02,"Middle East",Yemen,Taizz,Battles,"Armed clash",1,0,"14,446","Political violence",13.295,43.786
2025-08-09,"International Waters","Indian Ocean","North Indian Ocean","Strategic developments","Disrupted weapons use",1,0,0,"Strategic developments",13.728,70.473
2025-08-09,"International Waters","Indian Ocean","North Indian Ocean","Explosions/Remote violence","Air/drone strike",1,0,0,"Political violence",13.728,70.473
2025-08-09,"Middle East",Yemen,Abyan,Protests,"Peaceful protest",2,0,"28,422",Demonstrations,13.627,46.228
2025-08-09,"Middle East",Yemen,Abyan,"Strategic developments","Disrupted weapons use",1,0,0,"Strategic developments",13.627,46.228
2025-08-09,"Middle East",Yemen,Abyan,"Explosions/Remote violence","Air/drone strike",1,1,"1,734","Political violence",13.627,46.228
2025-08-09,"Middle East",Yemen,Abyan,"Explosions/Remote violence","Remote explosive/landmine/IED",1,1,"1,734","Political violence",13.627,46.228
2025-08-09,"Middle East",Yemen,"Ad Dali",Battles,"Armed clash",8,7,"23,890","Political violence",13.894,44.783
2025-08-09,"Middle East",Yemen,"Ad Dali","Explosions/Remote violence","Shelling/artillery/missile attack",2,3,"9,911","Political violence",13.894,44.783
2025-08-09,"Middle East",Yemen,"Ad Dali","Strategic developments","Change to group/activity",1,0,0,"Strategic developments",13.894,44.783
2025-08-09,"Middle East",Yemen,"Ad Dali",Protests,"Peaceful protest",7,0,"104,159",Demonstrations,13.894,44.783
2025-08-09,"Middle East",Yemen,"Ad Dali","Violence against civilians","Abduction/forced disappearance",1,0,"1,901","Political violence",13.894,44.783
2025-08-09,"Middle East",Yemen,Aden,Protests,"Peaceful protest",3,0,"14,533",Demonstrations,12.806,44.788
2025-08-09,"Middle East",Yemen,Aden,"Strategic developments","Change to group/activity",1,0,0,"Strategic developments",12.806,44.788
2025-08-09,"Middle East",Yemen,"Al Bayda",Protests,"Peaceful protest",3,0,"53,329",Demonstrations,14.326,45.216
2025-08-09,"Middle East",Yemen,"Al Bayda","Explosions/Remote violence","Shelling/artillery/missile attack",1,0,"15,179","Political violence",14.326,45.216
2025-08-09,"Middle East",Yemen,"Al Bayda","Strategic developments","Change to group/activity",1,0,0,"Strategic developments",14.326,45.216
2025-08-09,"Middle East",Yemen,"Al Hudaydah","Strategic developments","Change to group/activity",1,0,0,"Strategic developments",14.779,43.218
2025-08-09,"Middle East",Yemen,"Al Hudaydah",Protests,"Peaceful protest",19,0,"511,036",Demonstrations,14.779,43.218
2025-08-09,"Middle East",Yemen,"Al Hudaydah","Explosions/Remote violence","Remote explosive/landmine/IED",1,0,"10,027","Political violence",14.779,43.218
2025-08-09,"Middle East",Yemen,"Al Hudaydah",Battles,"Armed clash",1,0,"5,838","Political violence",14.779,43.218
2025-08-09,"Middle East",Yemen,"Al Jawf",Battles,"Armed clash",3,0,"9,119","Political violence",16.596,45.599
2025-08-09,"Middle East",Yemen,"Al Jawf",Protests,"Peaceful protest",13,0,"86,011",Demonstrations,16.596,45.599
2025-08-09,"Middle East",Yemen,"Al Jawf","Strategic developments","Change to group/activity",1,0,0,"Strategic developments",16.596,45.599
2025-08-09,"Middle East",Yemen,"Al Mahrah",Battles,"Armed clash",1,0,"5,553","Political violence",17.057,51.824
2025-08-09,"Middle East",Yemen,"Al Mahwit",Protests,"Peaceful protest",5,0,"35,179",Demonstrations,15.308,43.499
2025-08-09,"Middle East",Yemen,"Amanat al Asimah","Strategic developments",Other,1,0,0,"Strategic developments",15.420,44.192
2025-08-09,"Middle East",Yemen,"Amanat al Asimah",Protests,"Peaceful protest",9,0,"329,266",Demonstrations,15.420,44.192
2025-08-09,"Middle East",Yemen,"Amanat al Asimah","Strategic developments","Change to group/activity",1,0,0,"Strategic developments",15.420,44.192
2025-08-09,"Middle East",Yemen,Amran,Protests,"Peaceful protest",6,0,"65,210",Demonstrations,16.116,43.941
2025-08-09,"Middle East",Yemen,Amran,"Explosions/Remote violence","Shelling/artillery/missile attack",1,5,6,"Political violence",16.116,43.941
2025-08-09,"Middle East",Yemen,Amran,Battles,"Armed clash",5,8,"87,086","Political violence",16.116,43.941
2025-08-09,"Middle East",Yemen,Dhamar,"Violence against civilians","Abduction/forced disappearance",2,0,"241,098","Political violence",14.540,44.306
2025-08-09,"Middle East",Yemen,Dhamar,Protests,"Peaceful protest",5,0,"99,782",Demonstrations,14.540,44.306
2025-08-09,"Middle East",Yemen,Hadramawt,Protests,"Peaceful protest",5,0,"100,280",Demonstrations,16.529,48.627
2025-08-09,"Middle East",Yemen,Hadramawt,"Violence against civilians","Abduction/forced disappearance",1,0,"16,513","Political violence",16.529,48.627
2025-08-09,"Middle East",Yemen,Hadramawt,"Strategic developments","Looting/property destruction",1,0,0,"Strategic developments",16.529,48.627
2025-08-09,"Middle East",Yemen,Hajjah,"Strategic developments","Change to group/activity",1,0,0,"Strategic developments",16.094,43.204
2025-08-09,"Middle East",Yemen,Hajjah,Protests,"Peaceful protest",26,0,"272,093",Demonstrations,16.094,43.204
2025-08-09,"Middle East",Yemen,Hajjah,"Violence against civilians","Abduction/forced disappearance",1,0,"5,400","Political violence",16.094,43.204
2025-08-09,"Middle East",Yemen,Ibb,Protests,"Peaceful protest",54,0,"468,805",Demonstrations,14.088,44.175
2025-08-09,"Middle East",Yemen,Ibb,"Strategic developments","Looting/property destruction",2,0,0,"Strategic developments",14.088,44.175
2025-08-09,"Middle East",Yemen,Lahij,Battles,"Armed clash",9,2,"22,130","Political violence",13.320,44.762
2025-08-09,"Middle East",Yemen,Lahij,"Strategic developments","Change to group/activity",1,0,0,"Strategic developments",13.320,44.762
2025-08-09,"Middle East",Yemen,Lahij,Protests,"Peaceful protest",1,0,"1,076",Demonstrations,13.320,44.762
2025-08-09,"Middle East",Yemen,Marib,Battles,"Armed clash",4,0,"11,880","Political violence",15.333,45.452
2025-08-09,"Middle East",Yemen,Marib,"Violence against civilians",Attack,2,2,0,"Political violence",15.333,45.452
2025-08-09,"Middle East",Yemen,Marib,Protests,"Peaceful protest",20,0,"21,673",Demonstrations,15.333,45.452
2025-08-09,"Middle East",Yemen,Marib,"Strategic developments","Change to group/activity",1,0,0,"Strategic developments",15.333,45.452
2025-08-09,"Middle East",Yemen,Raymah,Protests,"Peaceful protest",3,0,"3,326",Demonstrations,14.657,43.687
2025-08-09,"Middle East",Yemen,Sadah,"Violence against civilians",Attack,2,1,"11,956","Political violence",17.088,44.042
2025-08-09,"Middle East",Yemen,Sadah,Protests,"Peaceful protest",57,0,"268,714",Demonstrations,17.088,44.042
2025-08-09,"Middle East",Yemen,Sanaa,"Explosions/Remote violence","Remote explosive/landmine/IED",1,0,"19,970","Political violence",15.393,44.475
2025-08-09,"Middle East",Yemen,Sanaa,"Violence against civilians","Abduction/forced disappearance",1,0,"4,425","Political violence",15.393,44.475
2025-08-09,"Middle East",Yemen,Sanaa,Protests,"Peaceful protest",20,0,"113,561",Demonstrations,15.393,44.475
2025-08-09,"Middle East",Yemen,Sanaa,"Violence against civilians",Attack,1,0,"58,338","Political violence",15.393,44.475
2025-08-09,"Middle East",Yemen,Shabwah,Battles,"Armed clash",3,0,"7,512","Political violence",14.651,46.620
2025-08-09,"Middle East",Yemen,Shabwah,"Violence against civilians",Attack,1,0,"29,721","Political violence",14.651,46.620
2025-08-09,"Middle East",Yemen,Shabwah,"Strategic developments",Arrests,1,0,0,"Strategic developments",14.651,46.620
2025-08-09,"Middle East",Yemen,Taizz,"Violence against civilians","Abduction/forced disappearance",6,0,"103,953","Political violence",13.295,43.786
2025-08-09,"Middle East",Yemen,Taizz,Riots,"Violent demonstration",3,0,"44,578",Demonstrations,13.295,43.786
2025-08-09,"Middle East",Yemen,Taizz,"Explosions/Remote violence","Shelling/artillery/missile attack",2,1,"30,653","Political violence",13.295,43.786
2025-08-09,"Middle East",Yemen,Taizz,"Strategic developments","Change to group/activity",1,0,0,"Strategic developments",13.295,43.786
2025-08-09,"Middle East",Yemen,Taizz,Battles,"Armed clash",2,1,"44,601","Political violence",13.295,43.786
2025-08-09,"Middle East",Yemen,Taizz,"Violence against civilians",Attack,1,0,"63,554","Political violence",13.295,43.786
2025-08-09,"Middle East",Yemen,Taizz,Protests,"Peaceful protest",20,0,"237,186",Demonstrations,13.295,43.786
2025-08-16,"International Waters","Indian Ocean","North Indian Ocean","Strategic developments","Disrupted weapons use",2,0,0,"Strategic developments",13.728,70.473
2025-08-16,"International Waters","Indian Ocean","North Indian Ocean","Explosions/Remote violence","Air/drone strike",1,0,0,"Political violence",13.728,70.473
2025-08-16,"Middle East",Yemen,Abyan,Battles,"Armed clash",1,1,"1,354","Political violence",13.627,46.228
2025-08-16,"Middle East",Yemen,Abyan,"Strategic developments","Change to group/activity",1,0,0,"Strategic developments",13.627,46.228
2025-08-16,"Middle East",Yemen,Abyan,Protests,"Peaceful protest",2,0,"34,113",Demonstrations,13.627,46.228
2025-08-16,"Middle East",Yemen,"Ad Dali",Battles,"Armed clash",7,1,"11,255","Political violence",13.894,44.783
2025-08-16,"Middle East",Yemen,"Ad Dali",Protests,"Peaceful protest",12,0,"97,305",Demonstrations,13.894,44.783
2025-08-16,"Middle East",Yemen,Aden,"Violence against civilians","Abduction/forced disappearance",1,0,"4,712","Political violence",12.806,44.788
2025-08-16,"Middle East",Yemen,"Al Bayda",Protests,"Peaceful protest",5,0,"43,351",Demonstrations,14.326,45.216
2025-08-16,"Middle East",Yemen,"Al Bayda","Violence against civilians","Abduction/forced disappearance",1,0,"3,181","Political violence",14.326,45.216
2025-08-16,"Middle East",Yemen,"Al Bayda","Explosions/Remote violence","Remote explosive/landmine/IED",1,2,"7,894","Political violence",14.326,45.216
2025-08-16,"Middle East",Yemen,"Al Bayda",Battles,"Armed clash",2,0,"15,179","Political violence",14.326,45.216
2025-08-16,"Middle East",Yemen,"Al Hudaydah","Strategic developments","Disrupted weapons use",1,0,0,"Strategic developments",14.779,43.218
2025-08-16,"Middle East",Yemen,"Al Hudaydah",Protests,"Peaceful protest",3,0,"88,899",Demonstrations,14.779,43.218
2025-08-16,"Middle East",Yemen,"Al Hudaydah","Strategic developments","Change to group/activity",7,0,0,"Strategic developments",14.779,43.218
2025-08-16,"Middle East",Yemen,"Al Hudaydah","Explosions/Remote violence","Remote explosive/landmine/IED",1,1,"4,894","Political violence",14.779,43.218
2025-08-16,"Middle East",Yemen,"Al Hudaydah","Violence against civilians","Abduction/forced disappearance",1,0,"71,757","Political violence",14.779,43.218
2025-08-16,"Middle East",Yemen,"Al Hudaydah",Battles,"Armed clash",4,0,"32,618","Political violence",14.779,43.218
2025-08-16,"Middle East",Yemen,"Al Jawf",Protests,"Peaceful protest",14,0,"84,137",Demonstrations,16.596,45.599
2025-08-16,"Middle East",Yemen,"Al Mahwit",Protests,"Peaceful protest",9,0,"97,288",Demonstrations,15.308,43.499
2025-08-16,"Middle East",Yemen,"Al Mahwit","Strategic developments","Change to group/activity",1,0,0,"Strategic developments",15.308,43.499
2025-08-16,"Middle East",Yemen,"Amanat al Asimah","Violence against civilians","Abduction/forced disappearance",3,0,"44,908","Political violence",15.420,44.192
2025-08-16,"Middle East",Yemen,"Amanat al Asimah","Violence against civilians",Attack,1,0,"123,856","Political violence",15.420,44.192
2025-08-16,"Middle East",Yemen,"Amanat al Asimah","Strategic developments",Other,1,0,0,"Strategic developments",15.420,44.192
2025-08-16,"Middle East",Yemen,"Amanat al Asimah",Protests,"Peaceful protest",3,0,"61,485",Demonstrations,15.420,44.192
2025-08-16,"Middle East",Yemen,"Amanat al Asimah",Protests,"Protest with intervention",1,0,"10,127",Demonstrations,15.420,44.192
2025-08-16,"Middle East",Yemen,"Amanat al Asimah","Strategic developments","Looting/property destruction",1,0,0,"Strategic developments",15.420,44.192
2025-08-16,"Middle East",Yemen,Amran,"Strategic developments","Looting/property destruction",1,0,0,"Strategic developments",16.116,43.941
2025-08-16,"Middle East",Yemen,Amran,Protests,"Peaceful protest",2,0,"64,025",Demonstrations,16.116,43.941
2025-08-16,"Middle East",Yemen,Dhamar,"Violence against civilians","Abduction/forced disappearance",1,0,"6,682","Political violence",14.540,44.306
2025-08-16,"Middle East",Yemen,Dhamar,Protests,"Peaceful protest",1,0,"56,090",Demonstrations,14.540,44.306
2025-08-16,"Middle East",Yemen,Dhamar,"Strategic developments","Change to group/activity",1,0,0,"Strategic developments",14.540,44.306
2025-08-16,"Middle East",Yemen,Hadramawt,"Violence against civilians","Abduction/forced disappearance",1,0,"16,513","Political violence",16.529,48.627
2025-08-16,"Middle East",Yemen,Hadramawt,Riots,"Violent demonstration",1,0,"66,735",Demonstrations,16.529,48.627
2025-08-16,"Middle East",Yemen,Hadramawt,Protests,"Peaceful protest",1,0,"26,022",Demonstrations,16.529,48.627
2025-08-16,"Middle East",Yemen,Hajjah,Protests,"Peaceful protest",32,0,"136,514",Demonstrations,16.094,43.204
2025-08-16,"Middle East",Yemen,Hajjah,"Strategic developments","Change to group/activity",3,0,0,"Strategic developments",16.094,43.204
2025-08-16,"Middle East",Yemen,Hajjah,"Violence against civilians",Attack,1,1,"14,282","Political violence",16.094,43.204
2025-08-16,"Middle East",Yemen,Ibb,Protests,"Peaceful protest",53,0,"477,400",Demonstrations,14.088,44.175
2025-08-16,"Middle East",Yemen,Ibb,"Strategic developments","Change to group/activity",1,0,0,"Strategic developments",14.088,44.175
2025-08-16,"Middle East",Yemen,Ibb,"Violence against civilians","Abduction/forced disappearance",2,0,"55,955","Political violence",14.088,44.175
2025-08-16,"Middle East",Yemen,Lahij,Battles,"Armed clash",7,4,"24,760","Political violence",13.320,44.762
2025-08-16,"Middle East",Yemen,Lahij,"Strategic developments","Change to group/activity",2,0,0,"Strategic developments",13.320,44.762
2025-08-16,"Middle East",Yemen,Lahij,Protests,"Peaceful protest",4,0,"28,583",Demonstrations,13.320,44.762
2025-08-16,"Middle East",Yemen,Marib,"Explosions/Remote violence","Air/drone strike",1,0,992,"Political violence",15.333,45.452
2025-08-16,"Middle East",Yemen,Marib,Battles,"Armed clash",2,2,"9,175","Political violence",15.333,45.452
2025-08-16,"Middle East",Yemen,Marib,Protests,"Peaceful protest",17,0,"21,673",Demonstrations,15.333,45.452
2025-08-16,"Middle East",Yemen,Marib,"Strategic developments","Looting/property destruction",1,0,0,"Strategic developments",15.333,45.452
2025-08-16,"Middle East",Yemen,Raymah,Protests,"Peaceful protest",6,0,"21,823",Demonstrations,14.657,43.687
2025-08-16,"Middle East",Yemen,Raymah,"Strategic developments","Change to group/activity",1,0,0,"Strategic developments",14.657,43.687
2025-08-16,"Middle East",Yemen,Sadah,"Violence against civilians","Abduction/forced disappearance",1,0,"31,616","Political violence",17.088,44.042
2025-08-16,"Middle East",Yemen,Sadah,"Strategic developments","Change to group/activity",1,0,0,"Strategic developments",17.088,44.042
2025-08-16,"Middle East",Yemen,Sadah,Protests,"Peaceful protest",42,0,"148,498",Demonstrations,17.088,44.042
2025-08-16,"Middle East",Yemen,Sadah,"Explosions/Remote violence","Shelling/artillery/missile attack",1,1,"43,443","Political violence",17.088,44.042
2025-08-16,"Middle East",Yemen,Sanaa,Protests,"Peaceful protest",7,0,"60,762",Demonstrations,15.393,44.475
2025-08-16,"Middle East",Yemen,Sanaa,"Explosions/Remote violence","Shelling/artillery/missile attack",1,0,"15,733","Political violence",15.393,44.475
2025-08-16,"Middle East",Yemen,Shabwah,Battles,"Armed clash",2,0,"58,481","Political violence",14.651,46.620
2025-08-16,"Middle East",Yemen,Shabwah,"Violence against civilians",Attack,2,1,"57,524","Political violence",14.651,46.620
2025-08-16,"Middle East",Yemen,Shabwah,Riots,"Mob violence",1,0,660,"Political violence",14.651,46.620
2025-08-16,"Middle East",Yemen,Shabwah,"Strategic developments","Looting/property destruction",1,0,0,"Strategic developments",14.651,46.620
2025-08-16,"Middle East",Yemen,Shabwah,"Strategic developments","Disrupted weapons use",1,0,0,"Strategic developments",14.651,46.620
2025-08-16,"Middle East",Yemen,Taizz,Protests,"Peaceful protest",19,0,"242,527",Demonstrations,13.295,43.786
2025-08-16,"Middle East",Yemen,Taizz,"Explosions/Remote violence","Remote explosive/landmine/IED",1,1,"15,487","Political violence",13.295,43.786
2025-08-16,"Middle East",Yemen,Taizz,"Strategic developments",Other,1,0,0,"Strategic developments",13.295,43.786
2025-08-16,"Middle East",Yemen,Taizz,"Violence against civilians",Attack,2,0,"17,721","Political violence",13.295,43.786
2025-08-16,"Middle East",Yemen,Taizz,"Strategic developments","Change to group/activity",1,0,0,"Strategic developments",13.295,43.786
2025-08-23,"International Waters","Indian Ocean","North Indian Ocean","Strategic developments","Disrupted weapons use",2,0,0,"Strategic developments",13.728,70.473
2025-08-23,"Middle East",Yemen,Abyan,Battles,"Armed clash",1,0,96,"Political violence",13.627,46.228
2025-08-23,"Middle East",Yemen,Abyan,"Strategic developments","Change to group/activity",2,0,0,"Strategic developments",13.627,46.228
2025-08-23,"Middle East",Yemen,Abyan,Protests,"Peaceful protest",1,0,"34,091",Demonstrations,13.627,46.228
2025-08-23,"Middle East",Yemen,"Ad Dali",Protests,"Peaceful protest",5,0,"78,332",Demonstrations,13.894,44.783
2025-08-23,"Middle East",Yemen,"Ad Dali","Violence against civilians","Abduction/forced disappearance",2,0,"54,620","Political violence",13.894,44.783
2025-08-23,"Middle East",Yemen,"Ad Dali",Battles,"Armed clash",5,3,"10,318","Political violence",13.894,44.783
2025-08-23,"Middle East",Yemen,Aden,Protests,"Peaceful protest",2,0,"62,221",Demonstrations,12.806,44.788
2025-08-23,"Middle East",Yemen,Aden,Battles,"Armed clash",1,0,"13,349","Political violence",12.806,44.788
2025-08-23,"Middle East",Yemen,"Al Bayda",Protests,"Peaceful protest",2,0,"42,331",Demonstrations,14.326,45.216
2025-08-23,"Middle East",Yemen,"Al Bayda",Battles,"Armed clash",2,1,"15,179","Political violence",14.326,45.216
2025-08-23,"Middle East",Yemen,"Al Bayda","Violence against civilians","Abduction/forced disappearance",1,0,"20,325","Political violence",14.326,45.216
2025-08-23,"Middle East",Yemen,"Al Hudaydah",Protests,"Peaceful protest",7,0,"181,043",Demonstrations,14.779,43.218
2025-08-23,"Middle East",Yemen,"Al Hudaydah","Explosions/Remote violence","Remote explosive/landmine/IED",1,0,0,"Political violence",14.779,43.218
2025-08-23,"Middle East",Yemen,"Al Hudaydah","Violence against civilians",Attack,1,0,"16,289","Political violence",14.779,43.218
2025-08-23,"Middle East",Yemen,"Al Jawf",Protests,"Peaceful protest",12,0,"79,470",Demonstrations,16.596,45.599
2025-08-23,"Middle East",Yemen,"Al Jawf","Explosions/Remote violence","Remote explosive/landmine/IED",1,0,"9,119","Political violence",16.596,45.599
2025-08-23,"Middle East",Yemen,"Al Jawf",Battles,"Armed clash",1,1,"6,321","Political violence",16.596,45.599
2025-08-23,"Middle East",Yemen,"Al Mahrah",Battles,"Armed clash",1,1,"47,075","Political violence",17.057,51.824
2025-08-23,"Middle East",Yemen,"Al Mahwit",Protests,"Peaceful protest",10,0,"97,288",Demonstrations,15.308,43.499
2025-08-23,"Middle East",Yemen,"Amanat al Asimah","Violence against civilians","Abduction/forced disappearance",7,0,"292,106","Political violence",15.420,44.192
2025-08-23,"Middle East",Yemen,"Amanat al Asimah","Explosions/Remote violence","Air/drone strike",4,17,"109,103","Political violence",15.420,44.192
2025-08-23,"Middle East",Yemen,"Amanat al Asimah","Strategic developments","Looting/property destruction",2,0,0,"Strategic developments",15.420,44.192
2025-08-23,"Middle East",Yemen,"Amanat al Asimah",Protests,"Peaceful protest",4,0,"172,606",Demonstrations,15.420,44.192
2025-08-23,"Middle East",Yemen,"Amanat al Asimah","Strategic developments","Change to group/activity",1,0,0,"Strategic developments",15.420,44.192
2025-08-23,"Middle East",Yemen,Amran,Protests,"Peaceful protest",2,0,"48,266",Demonstrations,16.116,43.941
2025-08-23,"Middle East",Yemen,Amran,"Explosions/Remote violence","Air/drone strike",1,0,"75,550","Political violence",16.116,43.941
2025-08-23,"Middle East",Yemen,Amran,Battles,"Armed clash",1,3,8,"Political violence",16.116,43.941
2025-08-23,"Middle East",Yemen,Dhamar,"Violence against civilians",Attack,1,1,"50,863","Political violence",14.540,44.306
2025-08-23,"Middle East",Yemen,Dhamar,"Violence against civilians","Abduction/forced disappearance",1,0,"7,461","Political violence",14.540,44.306
2025-08-23,"Middle East",Yemen,Dhamar,Protests,"Peaceful protest",1,0,"56,090",Demonstrations,14.540,44.306
2025-08-23,"Middle East",Yemen,Hajjah,"Explosions/Remote violence","Air/drone strike",1,0,"20,079","Political violence",16.094,43.204
2025-08-23,"Middle East",Yemen,Hajjah,Protests,"Peaceful protest",5,0,"21,445",Demonstrations,16.094,43.204
2025-08-23,"Middle East",Yemen,Ibb,"Violence against civilians",Attack,2,0,"64,774","Political violence",14.088,44.175
2025-08-23,"Middle East",Yemen,Ibb,Protests,"Peaceful protest",54,0,"477,400",Demonstrations,14.088,44.175
2025-08-23,"Middle East",Yemen,Lahij,Battles,"Armed clash",4,3,"14,081","Political violence",13.320,44.762
2025-08-23,"Middle East",Yemen,Lahij,"Strategic developments","Change to group/activity",1,0,0,"Strategic developments",13.320,44.762
2025-08-23,"Middle East",Yemen,Lahij,Protests,"Peaceful protest",1,0,"4,518",Demonstrations,13.320,44.762
2025-08-23,"Middle East",Yemen,Lahij,"Explosions/Remote violence","Air/drone strike",2,2,"13,357","Political violence",13.320,44.762
2025-08-23,"Middle East",Yemen,Lahij,"Violence against civilians","Sexual violence",1,1,"22,398","Political violence",13.320,44.762
2025-08-23,"Middle East",Yemen,Marib,Protests,"Peaceful protest",15,0,"21,659",Demonstrations,15.333,45.452
2025-08-23,"Middle East",Yemen,Marib,Battles,"Armed clash",1,0,"2,881","Political violence",15.333,45.452
2025-08-23,"Middle East",Yemen,Marib,"Violence against civilians",Attack,1,0,"23,240","Political violence",15.333,45.452
2025-08-23,"Middle East",Yemen,Raymah,Protests,"Peaceful protest",6,0,"21,823",Demonstrations,14.657,43.687
2025-08-23,"Middle East",Yemen,Sadah,"Strategic developments","Disrupted weapons use",1,0,0,"Strategic developments",17.088,44.042
2025-08-23,"Middle East",Yemen,Sadah,Protests,"Peaceful protest",42,0,"148,498",Demonstrations,17.088,44.042
2025-08-23,"Middle East",Yemen,Sanaa,"Explosions/Remote violence","Air/drone strike",2,5,"45,913","Political violence",15.393,44.475
2025-08-23,"Middle East",Yemen,Sanaa,Protests,"Peaceful protest",6,0,"50,191",Demonstrations,15.393,44.475
2025-08-23,"Middle East",Yemen,Sanaa,"Strategic developments","Change to group/activity",5,0,0,"Strategic developments",15.393,44.475
2025-08-23,"Middle East",Yemen,Shabwah,Protests,"Peaceful protest",1,0,"29,270",Demonstrations,14.651,46.620
2025-08-23,"Middle East",Yemen,Shabwah,"Strategic developments",Arrests,1,0,0,"Strategic developments",14.651,46.620
2025-08-23,"Middle East",Yemen,Shabwah,"Violence against civilians","Abduction/forced disappearance",1,0,404,"Political violence",14.651,46.620
2025-08-23,"Middle East",Yemen,Shabwah,Battles,"Armed clash",2,1,"3,516","Political violence",14.651,46.620
2025-08-23,"Middle East",Yemen,Shabwah,"Explosions/Remote violence","Air/drone strike",1,1,"33,112","Political violence",14.651,46.620
2025-08-23,"Middle East",Yemen,Taizz,"Violence against civilians","Abduction/forced disappearance",2,0,"17,915","Political violence",13.295,43.786
2025-08-23,"Middle East",Yemen,Taizz,"Violence against civilians",Attack,4,0,"64,181","Political violence",13.295,43.786
2025-08-23,"Middle East",Yemen,Taizz,Protests,"Peaceful protest",15,0,"193,897",Demonstrations,13.295,43.786
2025-08-30,"International Waters","Indian Ocean","North Indian Ocean","Strategic developments","Disrupted weapons use",3,0,0,"Strategic developments",13.728,70.473
2025-08-30,"International Waters","Indian Ocean","North Indian Ocean","Explosions/Remote violence","Air/drone strike",3,0,0,"Political violence",13.728,70.473
2025-08-30,"International Waters","Indian Ocean","North Indian Ocean","Explosions/Remote violence","Shelling/artillery/missile attack",2,0,0,"Political violence",13.728,70.473
2025-08-30,"Middle East",Yemen,Abyan,Battles,"Government regains territory",5,4,876,"Political violence",13.627,46.228
2025-08-30,"Middle East",Yemen,Abyan,Battles,"Armed clash",1,2,96,"Political violence",13.627,46.228
2025-08-30,"Middle East",Yemen,Abyan,"Explosions/Remote violence","Remote explosive/landmine/IED",1,1,96,"Political violence",13.627,46.228
2025-08-30,"Middle East",Yemen,Abyan,Riots,"Violent demonstration",2,0,"58,860",Demonstrations,13.627,46.228
2025-08-30,"Middle East",Yemen,"Ad Dali","Violence against civilians",Attack,1,1,"13,258","Political violence",13.894,44.783
2025-08-30,"Middle East",Yemen,"Ad Dali",Battles,"Armed clash",3,6,"9,665","Political violence",13.894,44.783
2025-08-30,"Middle East",Yemen,"Ad Dali",Protests,"Peaceful protest",2,0,"73,201",Demonstrations,13.894,44.783
2025-08-30,"Middle East",Yemen,Aden,"Violence against civilians",Attack,1,0,"8,660","Political violence",12.806,44.788
2025-08-30,"Middle East",Yemen,Aden,Protests,"Peaceful protest",1,0,"8,032",Demonstrations,12.806,44.788
2025-08-30,"Middle East",Yemen,Aden,Protests,"Protest with intervention",1,0,"51,583",Demonstrations,12.806,44.788
2025-08-30,"Middle East",Yemen,Aden,"Explosions/Remote violence",Grenade,1,0,"21,706","Political violence",12.806,44.788
2025-08-30,"Middle East",Yemen,"Al Bayda",Battles,"Armed clash",1,2,"13,849","Political violence",14.326,45.216
2025-08-30,"Middle East",Yemen,"Al Hudaydah","Explosions/Remote violence","Remote explosive/landmine/IED",1,1,"9,325","Political violence",14.779,43.218
2025-08-30,"Middle East",Yemen,"Al Hudaydah",Protests,"Peaceful protest",8,0,"283,834",Demonstrations,14.779,43.218
2025-08-30,"Middle East",Yemen,"Al Hudaydah",Battles,"Armed clash",1,1,"79,236","Political violence",14.779,43.218
2025-08-30,"Middle East",Yemen,"Al Hudaydah","Violence against civilians","Abduction/forced disappearance",1,0,"12,721","Political violence",14.779,43.218
2025-08-30,"Middle East",Yemen,"Al Jawf","Explosions/Remote violence","Remote explosive/landmine/IED",3,2,"11,603","Political violence",16.596,45.599
2025-08-30,"Middle East",Yemen,"Al Jawf",Battles,"Armed clash",1,1,"6,321","Political violence",16.596,45.599
2025-08-30,"Middle East",Yemen,"Al Mahwit","Strategic developments","Looting/property destruction",1,0,0,"Strategic developments",15.308,43.499
2025-08-30,"Middle East",Yemen,"Amanat al Asimah",Protests,"Peaceful protest",3,0,"161,299",Demonstrations,15.420,44.192
2025-08-30,"Middle East",Yemen,"Amanat al Asimah","Violence against civilians","Abduction/forced disappearance",2,0,"77,524","Political violence",15.420,44.192
2025-08-30,"Middle East",Yemen,"Amanat al Asimah","Strategic developments","Change to group/activity",1,0,0,"Strategic developments",15.420,44.192
2025-08-30,"Middle East",Yemen,Amran,Battles,"Armed clash",1,1,"4,904","Political violence",16.116,43.941
2025-08-30,"Middle East",Yemen,Amran,"Violence against civilians","Abduction/forced disappearance",1,0,113,"Political violence",16.116,43.941
2025-08-30,"Middle East",Yemen,Dhamar,"Violence against civilians","Abduction/forced disappearance",1,0,"175,317","Political violence",14.540,44.306
2025-08-30,"Middle East",Yemen,Dhamar,Protests,"Peaceful protest",2,0,"59,280",Demonstrations,14.540,44.306
2025-08-30,"Middle East",Yemen,Hadramawt,Protests,"Peaceful protest",1,0,"7,911",Demonstrations,16.529,48.627
2025-08-30,"Middle East",Yemen,Hajjah,Protests,"Peaceful protest",1,0,"18,785",Demonstrations,16.094,43.204
2025-08-30,"Middle East",Yemen,Hajjah,"Explosions/Remote violence","Shelling/artillery/missile attack",2,0,"272,996","Political violence",16.094,43.204
2025-08-30,"Middle East",Yemen,Ibb,"Violence against civilians",Attack,1,1,"1,662","Political violence",14.088,44.175
2025-08-30,"Middle East",Yemen,Ibb,Protests,"Peaceful protest",2,0,"22,136",Demonstrations,14.088,44.175
2025-08-30,"Middle East",Yemen,Lahij,Battles,"Armed clash",4,0,"14,081","Political violence",13.320,44.762
2025-08-30,"Middle East",Yemen,Lahij,"Violence against civilians","Abduction/forced disappearance",1,0,"55,783","Political violence",13.320,44.762
2025-08-30,"Middle East",Yemen,Lahij,Protests,"Peaceful protest",2,0,"46,960",Demonstrations,13.320,44.762
2025-08-30,"Middle East",Yemen,Lahij,"Explosions/Remote violence","Remote explosive/landmine/IED",1,2,"6,596","Political violence",13.320,44.762
2025-08-30,"Middle East",Yemen,Marib,Protests,"Peaceful protest",3,0,"11,680",Demonstrations,15.333,45.452
2025-08-30,"Middle East",Yemen,Marib,"Violence against civilians",Attack,1,0,"1,795","Political violence",15.333,45.452
2025-08-30,"Middle East",Yemen,Marib,Battles,"Armed clash",1,2,"2,881","Political violence",15.333,45.452
2025-08-30,"Middle East",Yemen,Sadah,"Explosions/Remote violence","Shelling/artillery/missile attack",1,0,"16,878","Political violence",17.088,44.042
2025-08-30,"Middle East",Yemen,Sadah,"Strategic developments",Other,1,0,0,"Strategic developments",17.088,44.042
2025-08-30,"Middle East",Yemen,Sadah,"Violence against civilians",Attack,1,1,"60,207","Political violence",17.088,44.042
2025-08-30,"Middle East",Yemen,Sanaa,Protests,"Peaceful protest",2,0,"15,101",Demonstrations,15.393,44.475
2025-08-30,"Middle East",Yemen,Sanaa,"Violence against civilians",Attack,1,0,"9,090","Political violence",15.393,44.475
2025-08-30,"Middle East",Yemen,Shabwah,"Violence against civilians",Attack,2,1,"16,562","Political violence",14.651,46.620
2025-08-30,"Middle East",Yemen,Shabwah,Battles,"Armed clash",2,2,"36,102","Political violence",14.651,46.620
2025-08-30,"Middle East",Yemen,Shabwah,"Violence against civilians","Abduction/forced disappearance",2,0,"30,015","Political violence",14.651,46.620
2025-08-30,"Middle East",Yemen,Shabwah,Protests,"Peaceful protest",1,0,"3,663",Demonstrations,14.651,46.620
2025-08-30,"Middle East",Yemen,Taizz,Battles,"Armed clash",1,0,"13,561","Political violence",13.295,43.786
2025-08-30,"Middle East",Yemen,Taizz,"Violence against civilians","Abduction/forced disappearance",2,0,"66,977","Political violence",13.295,43.786
2025-08-30,"Middle East",Yemen,Taizz,Protests,"Peaceful protest",2,0,"13,561",Demonstrations,13.295,43.786
2025-08-30,"Middle East",Yemen,Taizz,"Violence against civilians",Attack,1,0,"16,538","Political violence",13.295,43.786
2025-09-06,"International Waters","Indian Ocean","North Indian Ocean","Strategic developments","Disrupted weapons use",4,0,0,"Strategic developments",13.728,70.473
2025-09-06,"International Waters","Indian Ocean","North Indian Ocean","Explosions/Remote violence","Air/drone strike",3,0,0,"Political violence",13.728,70.473
2025-09-06,"Middle East",Yemen,Abyan,Protests,"Peaceful protest",1,0,"11,665",Demonstrations,13.627,46.228
2025-09-06,"Middle East",Yemen,Abyan,Battles,"Government regains territory",3,3,"25,371","Political violence",13.627,46.228
2025-09-06,"Middle East",Yemen,Abyan,Battles,"Armed clash",2,2,"56,558","Political violence",13.627,46.228
2025-09-06,"Middle East",Yemen,Abyan,"Strategic developments","Looting/property destruction",1,0,0,"Strategic developments",13.627,46.228
2025-09-06,"Middle East",Yemen,"Ad Dali","Strategic developments","Looting/property destruction",1,0,0,"Strategic developments",13.894,44.783
2025-09-06,"Middle East",Yemen,"Ad Dali",Battles,"Armed clash",5,4,"11,255","Political violence",13.894,44.783
2025-09-06,"Middle East",Yemen,"Ad Dali",Protests,"Peaceful protest",4,0,"77,615",Demonstrations,13.894,44.783
2025-09-06,"Middle East",Yemen,"Ad Dali","Explosions/Remote violence","Shelling/artillery/missile attack",1,1,"6,129","Political violence",13.894,44.783
2025-09-06,"Middle East",Yemen,Aden,Protests,"Peaceful protest",1,0,"16,825",Demonstrations,12.806,44.788
2025-09-06,"Middle East",Yemen,"Al Bayda","Violence against civilians",Attack,1,1,"54,916","Political violence",14.326,45.216
2025-09-06,"Middle East",Yemen,"Al Bayda",Protests,"Peaceful protest",3,0,"42,331",Demonstrations,14.326,45.216
2025-09-06,"Middle East",Yemen,"Al Bayda",Battles,"Armed clash",2,0,"15,179","Political violence",14.326,45.216
2025-09-06,"Middle East",Yemen,"Al Hudaydah",Protests,"Peaceful protest",2,0,"63,647",Demonstrations,14.779,43.218
2025-09-06,"Middle East",Yemen,"Al Jawf","Explosions/Remote violence","Air/drone strike",2,8,"29,484","Political violence",16.596,45.599
2025-09-06,"Middle East",Yemen,"Al Jawf",Protests,"Peaceful protest",13,0,"84,005",Demonstrations,16.596,45.599
2025-09-06,"Middle East",Yemen,"Al Jawf","Violence against civilians",Attack,1,1,"2,369","Political violence",16.596,45.599
2025-09-06,"Middle East",Yemen,"Al Mahwit",Protests,"Peaceful protest",2,0,"42,018",Demonstrations,15.308,43.499
2025-09-06,"Middle East",Yemen,"Amanat al Asimah","Violence against civilians","Abduction/forced disappearance",1,0,"60,072","Political violence",15.420,44.192
2025-09-06,"Middle East",Yemen,"Amanat al Asimah",Protests,"Peaceful protest",2,0,"61,485",Demonstrations,15.420,44.192
2025-09-06,"Middle East",Yemen,"Amanat al Asimah","Explosions/Remote violence","Air/drone strike",3,39,"112,209","Political violence",15.420,44.192
2025-09-06,"Middle East",Yemen,Amran,"Violence against civilians",Attack,1,1,"1,494","Political violence",16.116,43.941
2025-09-06,"Middle East",Yemen,Amran,Battles,"Armed clash",1,2,"3,336","Political violence",16.116,43.941
2025-09-06,"Middle East",Yemen,Amran,Protests,"Peaceful protest",1,0,"48,266",Demonstrations,16.116,43.941
2025-09-06,"Middle East",Yemen,Amran,"Violence against civilians","Abduction/forced disappearance",1,0,"50,393","Political violence",16.116,43.941
2025-09-06,"Middle East",Yemen,Dhamar,Protests,"Peaceful protest",1,0,"56,090",Demonstrations,14.540,44.306
2025-09-06,"Middle East",Yemen,Hadramawt,Protests,"Peaceful protest",2,0,"50,031",Demonstrations,16.529,48.627
2025-09-06,"Middle East",Yemen,Hajjah,Protests,"Peaceful protest",5,0,"20,406",Demonstrations,16.094,43.204
2025-09-06,"Middle East",Yemen,Ibb,"Violence against civilians",Attack,2,2,"239,969","Political violence",14.088,44.175
2025-09-06,"Middle East",Yemen,Ibb,Protests,"Peaceful protest",59,0,"423,991",Demonstrations,14.088,44.175
2025-09-06,"Middle East",Yemen,Lahij,Battles,"Armed clash",3,0,"14,081","Political violence",13.320,44.762
2025-09-06,"Middle East",Yemen,Lahij,Protests,"Peaceful protest",5,0,"70,204",Demonstrations,13.320,44.762
2025-09-06,"Middle East",Yemen,Marib,Battles,"Armed clash",5,26,"8,759","Political violence",15.333,45.452
2025-09-06,"Middle East",Yemen,Marib,Protests,"Peaceful protest",16,0,"21,673",Demonstrations,15.333,45.452
2025-09-06,"Middle East",Yemen,Raymah,"Strategic developments",Other,1,0,0,"Strategic developments",14.657,43.687
2025-09-06,"Middle East",Yemen,Raymah,Protests,"Peaceful protest",1,0,"3,016",Demonstrations,14.657,43.687
2025-09-06,"Middle East",Yemen,Sadah,"Explosions/Remote violence","Shelling/artillery/missile attack",3,0,"55,963","Political violence",17.088,44.042
2025-09-06,"Middle East",Yemen,Sadah,Protests,"Peaceful protest",42,0,"141,981",Demonstrations,17.088,44.042
2025-09-06,"Middle East",Yemen,Sadah,"Strategic developments","Looting/property destruction",1,0,0,"Strategic developments",17.088,44.042
2025-09-06,"Middle East",Yemen,Sanaa,Protests,"Peaceful protest",7,0,"62,005",Demonstrations,15.393,44.475
2025-09-06,"Middle East",Yemen,Shabwah,Battles,"Armed clash",4,1,"71,930","Political violence",14.651,46.620
2025-09-06,"Middle East",Yemen,Shabwah,"Violence against civilians","Abduction/forced disappearance",1,0,"26,664","Political violence",14.651,46.620
2025-09-06,"Middle East",Yemen,Shabwah,"Violence against civilians",Attack,1,2,"12,244","Political violence",14.651,46.620
2025-09-06,"Middle East",Yemen,Taizz,Battles,"Armed clash",4,8,"66,664","Political violence",13.295,43.786
2025-09-06,"Middle East",Yemen,Taizz,"Explosions/Remote violence","Shelling/artillery/missile attack",1,1,"1,406","Political violence",13.295,43.786
2025-09-06,"Middle East",Yemen,Taizz,Protests,"Peaceful protest",5,0,"29,048",Demonstrations,13.295,43.786
2025-09-06,"Middle East",Yemen,Taizz,"Violence against civilians","Abduction/forced disappearance",1,0,"62,002","Political violence",13.295,43.786
2025-09-13,"International Waters","Indian Ocean","North Indian Ocean","Strategic developments","Disrupted weapons use",3,0,0,"Strategic developments",13.728,70.473
2025-09-13,"International Waters","Indian Ocean","North Indian Ocean","Explosions/Remote violence","Air/drone strike",2,0,0,"Political violence",13.728,70.473
2025-09-13,"International Waters","Indian Ocean","North Indian Ocean","Explosions/Remote violence","Shelling/artillery/missile attack",2,0,0,"Political violence",13.728,70.473
2025-09-13,"Middle East",Yemen,Abyan,"Strategic developments","Disrupted weapons use",2,0,0,"Strategic developments",13.627,46.228
2025-09-13,"Middle East",Yemen,Abyan,Battles,"Armed clash",5,6,"22,588","Political violence",13.627,46.228
2025-09-13,"Middle East",Yemen,Abyan,Riots,"Violent demonstration",2,0,"21,810",Demonstrations,13.627,46.228
2025-09-13,"Middle East",Yemen,"Ad Dali",Battles,"Armed clash",6,4,"15,593","Political violence",13.894,44.783
2025-09-13,"Middle East",Yemen,"Ad Dali",Protests,"Peaceful protest",6,0,"104,159",Demonstrations,13.894,44.783
2025-09-13,"Middle East",Yemen,"Ad Dali","Violence against civilians",Attack,1,0,"27,652","Political violence",13.894,44.783
2025-09-13,"Middle East",Yemen,"Ad Dali","Violence against civilians","Abduction/forced disappearance",2,0,"38,498","Political violence",13.894,44.783
2025-09-13,"Middle East",Yemen,Aden,Protests,"Peaceful protest",1,0,"18,288",Demonstrations,12.806,44.788
2025-09-13,"Middle East",Yemen,Aden,Protests,"Protest with intervention",1,0,"16,825",Demonstrations,12.806,44.788
2025-09-13,"Middle East",Yemen,"Al Bayda",Protests,"Peaceful protest",4,0,"42,331",Demonstrations,14.326,45.216
2025-09-13,"Middle East",Yemen,"Al Bayda","Violence against civilians",Attack,1,1,"54,916","Political violence",14.326,45.216
2025-09-13,"Middle East",Yemen,"Al Bayda",Battles,"Armed clash",1,0,"15,179","Political violence",14.326,45.216
2025-09-13,"Middle East",Yemen,"Al Hudaydah",Protests,"Peaceful protest",6,0,"259,771",Demonstrations,14.779,43.218
2025-09-13,"Middle East",Yemen,"Al Hudaydah","Explosions/Remote violence","Air/drone strike",1,0,"29,179","Political violence",14.779,43.218
2025-09-13,"Middle East",Yemen,"Al Hudaydah",Battles,"Armed clash",1,1,"15,867","Political violence",14.779,43.218
2025-09-13,"Middle East",Yemen,"Al Hudaydah","Violence against civilians","Abduction/forced disappearance",1,0,"32,366","Political violence",14.779,43.218
2025-09-13,"Middle East",Yemen,"Al Jawf",Protests,"Peaceful protest",14,0,"84,005",Demonstrations,16.596,45.599
2025-09-13,"Middle East",Yemen,"Al Jawf","Violence against civilians",Attack,1,1,"17,100","Political violence",16.596,45.599
2025-09-13,"Middle East",Yemen,"Al Jawf","Strategic developments","Change to group/activity",1,0,0,"Strategic developments",16.596,45.599
2025-09-13,"Middle East",Yemen,"Al Jawf",Battles,"Armed clash",2,1,"27,598","Political violence",16.596,45.599
2025-09-13,"Middle East",Yemen,"Al Mahrah",Protests,"Peaceful protest",1,0,311,Demonstrations,17.057,51.824
2025-09-13,"Middle East",Yemen,"Al Mahwit",Protests,"Peaceful protest",10,0,"97,288",Demonstrations,15.308,43.499
2025-09-13,"Middle East",Yemen,"Amanat al Asimah","Violence against civilians","Abduction/forced disappearance",1,0,"51,358","Political violence",15.420,44.192
2025-09-13,"Middle East",Yemen,"Amanat al Asimah",Protests,"Peaceful protest",24,0,"826,345",Demonstrations,15.420,44.192
2025-09-13,"Middle East",Yemen,Amran,"Strategic developments","Looting/property destruction",1,0,0,"Strategic developments",16.116,43.941
2025-09-13,"Middle East",Yemen,Amran,"Violence against civilians",Attack,2,2,"27,831","Political violence",16.116,43.941
2025-09-13,"Middle East",Yemen,Amran,Protests,"Peaceful protest",3,0,"64,025",Demonstrations,16.116,43.941
2025-09-13,"Middle East",Yemen,Amran,"Violence against civilians","Abduction/forced disappearance",1,0,"64,508","Political violence",16.116,43.941
2025-09-13,"Middle East",Yemen,Dhamar,"Violence against civilians",Attack,1,1,"27,674","Political violence",14.540,44.306
2025-09-13,"Middle East",Yemen,Dhamar,Protests,"Peaceful protest",3,0,"59,280",Demonstrations,14.540,44.306
2025-09-13,"Middle East",Yemen,Hadramawt,"Violence against civilians",Attack,1,0,"3,977","Political violence",16.529,48.627
2025-09-13,"Middle East",Yemen,Hadramawt,Protests,"Peaceful protest",3,0,"83,591",Demonstrations,16.529,48.627
2025-09-13,"Middle East",Yemen,Hajjah,Protests,"Peaceful protest",39,0,"335,303",Demonstrations,16.094,43.204
2025-09-13,"Middle East",Yemen,Hajjah,"Violence against civilians",Attack,1,0,"5,400","Political violence",16.094,43.204
2025-09-13,"Middle East",Yemen,Ibb,Protests,"Peaceful protest",62,0,"458,445",Demonstrations,14.088,44.175
2025-09-13,"Middle East",Yemen,Ibb,"Strategic developments","Looting/property destruction",1,0,0,"Strategic developments",14.088,44.175
2025-09-13,"Middle East",Yemen,Lahij,"Violence against civilians","Abduction/forced disappearance",1,0,"55,783","Political violence",13.320,44.762
2025-09-13,"Middle East",Yemen,Lahij,Protests,"Peaceful protest",4,0,"28,145",Demonstrations,13.320,44.762
2025-09-13,"Middle East",Yemen,Lahij,Battles,"Armed clash",4,0,"2,118","Political violence",13.320,44.762
2025-09-13,"Middle East",Yemen,Marib,"Strategic developments","Looting/property destruction",2,0,0,"Strategic developments",15.333,45.452
2025-09-13,"Middle East",Yemen,Marib,Protests,"Peaceful protest",18,0,"26,846",Demonstrations,15.333,45.452
2025-09-13,"Middle East",Yemen,Raymah,Protests,"Peaceful protest",6,0,"21,823",Demonstrations,14.657,43.687
2025-09-13,"Middle East",Yemen,Sadah,Protests,"Peaceful protest",42,0,"141,981",Demonstrations,17.088,44.042
2025-09-13,"Middle East",Yemen,Sadah,"Violence against civilians",Attack,1,0,"11,934","Political violence",17.088,44.042
2025-09-13,"Middle East",Yemen,Sadah,"Explosions/Remote violence","Remote explosive/landmine/IED",1,0,"15,477","Political violence",17.088,44.042
2025-09-13,"Middle East",Yemen,Sadah,Battles,"Armed clash",1,1,"27,204","Political violence",17.088,44.042
2025-09-13,"Middle East",Yemen,Sanaa,Battles,"Armed clash",1,8,"10,999","Political violence",15.393,44.475
2025-09-13,"Middle East",Yemen,Sanaa,Protests,"Peaceful protest",6,0,"47,785",Demonstrations,15.393,44.475
2025-09-13,"Middle East",Yemen,Sanaa,"Violence against civilians","Abduction/forced disappearance",1,0,"6,919","Political violence",15.393,44.475
2025-09-13,"Middle East",Yemen,Shabwah,"Explosions/Remote violence","Air/drone strike",1,2,"27,509","Political violence",14.651,46.620
2025-09-13,"Middle East",Yemen,Shabwah,Protests,"Peaceful protest",1,0,"4,944",Demonstrations,14.651,46.620
2025-09-13,"Middle East",Yemen,Shabwah,"Explosions/Remote violence","Remote explosive/landmine/IED",1,1,226,"Political violence",14.651,46.620
2025-09-13,"Middle East",Yemen,Shabwah,"Violence against civilians",Attack,1,1,"9,113","Political violence",14.651,46.620
2025-09-13,"Middle East",Yemen,Shabwah,Battles,"Armed clash",1,0,"38,511","Political violence",14.651,46.620
2025-09-13,"Middle East",Yemen,Taizz,Protests,"Peaceful protest",6,0,"78,079",Demonstrations,13.295,43.786
2025-09-13,"Middle East",Yemen,Taizz,"Violence against civilians",Attack,2,2,"29,573","Political violence",13.295,43.786
2025-09-13,"Middle East",Yemen,Taizz,Battles,"Armed clash",2,0,"31,095","Political violence",13.295,43.786
2025-09-13,"Middle East",Yemen,Taizz,"Strategic developments","Change to group/activity",1,0,0,"Strategic developments",13.295,43.786
2025-09-13,"Middle East",Yemen,Taizz,"Explosions/Remote violence","Remote explosive/landmine/IED",1,0,"1,477","Political violence",13.295,43.786
2025-09-13,"Middle East",Yemen,Taizz,"Strategic developments","Looting/property destruction",1,0,0,"Strategic developments",13.295,43.786
2025-09-20,"International Waters","Indian Ocean","North Indian Ocean","Explosions/Remote violence","Air/drone strike",2,0,0,"Political violence",13.728,70.473
2025-09-20,"International Waters","Indian Ocean","North Indian Ocean","Explosions/Remote violence","Shelling/artillery/missile attack",2,0,0,"Political violence",13.728,70.473
2025-09-20,"International Waters","Indian Ocean","North Indian Ocean","Strategic developments","Disrupted weapons use",1,0,0,"Strategic developments",13.728,70.473
2025-09-20,"Middle East",Yemen,Abyan,Battles,"Armed clash",1,0,96,"Political violence",13.627,46.228
2025-09-20,"Middle East",Yemen,Abyan,"Violence against civilians","Abduction/forced disappearance",1,0,"6,252","Political violence",13.627,46.228
2025-09-20,"Middle East",Yemen,"Ad Dali",Battles,"Armed clash",5,1,"3,695","Political violence",13.894,44.783
2025-09-20,"Middle East",Yemen,"Ad Dali","Violence against civilians",Attack,1,0,"27,652","Political violence",13.894,44.783
2025-09-20,"Middle East",Yemen,"Ad Dali",Protests,"Peaceful protest",6,0,"104,159",Demonstrations,13.894,44.783
2025-09-20,"Middle East",Yemen,Aden,"Violence against civilians",Attack,2,1,"58,232","Political violence",12.806,44.788
2025-09-20,"Middle East",Yemen,"Al Bayda",Protests,"Peaceful protest",3,0,"42,331",Demonstrations,14.326,45.216
2025-09-20,"Middle East",Yemen,"Al Bayda",Battles,"Armed clash",1,0,"15,179","Political violence",14.326,45.216
2025-09-20,"Middle East",Yemen,"Al Hudaydah",Protests,"Peaceful protest",11,0,"237,410",Demonstrations,14.779,43.218
2025-09-20,"Middle East",Yemen,"Al Hudaydah",Battles,"Armed clash",1,0,"5,838","Political violence",14.779,43.218
2025-09-20,"Middle East",Yemen,"Al Hudaydah","Explosions/Remote violence","Air/drone strike",1,0,"15,867","Political violence",14.779,43.218
2025-09-20,"Middle East",Yemen,"Al Jawf",Protests,"Peaceful protest",6,0,"47,535",Demonstrations,16.596,45.599
2025-09-20,"Middle East",Yemen,"Al Mahwit",Protests,"Peaceful protest",9,0,"97,288",Demonstrations,15.308,43.499
2025-09-20,"Middle East",Yemen,"Amanat al Asimah","Violence against civilians","Abduction/forced disappearance",6,0,"272,811","Political violence",15.420,44.192
2025-09-20,"Middle East",Yemen,"Amanat al Asimah",Protests,"Peaceful protest",4,0,"154,804",Demonstrations,15.420,44.192
2025-09-20,"Middle East",Yemen,"Amanat al Asimah","Explosions/Remote violence","Air/drone strike",8,30,"417,990","Political violence",15.420,44.192
2025-09-20,"Middle East",Yemen,"Amanat al Asimah","Strategic developments","Change to group/activity",5,0,0,"Strategic developments",15.420,44.192
2025-09-20,"Middle East",Yemen,Amran,"Violence against civilians","Abduction/forced disappearance",2,0,"50,393","Political violence",16.116,43.941
2025-09-20,"Middle East",Yemen,Amran,"Strategic developments","Change to group/activity",1,0,0,"Strategic developments",16.116,43.941
2025-09-20,"Middle East",Yemen,Amran,Protests,"Peaceful protest",3,0,"64,025",Demonstrations,16.116,43.941
2025-09-20,"Middle East",Yemen,Dhamar,"Violence against civilians","Abduction/forced disappearance",1,0,"175,317","Political violence",14.540,44.306
2025-09-20,"Middle East",Yemen,Dhamar,"Strategic developments","Change to group/activity",1,0,0,"Strategic developments",14.540,44.306
2025-09-20,"Middle East",Yemen,Dhamar,Protests,"Peaceful protest",2,0,"61,704",Demonstrations,14.540,44.306
2025-09-20,"Middle East",Yemen,Hadramawt,Protests,"Protest with intervention",2,0,"12,945",Demonstrations,16.529,48.627
2025-09-20,"Middle East",Yemen,Hadramawt,Protests,"Peaceful protest",1,0,"16,689",Demonstrations,16.529,48.627
2025-09-20,"Middle East",Yemen,Hajjah,"Violence against civilians","Abduction/forced disappearance",2,0,"18,785","Political violence",16.094,43.204
2025-09-20,"Middle East",Yemen,Hajjah,Protests,"Peaceful protest",29,0,"115,938",Demonstrations,16.094,43.204
2025-09-20,"Middle East",Yemen,Hajjah,"Strategic developments","Change to group/activity",1,0,0,"Strategic developments",16.094,43.204
2025-09-20,"Middle East",Yemen,Hajjah,"Explosions/Remote violence","Remote explosive/landmine/IED",1,3,"12,783","Political violence",16.094,43.204
2025-09-20,"Middle East",Yemen,Hajjah,"Explosions/Remote violence","Shelling/artillery/missile attack",1,0,"9,059","Political violence",16.094,43.204
2025-09-20,"Middle East",Yemen,Ibb,"Violence against civilians","Abduction/forced disappearance",10,0,"372,343","Political violence",14.088,44.175
2025-09-20,"Middle East",Yemen,Ibb,Protests,"Peaceful protest",60,0,"423,991",Demonstrations,14.088,44.175
2025-09-20,"Middle East",Yemen,Ibb,"Strategic developments","Change to group/activity",1,0,0,"Strategic developments",14.088,44.175
2025-09-20,"Middle East",Yemen,Ibb,"Violence against civilians",Attack,1,1,"39,483","Political violence",14.088,44.175
2025-09-20,"Middle East",Yemen,Ibb,"Explosions/Remote violence",Grenade,1,0,"234,535","Political violence",14.088,44.175
2025-09-20,"Middle East",Yemen,Lahij,Protests,"Peaceful protest",3,0,"8,555",Demonstrations,13.320,44.762
2025-09-20,"Middle East",Yemen,Lahij,Battles,"Armed clash",2,0,"2,118","Political violence",13.320,44.762
2025-09-20,"Middle East",Yemen,Marib,Protests,"Peaceful protest",19,0,"26,830",Demonstrations,15.333,45.452
2025-09-20,"Middle East",Yemen,Marib,"Explosions/Remote violence","Air/drone strike",1,0,"6,807","Political violence",15.333,45.452
2025-09-20,"Middle East",Yemen,Marib,"Violence against civilians",Attack,1,1,"8,833","Political violence",15.333,45.452
2025-09-20,"Middle East",Yemen,Raymah,Protests,"Peaceful protest",1,0,"3,016",Demonstrations,14.657,43.687
2025-09-20,"Middle East",Yemen,Sadah,"Explosions/Remote violence","Shelling/artillery/missile attack",1,0,"4,108","Political violence",17.088,44.042
2025-09-20,"Middle East",Yemen,Sadah,Protests,"Peaceful protest",42,0,"141,981",Demonstrations,17.088,44.042
2025-09-20,"Middle East",Yemen,Sadah,Battles,"Armed clash",1,5,808,"Political violence",17.088,44.042
2025-09-20,"Middle East",Yemen,Sanaa,Protests,"Peaceful protest",14,0,"98,131",Demonstrations,15.393,44.475
2025-09-20,"Middle East",Yemen,Sanaa,"Violence against civilians","Abduction/forced disappearance",6,0,"40,569","Political violence",15.393,44.475
2025-09-20,"Middle East",Yemen,Sanaa,"Strategic developments","Change to group/activity",1,0,0,"Strategic developments",15.393,44.475
2025-09-20,"Middle East",Yemen,Sanaa,"Violence against civilians",Attack,1,0,"4,763","Political violence",15.393,44.475
2025-09-20,"Middle East",Yemen,Shabwah,Battles,"Armed clash",1,0,"4,837","Political violence",14.651,46.620
2025-09-20,"Middle East",Yemen,Shabwah,"Strategic developments","Change to group/activity",1,0,0,"Strategic developments",14.651,46.620
2025-09-20,"Middle East",Yemen,Shabwah,Protests,"Peaceful protest",1,0,"5,040",Demonstrations,14.651,46.620
2025-09-20,"Middle East",Yemen,Taizz,Protests,"Protest with intervention",2,0,"15,487",Demonstrations,13.295,43.786
2025-09-20,"Middle East",Yemen,Taizz,Protests,"Peaceful protest",9,0,"117,869",Demonstrations,13.295,43.786
2025-09-20,"Middle East",Yemen,Taizz,"Violence against civilians",Attack,2,1,"23,739","Political violence",13.295,43.786
2025-09-20,"Middle East",Yemen,Taizz,"Strategic developments",Arrests,3,0,0,"Strategic developments",13.295,43.786
2025-09-20,"Middle East",Yemen,Taizz,"Strategic developments","Change to group/activity",2,0,0,"Strategic developments",13.295,43.786
2025-09-20,"Middle East",Yemen,Taizz,"Violence against civilians","Abduction/forced disappearance",1,0,576,"Political violence",13.295,43.786
2025-09-20,"Middle East",Yemen,Taizz,"Strategic developments","Looting/property destruction",1,0,0,"Strategic developments",13.295,43.786
2025-09-20,"Middle East",Yemen,Taizz,Battles,"Armed clash",1,1,"10,359","Political violence",13.295,43.786
2025-09-27,"International Waters","Indian Ocean","North Indian Ocean","Explosions/Remote violence","Air/drone strike",1,0,0,"Political violence",13.728,70.473
2025-09-27,"International Waters","Indian Ocean","North Indian Ocean","Explosions/Remote violence","Shelling/artillery/missile attack",1,1,0,"Political violence",13.728,70.473
2025-09-27,"Middle East",Yemen,Abyan,Battles,"Government regains territory",1,3,776,"Political violence",13.627,46.228
2025-09-27,"Middle East",Yemen,Abyan,Battles,"Armed clash",1,1,96,"Political violence",13.627,46.228
2025-09-27,"Middle East",Yemen,"Ad Dali",Protests,"Peaceful protest",6,0,"104,159",Demonstrations,13.894,44.783
2025-09-27,"Middle East",Yemen,"Ad Dali",Battles,"Armed clash",4,4,"9,665","Political violence",13.894,44.783
2025-09-27,"Middle East",Yemen,"Ad Dali","Violence against civilians","Abduction/forced disappearance",7,0,"106,098","Political violence",13.894,44.783
2025-09-27,"Middle East",Yemen,Aden,"Violence against civilians","Abduction/forced disappearance",2,0,"51,902","Political violence",12.806,44.788
2025-09-27,"Middle East",Yemen,Aden,Protests,"Peaceful protest",2,0,"21,338",Demonstrations,12.806,44.788
2025-09-27,"Middle East",Yemen,Aden,Battles,"Armed clash",1,0,"45,676","Political violence",12.806,44.788
2025-09-27,"Middle East",Yemen,"Al Bayda",Protests,"Peaceful protest",2,0,"42,331",Demonstrations,14.326,45.216
2025-09-27,"Middle East",Yemen,"Al Bayda",Battles,"Armed clash",1,0,"15,179","Political violence",14.326,45.216
2025-09-27,"Middle East",Yemen,"Al Bayda","Violence against civilians","Abduction/forced disappearance",3,0,"6,712","Political violence",14.326,45.216
2025-09-27,"Middle East",Yemen,"Al Bayda","Explosions/Remote violence","Remote explosive/landmine/IED",1,0,"2,798","Political violence",14.326,45.216
2025-09-27,"Middle East",Yemen,"Al Hudaydah",Protests,"Peaceful protest",5,0,"119,470",Demonstrations,14.779,43.218
2025-09-27,"Middle East",Yemen,"Al Jawf",Protests,"Peaceful protest",12,0,"81,883",Demonstrations,16.596,45.599
2025-09-27,"Middle East",Yemen,"Al Jawf",Battles,"Armed clash",1,1,"14,822","Political violence",16.596,45.599
2025-09-27,"Middle East",Yemen,"Al Mahwit",Protests,"Peaceful protest",1,0,"24,342",Demonstrations,15.308,43.499
2025-09-27,"Middle East",Yemen,"Amanat al Asimah",Protests,"Peaceful protest",4,0,"61,770",Demonstrations,15.420,44.192
2025-09-27,"Middle East",Yemen,"Amanat al Asimah","Explosions/Remote violence","Shelling/artillery/missile attack",1,1,"60,072","Political violence",15.420,44.192
2025-09-27,"Middle East",Yemen,"Amanat al Asimah","Violence against civilians","Abduction/forced disappearance",2,0,"119,745","Political violence",15.420,44.192
2025-09-27,"Middle East",Yemen,Amran,"Violence against civilians","Abduction/forced disappearance",1,0,"5,037","Political violence",16.116,43.941
2025-09-27,"Middle East",Yemen,Amran,Protests,"Peaceful protest",2,0,"48,266",Demonstrations,16.116,43.941
2025-09-27,"Middle East",Yemen,Dhamar,Protests,"Peaceful protest",1,0,"56,090",Demonstrations,14.540,44.306
2025-09-27,"Middle East",Yemen,Dhamar,"Violence against civilians","Abduction/forced disappearance",2,0,"23,036","Political violence",14.540,44.306
2025-09-27,"Middle East",Yemen,Hadramawt,Protests,"Peaceful protest",2,0,"31,911",Demonstrations,16.529,48.627
2025-09-27,"Middle East",Yemen,Hadramawt,"Strategic developments","Change to group/activity",1,0,0,"Strategic developments",16.529,48.627
2025-09-27,"Middle East",Yemen,Hadramawt,Protests,"Protest with intervention",1,0,"12,945",Demonstrations,16.529,48.627
2025-09-27,"Middle East",Yemen,Hajjah,Protests,"Peaceful protest",20,0,"105,142",Demonstrations,16.094,43.204
2025-09-27,"Middle East",Yemen,Hajjah,"Explosions/Remote violence",Grenade,1,3,"12,783","Political violence",16.094,43.204
2025-09-27,"Middle East",Yemen,Ibb,"Strategic developments",Other,1,0,0,"Strategic developments",14.088,44.175
2025-09-27,"Middle East",Yemen,Ibb,"Violence against civilians","Abduction/forced disappearance",24,0,"726,381","Political violence",14.088,44.175
2025-09-27,"Middle East",Yemen,Ibb,Protests,"Peaceful protest",60,0,"423,991",Demonstrations,14.088,44.175
2025-09-27,"Middle East",Yemen,Ibb,"Strategic developments","Change to group/activity",1,0,0,"Strategic developments",14.088,44.175
2025-09-27,"Middle East",Yemen,Lahij,Protests,"Peaceful protest",4,0,"8,942",Demonstrations,13.320,44.762
2025-09-27,"Middle East",Yemen,Lahij,"Explosions/Remote violence","Remote explosive/landmine/IED",2,1,"11,796","Political violence",13.320,44.762
2025-09-27,"Middle East",Yemen,Lahij,Battles,"Armed clash",7,4,"34,747","Political violence",13.320,44.762
2025-09-27,"Middle East",Yemen,Marib,"Violence against civilians","Abduction/forced disappearance",1,0,"4,418","Political violence",15.333,45.452
2025-09-27,"Middle East",Yemen,Marib,Protests,"Peaceful protest",18,0,"42,374",Demonstrations,15.333,45.452
2025-09-27,"Middle East",Yemen,Raymah,Protests,"Peaceful protest",6,0,"21,823",Demonstrations,14.657,43.687
2025-09-27,"Middle East",Yemen,Sadah,"Explosions/Remote violence","Shelling/artillery/missile attack",2,1,"22,977","Political violence",17.088,44.042
2025-09-27,"Middle East",Yemen,Sadah,Protests,"Peaceful protest",43,0,"141,981",Demonstrations,17.088,44.042
2025-09-27,"Middle East",Yemen,Sadah,"Explosions/Remote violence","Remote explosive/landmine/IED",1,0,"3,067","Political violence",17.088,44.042
2025-09-27,"Middle East",Yemen,Sanaa,Protests,"Peaceful protest",6,0,"61,444",Demonstrations,15.393,44.475
2025-09-27,"Middle East",Yemen,Sanaa,"Violence against civilians",Attack,1,0,"4,763","Political violence",15.393,44.475
2025-09-27,"Middle East",Yemen,Sanaa,Battles,"Armed clash",1,3,"12,711","Political violence",15.393,44.475
2025-09-27,"Middle East",Yemen,Sanaa,"Violence against civilians","Abduction/forced disappearance",1,0,"1,497","Political violence",15.393,44.475
2025-09-27,"Middle East",Yemen,Shabwah,Protests,"Peaceful protest",2,0,"19,359",Demonstrations,14.651,46.620
2025-09-27,"Middle East",Yemen,Shabwah,Battles,"Armed clash",1,0,"24,584","Political violence",14.651,46.620
2025-09-27,"Middle East",Yemen,Shabwah,"Explosions/Remote violence","Shelling/artillery/missile attack",1,0,"1,993","Political violence",14.651,46.620
2025-09-27,"Middle East",Yemen,Taizz,Protests,"Peaceful protest",22,0,"225,346",Demonstrations,13.295,43.786
2025-09-27,"Middle East",Yemen,Taizz,"Explosions/Remote violence","Remote explosive/landmine/IED",2,0,"69,342","Political violence",13.295,43.786
2025-09-27,"Middle East",Yemen,Taizz,Battles,"Armed clash",4,3,"74,985","Political violence",13.295,43.786
2025-09-27,"Middle East",Yemen,Taizz,Protests,"Protest with intervention",1,0,"15,487",Demonstrations,13.295,43.786
2025-09-27,"Middle East",Yemen,Taizz,"Violence against civilians","Abduction/forced disappearance",1,0,"7,798","Political violence",13.295,43.786
2025-10-04,"Middle East",Yemen,Abyan,"Explosions/Remote violence","Remote explosive/landmine/IED",1,2,"24,595","Political violence",13.627,46.228
2025-10-04,"Middle East",Yemen,Abyan,"Strategic developments","Disrupted weapons use",1,0,0,"Strategic developments",13.627,46.228
2025-10-04,"Middle East",Yemen,"Ad Dali",Battles,"Armed clash",2,0,"2,105","Political violence",13.894,44.783
2025-10-04,"Middle East",Yemen,"Ad Dali","Strategic developments","Change to group/activity",1,0,0,"Strategic developments",13.894,44.783
2025-10-04,"Middle East",Yemen,"Ad Dali",Protests,"Peaceful protest",5,0,"78,332",Demonstrations,13.894,44.783
2025-10-04,"Middle East",Yemen,"Ad Dali","Explosions/Remote violence","Shelling/artillery/missile attack",1,0,"2,039","Political violence",13.894,44.783
2025-10-04,"Middle East",Yemen,Aden,"Violence against civilians","Abduction/forced disappearance",1,0,"18,363","Political violence",12.806,44.788
2025-10-04,"Middle East",Yemen,Aden,Protests,"Peaceful protest",3,0,"35,283",Demonstrations,12.806,44.788
2025-10-04,"Middle East",Yemen,Aden,"Violence against civilians",Attack,1,0,"5,020","Political violence",12.806,44.788
2025-10-04,"Middle East",Yemen,"Al Bayda",Protests,"Peaceful protest",4,0,"42,331",Demonstrations,14.326,45.216
2025-10-04,"Middle East",Yemen,"Al Bayda",Battles,"Armed clash",1,0,"83,969","Political violence",14.326,45.216
2025-10-04,"Middle East",Yemen,"Al Bayda","Violence against civilians","Abduction/forced disappearance",2,0,"10,251","Political violence",14.326,45.216
2025-10-04,"Middle East",Yemen,"Al Bayda","Strategic developments","Looting/property destruction",1,0,0,"Strategic developments",14.326,45.216
2025-10-04,"Middle East",Yemen,"Al Hudaydah",Protests,"Peaceful protest",6,0,"201,257",Demonstrations,14.779,43.218
2025-10-04,"Middle East",Yemen,"Al Hudaydah","Violence against civilians","Abduction/forced disappearance",1,0,"153,321","Political violence",14.779,43.218
2025-10-04,"Middle East",Yemen,"Al Jawf",Protests,"Peaceful protest",18,0,"84,005",Demonstrations,16.596,45.599
2025-10-04,"Middle East",Yemen,"Al Jawf","Strategic developments","Change to group/activity",1,0,0,"Strategic developments",16.596,45.599
2025-10-04,"Middle East",Yemen,"Al Mahwit",Protests,"Peaceful protest",11,0,"97,288",Demonstrations,15.308,43.499
2025-10-04,"Middle East",Yemen,"Amanat al Asimah","Violence against civilians","Abduction/forced disappearance",4,0,"119,745","Political violence",15.420,44.192
2025-10-04,"Middle East",Yemen,"Amanat al Asimah","Violence against civilians",Attack,2,2,"78,683","Political violence",15.420,44.192
2025-10-04,"Middle East",Yemen,"Amanat al Asimah",Protests,"Peaceful protest",2,0,"50,965",Demonstrations,15.420,44.192
2025-10-04,"Middle East",Yemen,Amran,Protests,"Peaceful protest",2,0,"48,266",Demonstrations,16.116,43.941
2025-10-04,"Middle East",Yemen,Dhamar,Protests,"Peaceful protest",2,0,"61,704",Demonstrations,14.540,44.306
2025-10-04,"Middle East",Yemen,Hajjah,Protests,"Peaceful protest",18,0,"231,185",Demonstrations,16.094,43.204
2025-10-04,"Middle East",Yemen,Hajjah,"Violence against civilians","Abduction/forced disappearance",1,0,"9,897","Political violence",16.094,43.204
2025-10-04,"Middle East",Yemen,Ibb,"Strategic developments","Looting/property destruction",2,0,0,"Strategic developments",14.088,44.175
2025-10-04,"Middle East",Yemen,Ibb,Protests,"Peaceful protest",63,0,"423,991",Demonstrations,14.088,44.175
2025-10-04,"Middle East",Yemen,Lahij,Battles,"Armed clash",6,2,"69,153","Political violence",13.320,44.762
2025-10-04,"Middle East",Yemen,Lahij,"Explosions/Remote violence","Air/drone strike",3,1,"11,953","Political violence",13.320,44.762
2025-10-04,"Middle East",Yemen,Lahij,Protests,"Peaceful protest",2,0,"18,769",Demonstrations,13.320,44.762
2025-10-04,"Middle East",Yemen,Lahij,"Violence against civilians",Attack,1,0,"1,480","Political violence",13.320,44.762
2025-10-04,"Middle East",Yemen,Lahij,"Strategic developments","Disrupted weapons use",1,0,0,"Strategic developments",13.320,44.762
2025-10-04,"Middle East",Yemen,Marib,"Explosions/Remote violence","Remote explosive/landmine/IED",1,1,"7,035","Political violence",15.333,45.452
2025-10-04,"Middle East",Yemen,Marib,Protests,"Peaceful protest",16,0,"21,673",Demonstrations,15.333,45.452
2025-10-04,"Middle East",Yemen,Raymah,Protests,"Peaceful protest",2,0,"3,016",Demonstrations,14.657,43.687
2025-10-04,"Middle East",Yemen,Sadah,"Explosions/Remote violence","Air/drone strike",1,0,"28,468","Political violence",17.088,44.042
2025-10-04,"Middle East",Yemen,Sadah,Protests,"Peaceful protest",45,0,"166,917",Demonstrations,17.088,44.042
2025-10-04,"Middle East",Yemen,Sadah,"Violence against civilians",Attack,1,0,"11,934","Political violence",17.088,44.042
2025-10-04,"Middle East",Yemen,Sanaa,Protests,"Peaceful protest",9,0,"63,540",Demonstrations,15.393,44.475
2025-10-04,"Middle East",Yemen,Sanaa,"Strategic developments",Other,1,0,0,"Strategic developments",15.393,44.475
2025-10-04,"Middle East",Yemen,Sanaa,"Violence against civilians","Abduction/forced disappearance",1,0,"4,105","Political violence",15.393,44.475
2025-10-04,"Middle East",Yemen,Shabwah,Protests,"Peaceful protest",4,0,"18,221",Demonstrations,14.651,46.620
2025-10-04,"Middle East",Yemen,Shabwah,"Explosions/Remote violence","Remote explosive/landmine/IED",1,0,"4,673","Political violence",14.651,46.620
2025-10-04,"Middle East",Yemen,Taizz,"Strategic developments","Change to group/activity",1,0,0,"Strategic developments",13.295,43.786
2025-10-04,"Middle East",Yemen,Taizz,Protests,"Peaceful protest",21,0,"194,675",Demonstrations,13.295,43.786
2025-10-04,"Middle East",Yemen,Taizz,Battles,"Armed clash",5,0,"86,426","Political violence",13.295,43.786
2025-10-04,"Middle East",Yemen,Taizz,"Strategic developments",Arrests,1,0,0,"Strategic developments",13.295,43.786
2025-10-04,"Middle East",Yemen,Taizz,"Violence against civilians","Abduction/forced disappearance",1,0,"17,853","Political violence",13.295,43.786
2025-10-11,"Middle East",Yemen,Abyan,"Strategic developments",Other,1,0,0,"Strategic developments",13.627,46.228
2025-10-11,"Middle East",Yemen,Abyan,"Strategic developments","Disrupted weapons use",1,0,0,"Strategic developments",13.627,46.228
2025-10-11,"Middle East",Yemen,"Ad Dali","Explosions/Remote violence","Shelling/artillery/missile attack",1,3,"5,461","Political violence",13.894,44.783
2025-10-11,"Middle East",Yemen,"Ad Dali",Battles,"Armed clash",3,3,"9,665","Political violence",13.894,44.783
2025-10-11,"Middle East",Yemen,"Ad Dali","Explosions/Remote violence","Air/drone strike",2,5,"8,213","Political violence",13.894,44.783
2025-10-11,"Middle East",Yemen,"Ad Dali",Protests,"Peaceful protest",4,0,"77,615",Demonstrations,13.894,44.783
2025-10-11,"Middle East",Yemen,Aden,Protests,"Protest with intervention",1,0,"52,122",Demonstrations,12.806,44.788
2025-10-11,"Middle East",Yemen,Aden,"Violence against civilians","Abduction/forced disappearance",1,0,"13,235","Political violence",12.806,44.788
2025-10-11,"Middle East",Yemen,Aden,"Strategic developments","Disrupted weapons use",1,0,0,"Strategic developments",12.806,44.788
2025-10-11,"Middle East",Yemen,"Al Bayda",Protests,"Peaceful protest",2,0,"42,331",Demonstrations,14.326,45.216
2025-10-11,"Middle East",Yemen,"Al Bayda","Violence against civilians","Abduction/forced disappearance",1,0,"6,357","Political violence",14.326,45.216
2025-10-11,"Middle East",Yemen,"Al Bayda",Battles,"Armed clash",3,1,"29,797","Political violence",14.326,45.216
2025-10-11,"Middle East",Yemen,"Al Hudaydah",Protests,"Peaceful protest",3,0,"99,631",Demonstrations,14.779,43.218
2025-10-11,"Middle East",Yemen,"Al Hudaydah","Violence against civilians",Attack,1,0,"44,641","Political violence",14.779,43.218
2025-10-11,"Middle East",Yemen,"Al Jawf","Strategic developments","Change to group/activity",1,0,0,"Strategic developments",16.596,45.599
2025-10-11,"Middle East",Yemen,"Al Jawf",Protests,"Peaceful protest",13,0,"84,005",Demonstrations,16.596,45.599
2025-10-11,"Middle East",Yemen,"Al Jawf","Violence against civilians",Attack,1,3,"17,100","Political violence",16.596,45.599
2025-10-11,"Middle East",Yemen,"Al Mahrah","Strategic developments",Arrests,1,0,0,"Strategic developments",17.057,51.824
2025-10-11,"Middle East",Yemen,"Al Mahwit",Protests,"Peaceful protest",8,0,"97,288",Demonstrations,15.308,43.499
2025-10-11,"Middle East",Yemen,"Amanat al Asimah","Strategic developments","Looting/property destruction",2,0,0,"Strategic developments",15.420,44.192
2025-10-11,"Middle East",Yemen,"Amanat al Asimah","Violence against civilians","Abduction/forced disappearance",3,0,"95,489","Political violence",15.420,44.192
2025-10-11,"Middle East",Yemen,"Amanat al Asimah",Protests,"Peaceful protest",2,0,"61,770",Demonstrations,15.420,44.192
2025-10-11,"Middle East",Yemen,"Amanat al Asimah","Strategic developments",Other,1,0,0,"Strategic developments",15.420,44.192
2025-10-11,"Middle East",Yemen,Amran,"Strategic developments","Looting/property destruction",1,0,0,"Strategic developments",16.116,43.941
2025-10-11,"Middle East",Yemen,Amran,"Violence against civilians","Abduction/forced disappearance",2,0,"52,370","Political violence",16.116,43.941
2025-10-11,"Middle East",Yemen,Amran,Protests,"Peaceful protest",2,0,"48,266",Demonstrations,16.116,43.941
2025-10-11,"Middle East",Yemen,Amran,"Violence against civilians",Attack,1,0,"2,543","Political violence",16.116,43.941
2025-10-11,"Middle East",Yemen,Dhamar,Protests,"Peaceful protest",1,0,"56,090",Demonstrations,14.540,44.306
2025-10-11,"Middle East",Yemen,Hadramawt,Protests,"Peaceful protest",1,0,"37,086",Demonstrations,16.529,48.627
2025-10-11,"Middle East",Yemen,Hajjah,Protests,"Peaceful protest",20,0,"124,477",Demonstrations,16.094,43.204
2025-10-11,"Middle East",Yemen,Ibb,"Violence against civilians",Attack,2,0,"28,487","Political violence",14.088,44.175
2025-10-11,"Middle East",Yemen,Ibb,"Violence against civilians","Abduction/forced disappearance",1,0,"24,154","Political violence",14.088,44.175
2025-10-11,"Middle East",Yemen,Ibb,Protests,"Peaceful protest",2,0,"14,036",Demonstrations,14.088,44.175
2025-10-11,"Middle East",Yemen,Lahij,Protests,"Peaceful protest",1,0,"4,518",Demonstrations,13.320,44.762
2025-10-11,"Middle East",Yemen,Lahij,Battles,"Armed clash",3,2,"2,118","Political violence",13.320,44.762
2025-10-11,"Middle East",Yemen,Marib,"Explosions/Remote violence","Shelling/artillery/missile attack",1,0,"5,138","Political violence",15.333,45.452
2025-10-11,"Middle East",Yemen,Marib,Protests,"Peaceful protest",16,0,"21,673",Demonstrations,15.333,45.452
2025-10-11,"Middle East",Yemen,Raymah,"Violence against civilians",Attack,1,0,"12,100","Political violence",14.657,43.687
2025-10-11,"Middle East",Yemen,Raymah,Protests,"Peaceful protest",1,0,"3,016",Demonstrations,14.657,43.687
2025-10-11,"Middle East",Yemen,Sadah,Protests,"Peaceful protest",42,0,"166,914",Demonstrations,17.088,44.042
2025-10-11,"Middle East",Yemen,Sadah,"Explosions/Remote violence","Shelling/artillery/missile attack",2,1,"21,179","Political violence",17.088,44.042
2025-10-11,"Middle East",Yemen,Sadah,"Strategic developments","Change to group/activity",1,0,0,"Strategic developments",17.088,44.042
2025-10-11,"Middle East",Yemen,Sanaa,Protests,"Peaceful protest",11,0,"62,489",Demonstrations,15.393,44.475
2025-10-11,"Middle East",Yemen,Shabwah,"Strategic developments",Arrests,1,0,0,"Strategic developments",14.651,46.620
2025-10-11,"Middle East",Yemen,Shabwah,"Strategic developments","Disrupted weapons use",1,0,0,"Strategic developments",14.651,46.620
2025-10-11,"Middle East",Yemen,Taizz,Protests,"Peaceful protest",14,0,"234,154",Demonstrations,13.295,43.786
2025-10-11,"Middle East",Yemen,Taizz,Battles,"Armed clash",2,3,"31,747","Political violence",13.295,43.786
2025-10-11,"Middle East",Yemen,Taizz,"Strategic developments","Change to group/activity",1,0,0,"Strategic developments",13.295,43.786
2025-10-11,"Middle East",Yemen,Taizz,"Violence against civilians","Abduction/forced disappearance",3,0,"75,578","Political violence",13.295,43.786
2025-10-18,"Middle East",Yemen,Abyan,Battles,"Armed clash",4,16,"122,085","Political violence",13.627,46.228
2025-10-18,"Middle East",Yemen,Abyan,Riots,"Violent demonstration",1,0,"57,316",Demonstrations,13.627,46.228
2025-10-18,"Middle East",Yemen,"Ad Dali",Battles,"Armed clash",4,0,"11,255","Political violence",13.894,44.783
2025-10-18,"Middle East",Yemen,"Ad Dali",Protests,"Peaceful protest",1,0,"26,448",Demonstrations,13.894,44.783
2025-10-18,"Middle East",Yemen,Aden,Battles,"Armed clash",1,0,"27,167","Political violence",12.806,44.788
2025-10-18,"Middle East",Yemen,Aden,Riots,"Violent demonstration",6,0,"169,471",Demonstrations,12.806,44.788
2025-10-18,"Middle East",Yemen,Aden,"Explosions/Remote violence","Remote explosive/landmine/IED",1,0,"52,412","Political violence",12.806,44.788
2025-10-18,"Middle East",Yemen,"Al Bayda",Protests,"Peaceful protest",2,0,"42,331",Demonstrations,14.326,45.216
2025-10-18,"Middle East",Yemen,"Al Bayda",Battles,"Armed clash",1,0,"15,179","Political violence",14.326,45.216
2025-10-18,"Middle East",Yemen,"Al Hudaydah","Explosions/Remote violence","Remote explosive/landmine/IED",1,3,0,"Political violence",14.779,43.218
2025-10-18,"Middle East",Yemen,"Al Hudaydah","Strategic developments","Change to group/activity",2,0,0,"Strategic developments",14.779,43.218
2025-10-18,"Middle East",Yemen,"Al Hudaydah",Protests,"Peaceful protest",2,0,"74,379",Demonstrations,14.779,43.218
2025-10-18,"Middle East",Yemen,"Al Hudaydah",Battles,"Armed clash",1,10,"6,732","Political violence",14.779,43.218
2025-10-18,"Middle East",Yemen,"Al Jawf",Battles,"Armed clash",3,5,"33,697","Political violence",16.596,45.599
2025-10-18,"Middle East",Yemen,"Al Mahrah","Strategic developments","Disrupted weapons use",1,0,0,"Strategic developments",17.057,51.824
2025-10-18,"Middle East",Yemen,"Al Mahrah",Protests,"Peaceful protest",1,0,"16,836",Demonstrations,17.057,51.824
2025-10-18,"Middle East",Yemen,"Amanat al Asimah","Strategic developments","Looting/property destruction",1,0,0,"Strategic developments",15.420,44.192
2025-10-18,"Middle East",Yemen,"Amanat al Asimah","Violence against civilians","Abduction/forced disappearance",5,0,"293,498","Political violence",15.420,44.192
2025-10-18,"Middle East",Yemen,"Amanat al Asimah","Strategic developments",Arrests,2,0,0,"Strategic developments",15.420,44.192
2025-10-18,"Middle East",Yemen,"Amanat al Asimah",Protests,"Peaceful protest",1,0,"51,643",Demonstrations,15.420,44.192
2025-10-18,"Middle East",Yemen,Dhamar,"Strategic developments",Other,2,0,0,"Strategic developments",14.540,44.306
2025-10-18,"Middle East",Yemen,Hadramawt,"Violence against civilians",Attack,1,0,"1,261","Political violence",16.529,48.627
2025-10-18,"Middle East",Yemen,Hajjah,"Strategic developments","Looting/property destruction",2,0,0,"Strategic developments",16.094,43.204
2025-10-18,"Middle East",Yemen,Hajjah,Protests,"Peaceful protest",4,0,"26,149",Demonstrations,16.094,43.204
2025-10-18,"Middle East",Yemen,Ibb,"Violence against civilians","Abduction/forced disappearance",1,0,"182,340","Political violence",14.088,44.175
2025-10-18,"Middle East",Yemen,Ibb,"Violence against civilians",Attack,1,0,"25,334","Political violence",14.088,44.175
2025-10-18,"Middle East",Yemen,Ibb,Battles,"Armed clash",1,0,"8,800","Political violence",14.088,44.175
2025-10-18,"Middle East",Yemen,Ibb,Protests,"Peaceful protest",1,0,"14,036",Demonstrations,14.088,44.175
2025-10-18,"Middle East",Yemen,Lahij,Battles,"Armed clash",4,1,"20,260","Political violence",13.320,44.762
2025-10-18,"Middle East",Yemen,Lahij,"Strategic developments","Disrupted weapons use",1,0,0,"Strategic developments",13.320,44.762
2025-10-18,"Middle East",Yemen,Marib,Protests,"Peaceful protest",1,0,"15,557",Demonstrations,15.333,45.452
2025-10-18,"Middle East",Yemen,Marib,Protests,"Protest with intervention",1,0,"15,557",Demonstrations,15.333,45.452
2025-10-18,"Middle East",Yemen,Marib,"Strategic developments","Change to group/activity",1,0,0,"Strategic developments",15.333,45.452
2025-10-18,"Middle East",Yemen,Raymah,Protests,"Peaceful protest",2,0,"3,016",Demonstrations,14.657,43.687
2025-10-18,"Middle East",Yemen,Sadah,Protests,"Peaceful protest",1,0,"49,764",Demonstrations,17.088,44.042
2025-10-18,"Middle East",Yemen,Sadah,"Explosions/Remote violence","Shelling/artillery/missile attack",1,1,"2,310","Political violence",17.088,44.042
2025-10-18,"Middle East",Yemen,Sanaa,Battles,"Armed clash",3,2,"10,999","Political violence",15.393,44.475
2025-10-18,"Middle East",Yemen,Sanaa,"Strategic developments",Other,1,0,0,"Strategic developments",15.393,44.475
2025-10-18,"Middle East",Yemen,Sanaa,"Violence against civilians","Abduction/forced disappearance",1,0,"4,572","Political violence",15.393,44.475
2025-10-18,"Middle East",Yemen,Sanaa,"Strategic developments","Looting/property destruction",3,0,0,"Strategic developments",15.393,44.475
2025-10-18,"Middle East",Yemen,Sanaa,Protests,"Peaceful protest",2,0,"14,490",Demonstrations,15.393,44.475
2025-10-18,"Middle East",Yemen,Shabwah,"Violence against civilians",Attack,3,0,"26,742","Political violence",14.651,46.620
2025-10-18,"Middle East",Yemen,Shabwah,Battles,"Armed clash",2,0,"44,307","Political violence",14.651,46.620
2025-10-18,"Middle East",Yemen,Shabwah,"Explosions/Remote violence","Air/drone strike",1,1,"2,058","Political violence",14.651,46.620
2025-10-18,"Middle East",Yemen,Taizz,Battles,"Armed clash",3,4,"40,768","Political violence",13.295,43.786
2025-10-18,"Middle East",Yemen,Taizz,"Strategic developments","Disrupted weapons use",1,0,0,"Strategic developments",13.295,43.786
2025-10-18,"Middle East",Yemen,Taizz,"Explosions/Remote violence","Remote explosive/landmine/IED",2,2,"20,612","Political violence",13.295,43.786
2025-10-18,"Middle East",Yemen,Taizz,"Strategic developments","Looting/property destruction",1,0,0,"Strategic developments",13.295,43.786
2025-10-18,"Middle East",Yemen,Taizz,"Violence against civilians",Attack,3,2,"64,921","Political violence",13.295,43.786
2025-10-18,"Middle East",Yemen,Taizz,Protests,"Peaceful protest",4,0,"76,618",Demonstrations,13.295,43.786
2025-10-18,"Middle East",Yemen,Taizz,"Explosions/Remote violence","Shelling/artillery/missile attack",1,0,"1,406","Political violence",13.295,43.786
2025-10-18,"Middle East",Yemen,Taizz,"Strategic developments","Change to group/activity",1,0,0,"Strategic developments",13.295,43.786
2025-10-25,"Middle East",Yemen,Abyan,"Violence against civilians",Attack,1,0,"57,316","Political violence",13.627,46.228
2025-10-25,"Middle East",Yemen,Abyan,Protests,"Peaceful protest",2,0,"17,910",Demonstrations,13.627,46.228
2025-10-25,"Middle East",Yemen,"Ad Dali","Violence against civilians",Attack,1,0,"7,133","Political violence",13.894,44.783
2025-10-25,"Middle East",Yemen,"Ad Dali",Battles,"Armed clash",5,0,"59,873","Political violence",13.894,44.783
2025-10-25,"Middle East",Yemen,"Al Bayda",Protests,"Peaceful protest",5,0,"63,368",Demonstrations,14.326,45.216
2025-10-25,"Middle East",Yemen,"Al Bayda","Violence against civilians",Attack,1,3,"10,595","Political violence",14.326,45.216
2025-10-25,"Middle East",Yemen,"Al Bayda",Battles,"Armed clash",1,0,"15,179","Political violence",14.326,45.216
2025-10-25,"Middle East",Yemen,"Al Hudaydah",Battles,"Armed clash",1,0,"5,838","Political violence",14.779,43.218
2025-10-25,"Middle East",Yemen,"Al Hudaydah","Strategic developments","Change to group/activity",1,0,0,"Strategic developments",14.779,43.218
2025-10-25,"Middle East",Yemen,"Al Hudaydah",Protests,"Peaceful protest",3,0,"39,484",Demonstrations,14.779,43.218
2025-10-25,"Middle East",Yemen,"Al Hudaydah","Explosions/Remote violence","Shelling/artillery/missile attack",1,0,"7,425","Political violence",14.779,43.218
2025-10-25,"Middle East",Yemen,"Al Jawf","Strategic developments","Looting/property destruction",1,0,0,"Strategic developments",16.596,45.599
2025-10-25,"Middle East",Yemen,"Al Mahwit",Protests,"Peaceful protest",2,0,"27,657",Demonstrations,15.308,43.499
2025-10-25,"Middle East",Yemen,"Amanat al Asimah","Strategic developments","Looting/property destruction",3,0,0,"Strategic developments",15.420,44.192
2025-10-25,"Middle East",Yemen,"Amanat al Asimah","Strategic developments",Arrests,1,0,0,"Strategic developments",15.420,44.192
2025-10-25,"Middle East",Yemen,"Amanat al Asimah","Violence against civilians","Abduction/forced disappearance",3,0,"123,902","Political violence",15.420,44.192
2025-10-25,"Middle East",Yemen,"Amanat al Asimah",Protests,"Peaceful protest",3,0,"169,229",Demonstrations,15.420,44.192
2025-10-25,"Middle East",Yemen,"Amanat al Asimah","Violence against civilians",Attack,1,0,"60,072","Political violence",15.420,44.192
2025-10-25,"Middle East",Yemen,"Amanat al Asimah",Battles,"Armed clash",2,0,"35,417","Political violence",15.420,44.192
2025-10-25,"Middle East",Yemen,"Amanat al Asimah","Strategic developments",Agreement,1,0,0,"Strategic developments",15.420,44.192
2025-10-25,"Middle East",Yemen,Amran,Protests,"Peaceful protest",1,0,"48,266",Demonstrations,16.116,43.941
2025-10-25,"Middle East",Yemen,Dhamar,"Violence against civilians","Abduction/forced disappearance",7,0,"252,193","Political violence",14.540,44.306
2025-10-25,"Middle East",Yemen,Hajjah,Protests,"Peaceful protest",7,0,"81,661",Demonstrations,16.094,43.204
2025-10-25,"Middle East",Yemen,Hajjah,"Explosions/Remote violence","Remote explosive/landmine/IED",1,0,"11,102","Political violence",16.094,43.204
2025-10-25,"Middle East",Yemen,Ibb,"Violence against civilians","Abduction/forced disappearance",3,0,"52,892","Political violence",14.088,44.175
2025-10-25,"Middle East",Yemen,Ibb,Protests,"Peaceful protest",4,0,"110,119",Demonstrations,14.088,44.175
2025-10-25,"Middle East",Yemen,Lahij,Battles,"Armed clash",5,6,"20,260","Political violence",13.320,44.762
2025-10-25,"Middle East",Yemen,Lahij,Protests,"Peaceful protest",1,0,"4,518",Demonstrations,13.320,44.762
2025-10-25,"Middle East",Yemen,Lahij,"Explosions/Remote violence","Shelling/artillery/missile attack",2,0,"7,168","Political violence",13.320,44.762
2025-10-25,"Middle East",Yemen,Marib,Battles,"Armed clash",2,2,"6,847","Political violence",15.333,45.452
2025-10-25,"Middle East",Yemen,Marib,"Explosions/Remote violence","Shelling/artillery/missile attack",1,1,35,"Political violence",15.333,45.452
2025-10-25,"Middle East",Yemen,Marib,Protests,"Peaceful protest",1,0,"15,557",Demonstrations,15.333,45.452
2025-10-25,"Middle East",Yemen,Raymah,Protests,"Peaceful protest",1,0,"3,016",Demonstrations,14.657,43.687
2025-10-25,"Middle East",Yemen,Sadah,Battles,"Armed clash",1,1,"93,616","Political violence",17.088,44.042
2025-10-25,"Middle East",Yemen,Sadah,"Explosions/Remote violence","Shelling/artillery/missile attack",1,0,"28,468","Political violence",17.088,44.042
2025-10-25,"Middle East",Yemen,Sanaa,"Violence against civilians","Abduction/forced disappearance",1,0,"33,178","Political violence",15.393,44.475
2025-10-25,"Middle East",Yemen,Shabwah,"Strategic developments",Other,2,0,0,"Strategic developments",14.651,46.620
2025-10-25,"Middle East",Yemen,Shabwah,Battles,"Armed clash",2,0,"10,633","Political violence",14.651,46.620
2025-10-25,"Middle East",Yemen,Shabwah,"Strategic developments","Disrupted weapons use",1,0,0,"Strategic developments",14.651,46.620
2025-10-25,"Middle East",Yemen,Shabwah,"Violence against civilians","Abduction/forced disappearance",1,0,"26,664","Political violence",14.651,46.620
2025-10-25,"Middle East",Yemen,Taizz,"Strategic developments","Change to group/activity",1,0,0,"Strategic developments",13.295,43.786
2025-10-25,"Middle East",Yemen,Taizz,Protests,"Peaceful protest",8,0,"118,669",Demonstrations,13.295,43.786
2025-10-25,"Middle East",Yemen,Taizz,"Explosions/Remote violence","Shelling/artillery/missile attack",1,0,29,"Political violence",13.295,43.786
2025-10-25,"Middle East",Yemen,Taizz,"Violence against civilians","Abduction/forced disappearance",1,0,15,"Political violence",13.295,43.786
2025-11-01,"Middle East",Yemen,Abyan,"Strategic developments",Other,1,0,0,"Strategic developments",13.627,46.228
2025-11-01,"Middle East",Yemen,Abyan,Protests,"Peaceful protest",1,0,"17,910",Demonstrations,13.627,46.228
2025-11-01,"Middle East",Yemen,Abyan,"Explosions/Remote violence","Remote explosive/landmine/IED",1,0,"31,691","Political violence",13.627,46.228
2025-11-01,"Middle East",Yemen,"Ad Dali",Battles,"Armed clash",8,8,"72,480","Political violence",13.894,44.783
2025-11-01,"Middle East",Yemen,"Ad Dali","Explosions/Remote violence","Shelling/artillery/missile attack",1,0,"6,123","Political violence",13.894,44.783
2025-11-01,"Middle East",Yemen,"Ad Dali",Protests,"Peaceful protest",2,0,"45,347",Demonstrations,13.894,44.783
2025-11-01,"Middle East",Yemen,Aden,Protests,"Excessive force against protesters",1,0,"4,559","Political violence; Demonstrations",12.806,44.788
2025-11-01,"Middle East",Yemen,Aden,Protests,"Peaceful protest",2,0,"84,093",Demonstrations,12.806,44.788
2025-11-01,"Middle East",Yemen,"Al Bayda",Battles,"Armed clash",4,1,"15,727","Political violence",14.326,45.216
2025-11-01,"Middle East",Yemen,"Al Bayda",Protests,"Peaceful protest",2,0,"50,884",Demonstrations,14.326,45.216
2025-11-01,"Middle East",Yemen,"Al Hudaydah","Strategic developments",Other,1,0,0,"Strategic developments",14.779,43.218
2025-11-01,"Middle East",Yemen,"Al Hudaydah",Protests,"Peaceful protest",6,0,"181,887",Demonstrations,14.779,43.218
2025-11-01,"Middle East",Yemen,"Al Hudaydah","Strategic developments","Change to group/activity",1,0,0,"Strategic developments",14.779,43.218
2025-11-01,"Middle East",Yemen,"Al Hudaydah","Explosions/Remote violence","Shelling/artillery/missile attack",1,1,"73,831","Political violence",14.779,43.218
2025-11-01,"Middle East",Yemen,"Al Jawf","Strategic developments","Change to group/activity",1,0,0,"Strategic developments",16.596,45.599
2025-11-01,"Middle East",Yemen,"Al Jawf",Battles,"Armed clash",1,10,"9,119","Political violence",16.596,45.599
2025-11-01,"Middle East",Yemen,"Al Mahwit",Protests,"Peaceful protest",11,0,"67,696",Demonstrations,15.308,43.499
2025-11-01,"Middle East",Yemen,"Amanat al Asimah",Protests,"Peaceful protest",9,0,"350,575",Demonstrations,15.420,44.192
2025-11-01,"Middle East",Yemen,"Amanat al Asimah","Strategic developments","Change to group/activity",1,0,0,"Strategic developments",15.420,44.192
2025-11-01,"Middle East",Yemen,"Amanat al Asimah","Strategic developments","Looting/property destruction",5,0,0,"Strategic developments",15.420,44.192
2025-11-01,"Middle East",Yemen,Amran,"Explosions/Remote violence","Remote explosive/landmine/IED",1,0,"27,831","Political violence",16.116,43.941
2025-11-01,"Middle East",Yemen,Amran,Protests,"Peaceful protest",14,0,"142,210",Demonstrations,16.116,43.941
2025-11-01,"Middle East",Yemen,Amran,"Strategic developments","Change to group/activity",1,0,0,"Strategic developments",16.116,43.941
2025-11-01,"Middle East",Yemen,Dhamar,Protests,"Peaceful protest",4,0,"69,185",Demonstrations,14.540,44.306
2025-11-01,"Middle East",Yemen,Dhamar,"Violence against civilians",Attack,1,0,"1,420","Political violence",14.540,44.306
2025-11-01,"Middle East",Yemen,Dhamar,"Violence against civilians","Abduction/forced disappearance",1,0,"126,424","Political violence",14.540,44.306
2025-11-01,"Middle East",Yemen,Hadramawt,"Violence against civilians",Attack,1,0,"21,289","Political violence",16.529,48.627
2025-11-01,"Middle East",Yemen,Hadramawt,Battles,"Armed clash",1,1,"124,571","Political violence",16.529,48.627
2025-11-01,"Middle East",Yemen,Hadramawt,Protests,"Peaceful protest",1,0,"26,022",Demonstrations,16.529,48.627
2025-11-01,"Middle East",Yemen,Hajjah,Protests,"Peaceful protest",16,0,"104,900",Demonstrations,16.094,43.204
2025-11-01,"Middle East",Yemen,Hajjah,"Strategic developments","Change to group/activity",2,0,0,"Strategic developments",16.094,43.204
2025-11-01,"Middle East",Yemen,Hajjah,"Violence against civilians",Attack,1,1,"66,406","Political violence",16.094,43.204
2025-11-01,"Middle East",Yemen,Ibb,Battles,"Armed clash",4,1,"232,995","Political violence",14.088,44.175
2025-11-01,"Middle East",Yemen,Ibb,"Violence against civilians","Abduction/forced disappearance",1,0,"21,834","Political violence",14.088,44.175
2025-11-01,"Middle East",Yemen,Ibb,Protests,"Peaceful protest",15,0,"132,180",Demonstrations,14.088,44.175
2025-11-01,"Middle East",Yemen,Lahij,"Explosions/Remote violence","Air/drone strike",1,0,"7,168","Political violence",13.320,44.762
2025-11-01,"Middle East",Yemen,Lahij,Protests,"Peaceful protest",2,0,"18,769",Demonstrations,13.320,44.762
2025-11-01,"Middle East",Yemen,Lahij,Battles,"Armed clash",7,5,"16,197","Political violence",13.320,44.762
2025-11-01,"Middle East",Yemen,Marib,Battles,"Armed clash",1,3,"5,874","Political violence",15.333,45.452
2025-11-01,"Middle East",Yemen,Marib,"Strategic developments",Other,1,0,0,"Strategic developments",15.333,45.452
2025-11-01,"Middle East",Yemen,Marib,Protests,"Peaceful protest",2,0,20,Demonstrations,15.333,45.452
2025-11-01,"Middle East",Yemen,Marib,"Explosions/Remote violence","Air/drone strike",1,0,"2,791","Political violence",15.333,45.452
2025-11-01,"Middle East",Yemen,Raymah,Protests,"Peaceful protest",6,0,"16,999",Demonstrations,14.657,43.687
2025-11-01,"Middle East",Yemen,Sadah,"Explosions/Remote violence","Shelling/artillery/missile attack",3,0,"47,656","Political violence",17.088,44.042
2025-11-01,"Middle East",Yemen,Sadah,"Strategic developments","Change to group/activity",3,0,0,"Strategic developments",17.088,44.042
2025-11-01,"Middle East",Yemen,Sadah,Protests,"Peaceful protest",2,0,"36,861",Demonstrations,17.088,44.042
2025-11-01,"Middle East",Yemen,Sadah,"Explosions/Remote violence","Air/drone strike",2,0,"24,342","Political violence",17.088,44.042
2025-11-01,"Middle East",Yemen,Sadah,"Strategic developments","Looting/property destruction",1,0,0,"Strategic developments",17.088,44.042
2025-11-01,"Middle East",Yemen,Sadah,Battles,"Armed clash",1,0,"15,477","Political violence",17.088,44.042
2025-11-01,"Middle East",Yemen,Sanaa,Protests,"Peaceful protest",5,0,"7,234",Demonstrations,15.393,44.475
2025-11-01,"Middle East",Yemen,Sanaa,"Strategic developments","Looting/property destruction",1,0,0,"Strategic developments",15.393,44.475
2025-11-01,"Middle East",Yemen,Shabwah,"Strategic developments",Arrests,1,0,0,"Strategic developments",14.651,46.620
2025-11-01,"Middle East",Yemen,Shabwah,"Strategic developments","Looting/property destruction",1,0,0,"Strategic developments",14.651,46.620
2025-11-01,"Middle East",Yemen,Shabwah,Battles,"Armed clash",3,14,"5,663","Political violence",14.651,46.620
2025-11-01,"Middle East",Yemen,Shabwah,"Explosions/Remote violence","Air/drone strike",3,0,"37,163","Political violence",14.651,46.620
2025-11-01,"Middle East",Yemen,Taizz,"Violence against civilians",Attack,1,0,"13,172","Political violence",13.295,43.786
2025-11-01,"Middle East",Yemen,Taizz,"Explosions/Remote violence","Shelling/artillery/missile attack",2,0,"29,090","Political violence",13.295,43.786
2025-11-01,"Middle East",Yemen,Taizz,Protests,"Peaceful protest",11,0,"146,943",Demonstrations,13.295,43.786
2025-11-01,"Middle East",Yemen,Taizz,"Violence against civilians","Abduction/forced disappearance",2,0,"43,970","Political violence",13.295,43.786
2025-11-01,"Middle East",Yemen,Taizz,Battles,"Armed clash",1,1,"7,573","Political violence",13.295,43.786
2025-11-01,"Middle East",Yemen,Taizz,Protests,"Protest with intervention",1,0,"32,386",Demonstrations,13.295,43.786
2025-11-01,"Middle East",Yemen,Taizz,"Strategic developments","Looting/property destruction",1,0,0,"Strategic developments",13.295,43.786
2025-11-01,"Middle East",Yemen,Taizz,"Explosions/Remote violence","Remote explosive/landmine/IED",1,1,"26,104","Political violence",13.295,43.786
2025-11-08,"Middle East",Yemen,Abyan,"Strategic developments",Other,2,0,0,"Strategic developments",13.627,46.228
2025-11-08,"Middle East",Yemen,Abyan,"Strategic developments","Disrupted weapons use",2,0,0,"Strategic developments",13.627,46.228
2025-11-08,"Middle East",Yemen,Abyan,"Explosions/Remote violence","Remote explosive/landmine/IED",1,2,"24,815","Political violence",13.627,46.228
2025-11-08,"Middle East",Yemen,"Ad Dali","Explosions/Remote violence",Grenade,1,0,"44,327","Political violence",13.894,44.783
2025-11-08,"Middle East",Yemen,"Ad Dali",Protests,"Peaceful protest",3,0,"65,052",Demonstrations,13.894,44.783
2025-11-08,"Middle East",Yemen,"Ad Dali",Battles,"Armed clash",3,2,"8,228","Political violence",13.894,44.783
2025-11-08,"Middle East",Yemen,Aden,Protests,"Peaceful protest",2,0,"84,093",Demonstrations,12.806,44.788
2025-11-08,"Middle East",Yemen,"Al Bayda",Battles,"Armed clash",5,17,"15,727","Political violence",14.326,45.216
2025-11-08,"Middle East",Yemen,"Al Bayda",Protests,"Peaceful protest",1,0,"42,331",Demonstrations,14.326,45.216
2025-11-08,"Middle East",Yemen,"Al Hudaydah","Violence against civilians",Attack,2,1,"70,933","Political violence",14.779,43.218
2025-11-08,"Middle East",Yemen,"Al Hudaydah",Protests,"Peaceful protest",2,0,"110,823",Demonstrations,14.779,43.218
2025-11-08,"Middle East",Yemen,"Al Hudaydah",Battles,"Armed clash",2,0,"5,838","Political violence",14.779,43.218
2025-11-08,"Middle East",Yemen,"Al Hudaydah","Explosions/Remote violence","Shelling/artillery/missile attack",1,0,"15,867","Political violence",14.779,43.218
2025-11-08,"Middle East",Yemen,"Al Jawf","Violence against civilians",Attack,1,1,"8,548","Political violence",16.596,45.599
2025-11-08,"Middle East",Yemen,"Al Jawf",Battles,"Armed clash",3,2,"38,243","Political violence",16.596,45.599
2025-11-08,"Middle East",Yemen,"Al Jawf",Protests,"Peaceful protest",12,0,"37,878",Demonstrations,16.596,45.599
2025-11-08,"Middle East",Yemen,"Al Jawf","Strategic developments","Change to group/activity",1,0,0,"Strategic developments",16.596,45.599
2025-11-08,"Middle East",Yemen,"Al Mahwit",Protests,"Peaceful protest",6,0,"60,290",Demonstrations,15.308,43.499
2025-11-08,"Middle East",Yemen,"Amanat al Asimah","Strategic developments",Other,1,0,0,"Strategic developments",15.420,44.192
2025-11-08,"Middle East",Yemen,"Amanat al Asimah",Protests,"Peaceful protest",4,0,"127,393",Demonstrations,15.420,44.192
2025-11-08,"Middle East",Yemen,"Amanat al Asimah","Violence against civilians",Attack,1,1,"60,072","Political violence",15.420,44.192
2025-11-08,"Middle East",Yemen,"Amanat al Asimah",Protests,"Excessive force against protesters",1,3,"51,643","Political violence; Demonstrations",15.420,44.192
2025-11-08,"Middle East",Yemen,"Amanat al Asimah","Violence against civilians","Abduction/forced disappearance",1,0,"60,072","Political violence",15.420,44.192
2025-11-08,"Middle East",Yemen,"Amanat al Asimah","Strategic developments","Looting/property destruction",1,0,0,"Strategic developments",15.420,44.192
2025-11-08,"Middle East",Yemen,Amran,Protests,"Peaceful protest",15,0,"173,099",Demonstrations,16.116,43.941
2025-11-08,"Middle East",Yemen,Dhamar,"Violence against civilians","Abduction/forced disappearance",4,0,"201,341","Political violence",14.540,44.306
2025-11-08,"Middle East",Yemen,Dhamar,Protests,"Peaceful protest",1,0,"11,553",Demonstrations,14.540,44.306
2025-11-08,"Middle East",Yemen,Hadramawt,Battles,"Armed clash",3,0,"13,969","Political violence",16.529,48.627
2025-11-08,"Middle East",Yemen,Hadramawt,"Strategic developments",Arrests,1,0,0,"Strategic developments",16.529,48.627
2025-11-08,"Middle East",Yemen,Hajjah,Protests,"Peaceful protest",1,0,"18,785",Demonstrations,16.094,43.204
2025-11-08,"Middle East",Yemen,Hajjah,"Explosions/Remote violence","Air/drone strike",1,0,"11,303","Political violence",16.094,43.204
2025-11-08,"Middle East",Yemen,Ibb,"Violence against civilians","Abduction/forced disappearance",1,0,"182,340","Political violence",14.088,44.175
2025-11-08,"Middle East",Yemen,Ibb,Protests,"Peaceful protest",4,0,"36,172",Demonstrations,14.088,44.175
2025-11-08,"Middle East",Yemen,Lahij,"Explosions/Remote violence","Shelling/artillery/missile attack",4,0,"20,525","Political violence",13.320,44.762
2025-11-08,"Middle East",Yemen,Lahij,"Explosions/Remote violence","Remote explosive/landmine/IED",1,0,"2,978","Political violence",13.320,44.762
2025-11-08,"Middle East",Yemen,Lahij,Protests,"Peaceful protest",1,0,"46,960",Demonstrations,13.320,44.762
2025-11-08,"Middle East",Yemen,Lahij,"Strategic developments","Change to group/activity",2,0,0,"Strategic developments",13.320,44.762
2025-11-08,"Middle East",Yemen,Lahij,Battles,"Armed clash",3,0,"2,118","Political violence",13.320,44.762
2025-11-08,"Middle East",Yemen,Marib,"Explosions/Remote violence","Air/drone strike",1,0,"2,630","Political violence",15.333,45.452
2025-11-08,"Middle East",Yemen,Marib,Battles,"Armed clash",1,10,"10,015","Political violence",15.333,45.452
2025-11-08,"Middle East",Yemen,Marib,"Strategic developments","Change to group/activity",3,0,0,"Strategic developments",15.333,45.452
2025-11-08,"Middle East",Yemen,Marib,Protests,"Peaceful protest",2,0,"4,943",Demonstrations,15.333,45.452
2025-11-08,"Middle East",Yemen,Raymah,Protests,"Peaceful protest",4,0,"9,468",Demonstrations,14.657,43.687
2025-11-08,"Middle East",Yemen,Sadah,"Violence against civilians",Attack,3,3,"96,201","Political violence",17.088,44.042
2025-11-08,"Middle East",Yemen,Sadah,"Explosions/Remote violence","Air/drone strike",1,0,"18,869","Political violence",17.088,44.042
2025-11-08,"Middle East",Yemen,Sadah,"Explosions/Remote violence","Shelling/artillery/missile attack",3,1,"30,469","Political violence",17.088,44.042
2025-11-08,"Middle East",Yemen,Sadah,Protests,"Peaceful protest",1,0,"49,764",Demonstrations,17.088,44.042
2025-11-08,"Middle East",Yemen,Sanaa,"Violence against civilians","Abduction/forced disappearance",1,0,"4,105","Political violence",15.393,44.475
2025-11-08,"Middle East",Yemen,Sanaa,Protests,"Peaceful protest",6,0,"44,890",Demonstrations,15.393,44.475
2025-11-08,"Middle East",Yemen,Shabwah,"Explosions/Remote violence","Shelling/artillery/missile attack",2,0,"5,018","Political violence",14.651,46.620
2025-11-08,"Middle East",Yemen,Shabwah,"Explosions/Remote violence","Air/drone strike",1,2,"27,509","Political violence",14.651,46.620
2025-11-08,"Middle East",Yemen,Shabwah,"Violence against civilians","Abduction/forced disappearance",1,0,"33,752","Political violence",14.651,46.620
2025-11-08,"Middle East",Yemen,Shabwah,"Violence against civilians",Attack,1,1,"19,152","Political violence",14.651,46.620
2025-11-08,"Middle East",Yemen,Taizz,Protests,"Peaceful protest",7,0,"80,259",Demonstrations,13.295,43.786
2025-11-08,"Middle East",Yemen,Taizz,"Explosions/Remote violence","Remote explosive/landmine/IED",1,0,"6,510","Political violence",13.295,43.786
2025-11-08,"Middle East",Yemen,Taizz,"Violence against civilians",Attack,1,1,"2,712","Political violence",13.295,43.786
2025-11-15,"Middle East",Yemen,Abyan,"Strategic developments","Change to group/activity",1,0,0,"Strategic developments",13.627,46.228
2025-11-15,"Middle East",Yemen,Abyan,"Violence against civilians",Attack,1,0,"19,770","Political violence",13.627,46.228
2025-11-15,"Middle East",Yemen,Abyan,Battles,"Armed clash",1,0,0,"Political violence",13.627,46.228
2025-11-15,"Middle East",Yemen,Abyan,Protests,"Peaceful protest",1,0,"30,695",Demonstrations,13.627,46.228
2025-11-15,"Middle East",Yemen,"Ad Dali",Battles,"Armed clash",2,0,"6,744","Political violence",13.894,44.783
2025-11-15,"Middle East",Yemen,"Ad Dali","Violence against civilians","Abduction/forced disappearance",1,0,"3,228","Political violence",13.894,44.783
2025-11-15,"Middle East",Yemen,Aden,"Violence against civilians","Abduction/forced disappearance",1,0,"31,971","Political violence",12.806,44.788
2025-11-15,"Middle East",Yemen,Aden,Protests,"Peaceful protest",1,0,"15,940",Demonstrations,12.806,44.788
2025-11-15,"Middle East",Yemen,"Al Bayda",Battles,"Armed clash",3,0,"15,179","Political violence",14.326,45.216
2025-11-15,"Middle East",Yemen,"Al Bayda","Violence against civilians",Attack,1,0,"66,019","Political violence",14.326,45.216
2025-11-15,"Middle East",Yemen,"Al Bayda",Protests,"Peaceful protest",1,0,"42,331",Demonstrations,14.326,45.216
2025-11-15,"Middle East",Yemen,"Al Hudaydah",Battles,"Armed clash",1,0,"5,838","Political violence",14.779,43.218
2025-11-15,"Middle East",Yemen,"Al Hudaydah",Protests,"Peaceful protest",6,0,"178,411",Demonstrations,14.779,43.218
2025-11-15,"Middle East",Yemen,"Al Jawf",Battles,"Armed clash",1,10,"9,119","Political violence",16.596,45.599
2025-11-15,"Middle East",Yemen,"Al Jawf",Protests,"Peaceful protest",1,0,"12,652",Demonstrations,16.596,45.599
2025-11-15,"Middle East",Yemen,"Al Mahwit",Protests,"Peaceful protest",10,0,"97,415",Demonstrations,15.308,43.499
2025-11-15,"Middle East",Yemen,"Amanat al Asimah",Protests,"Peaceful protest",10,0,"468,693",Demonstrations,15.420,44.192
2025-11-15,"Middle East",Yemen,"Amanat al Asimah","Violence against civilians","Abduction/forced disappearance",1,0,"171,430","Political violence",15.420,44.192
2025-11-15,"Middle East",Yemen,Amran,Battles,"Armed clash",1,0,"27,926","Political violence",16.116,43.941
2025-11-15,"Middle East",Yemen,Hadramawt,"Violence against civilians",Attack,1,1,"101,671","Political violence",16.529,48.627
2025-11-15,"Middle East",Yemen,Hadramawt,"Explosions/Remote violence","Remote explosive/landmine/IED",1,0,"144,391","Political violence",16.529,48.627
2025-11-15,"Middle East",Yemen,Hajjah,Protests,"Peaceful protest",2,0,"25,453",Demonstrations,16.094,43.204
2025-11-15,"Middle East",Yemen,Ibb,Protests,"Peaceful protest",4,0,"28,935",Demonstrations,14.088,44.175
2025-11-15,"Middle East",Yemen,Ibb,"Strategic developments","Change to group/activity",3,0,0,"Strategic developments",14.088,44.175
2025-11-15,"Middle East",Yemen,Lahij,"Strategic developments",Arrests,1,0,0,"Strategic developments",13.320,44.762
2025-11-15,"Middle East",Yemen,Lahij,Protests,"Peaceful protest",2,0,"5,594",Demonstrations,13.320,44.762
2025-11-15,"Middle East",Yemen,Lahij,"Strategic developments","Disrupted weapons use",1,0,0,"Strategic developments",13.320,44.762
2025-11-15,"Middle East",Yemen,Lahij,"Explosions/Remote violence","Remote explosive/landmine/IED",1,0,"69,369","Political violence",13.320,44.762
2025-11-15,"Middle East",Yemen,Lahij,Battles,"Armed clash",6,2,"20,260","Political violence",13.320,44.762
2025-11-15,"Middle East",Yemen,Marib,"Explosions/Remote violence","Remote explosive/landmine/IED",1,2,"21,557","Political violence",15.333,45.452
2025-11-15,"Middle East",Yemen,Raymah,Protests,"Peaceful protest",1,0,"3,016",Demonstrations,14.657,43.687
2025-11-15,"Middle East",Yemen,Sadah,Protests,"Peaceful protest",1,0,"49,764",Demonstrations,17.088,44.042
2025-11-15,"Middle East",Yemen,Sadah,Battles,"Armed clash",1,1,"3,184","Political violence",17.088,44.042
2025-11-15,"Middle East",Yemen,Sadah,"Explosions/Remote violence","Shelling/artillery/missile attack",3,0,"137,775","Political violence",17.088,44.042
2025-11-15,"Middle East",Yemen,Sadah,"Strategic developments","Looting/property destruction",1,0,0,"Strategic developments",17.088,44.042
2025-11-15,"Middle East",Yemen,Shabwah,"Explosions/Remote violence","Remote explosive/landmine/IED",1,0,"24,079","Political violence",14.651,46.620
2025-11-15,"Middle East",Yemen,Shabwah,Battles,"Armed clash",2,0,"7,789","Political violence",14.651,46.620
2025-11-15,"Middle East",Yemen,Shabwah,"Explosions/Remote violence","Air/drone strike",1,0,"1,993","Political violence",14.651,46.620
2025-11-15,"Middle East",Yemen,Taizz,"Strategic developments","Looting/property destruction",2,0,0,"Strategic developments",13.295,43.786
2025-11-15,"Middle East",Yemen,Taizz,"Explosions/Remote violence","Shelling/artillery/missile attack",1,0,"16,228","Political violence",13.295,43.786
2025-11-15,"Middle East",Yemen,Taizz,Battles,"Armed clash",2,0,"8,286","Political violence",13.295,43.786
2025-11-15,"Middle East",Yemen,Taizz,Battles,"Non-state actor overtakes territory",1,0,"3,928","Political violence",13.295,43.786
2025-11-15,"Middle East",Yemen,Taizz,"Explosions/Remote violence",Grenade,2,0,"23,162","Political violence",13.295,43.786
2025-11-15,"Middle East",Yemen,Taizz,Protests,"Peaceful protest",6,0,"63,031",Demonstrations,13.295,43.786
2025-11-15,"Middle East",Yemen,Taizz,"Violence against civilians","Abduction/forced disappearance",4,0,"210,904","Political violence",13.295,43.786
2025-11-15,"Middle East",Yemen,Taizz,"Strategic developments",Other,1,0,0,"Strategic developments",13.295,43.786
2025-11-22,"Middle East",Yemen,Abyan,"Strategic developments","Change to group/activity",1,0,0,"Strategic developments",13.627,46.228
2025-11-22,"Middle East",Yemen,Abyan,Battles,"Armed clash",1,0,"16,150","Political violence",13.627,46.228
2025-11-22,"Middle East",Yemen,"Ad Dali",Battles,"Armed clash",5,2,"53,176","Political violence",13.894,44.783
2025-11-22,"Middle East",Yemen,"Ad Dali",Protests,"Peaceful protest",5,0,"105,316",Demonstrations,13.894,44.783
2025-11-22,"Middle East",Yemen,Aden,Battles,"Armed clash",1,0,"21,095","Political violence",12.806,44.788
2025-11-22,"Middle East",Yemen,Aden,Protests,"Peaceful protest",2,0,570,Demonstrations,12.806,44.788
2025-11-22,"Middle East",Yemen,Aden,"Violence against civilians",Attack,1,1,"8,538","Political violence",12.806,44.788
2025-11-22,"Middle East",Yemen,"Al Bayda","Explosions/Remote violence","Air/drone strike",1,0,"15,179","Political violence",14.326,45.216
2025-11-22,"Middle East",Yemen,"Al Bayda",Battles,"Armed clash",2,0,"15,179","Political violence",14.326,45.216
2025-11-22,"Middle East",Yemen,"Al Hudaydah",Battles,"Armed clash",5,21,"24,852","Political violence",14.779,43.218
2025-11-22,"Middle East",Yemen,"Al Hudaydah",Protests,"Peaceful protest",3,0,"248,387",Demonstrations,14.779,43.218
2025-11-22,"Middle East",Yemen,"Al Jawf",Battles,"Armed clash",2,14,"26,219","Political violence",16.596,45.599
2025-11-22,"Middle East",Yemen,"Al Mahwit",Protests,"Peaceful protest",9,0,"97,415",Demonstrations,15.308,43.499
2025-11-22,"Middle East",Yemen,"Amanat al Asimah","Strategic developments",Other,1,0,0,"Strategic developments",15.420,44.192
2025-11-22,"Middle East",Yemen,"Amanat al Asimah","Violence against civilians","Abduction/forced disappearance",4,0,"104,463","Political violence",15.420,44.192
2025-11-22,"Middle East",Yemen,"Amanat al Asimah","Violence against civilians",Attack,1,1,"60,072","Political violence",15.420,44.192
2025-11-22,"Middle East",Yemen,"Amanat al Asimah",Protests,"Peaceful protest",5,0,"124,547",Demonstrations,15.420,44.192
2025-11-22,"Middle East",Yemen,"Amanat al Asimah","Strategic developments",Arrests,1,0,0,"Strategic developments",15.420,44.192
2025-11-22,"Middle East",Yemen,"Amanat al Asimah","Strategic developments","Change to group/activity",3,0,0,"Strategic developments",15.420,44.192
2025-11-22,"Middle East",Yemen,Amran,"Violence against civilians",Attack,1,1,"9,627","Political violence",16.116,43.941
2025-11-22,"Middle East",Yemen,Dhamar,Protests,"Peaceful protest",4,0,"69,052",Demonstrations,14.540,44.306
2025-11-22,"Middle East",Yemen,Dhamar,"Violence against civilians",Attack,1,1,"10,352","Political violence",14.540,44.306
2025-11-22,"Middle East",Yemen,Hadramawt,"Violence against civilians",Attack,1,1,"8,198","Political violence",16.529,48.627
2025-11-22,"Middle East",Yemen,Hadramawt,"Strategic developments","Change to group/activity",5,0,0,"Strategic developments",16.529,48.627
2025-11-22,"Middle East",Yemen,Hajjah,Protests,"Peaceful protest",2,0,"18,785",Demonstrations,16.094,43.204
2025-11-22,"Middle East",Yemen,Ibb,"Strategic developments","Looting/property destruction",1,0,0,"Strategic developments",14.088,44.175
2025-11-22,"Middle East",Yemen,Ibb,"Strategic developments","Change to group/activity",3,0,0,"Strategic developments",14.088,44.175
2025-11-22,"Middle East",Yemen,Lahij,"Violence against civilians","Abduction/forced disappearance",2,0,"13,336","Political violence",13.320,44.762
2025-11-22,"Middle East",Yemen,Lahij,"Strategic developments","Change to group/activity",1,0,0,"Strategic developments",13.320,44.762
2025-11-22,"Middle East",Yemen,Lahij,"Strategic developments","Looting/property destruction",1,0,0,"Strategic developments",13.320,44.762
2025-11-22,"Middle East",Yemen,Lahij,Battles,"Armed clash",3,7,"48,696","Political violence",13.320,44.762
2025-11-22,"Middle East",Yemen,Marib,"Strategic developments","Looting/property destruction",1,0,0,"Strategic developments",15.333,45.452
2025-11-22,"Middle East",Yemen,Marib,Protests,"Peaceful protest",1,0,"15,557",Demonstrations,15.333,45.452
2025-11-22,"Middle East",Yemen,Sadah,"Explosions/Remote violence","Air/drone strike",1,0,22,"Political violence",17.088,44.042
2025-11-22,"Middle East",Yemen,Sadah,"Explosions/Remote violence","Shelling/artillery/missile attack",4,0,"44,258","Political violence",17.088,44.042
2025-11-22,"Middle East",Yemen,Sadah,Protests,"Peaceful protest",1,0,"49,764",Demonstrations,17.088,44.042
2025-11-22,"Middle East",Yemen,Sanaa,"Explosions/Remote violence","Remote explosive/landmine/IED",2,2,"4,422","Political violence",15.393,44.475
2025-11-22,"Middle East",Yemen,Shabwah,Battles,"Armed clash",1,3,"24,079","Political violence",14.651,46.620
2025-11-22,"Middle East",Yemen,Shabwah,"Strategic developments","Change to group/activity",1,0,0,"Strategic developments",14.651,46.620
2025-11-22,"Middle East",Yemen,Suqutra,"Strategic developments","Change to group/activity",1,0,0,"Strategic developments",12.508,53.893
2025-11-22,"Middle East",Yemen,Taizz,Battles,"Armed clash",2,0,"19,722","Political violence",13.295,43.786
2025-11-22,"Middle East",Yemen,Taizz,Protests,"Peaceful protest",6,0,"69,748",Demonstrations,13.295,43.786
2025-11-22,"Middle East",Yemen,Taizz,"Strategic developments","Change to group/activity",6,0,0,"Strategic developments",13.295,43.786
2025-11-22,"Middle East",Yemen,Taizz,"Violence against civilians",Attack,1,1,"2,712","Political violence",13.295,43.786
2025-11-22,"Middle East",Yemen,Taizz,"Explosions/Remote violence","Remote explosive/landmine/IED",1,0,"1,431","Political violence",13.295,43.786
2025-11-29,"International Waters","Indian Ocean","North Indian Ocean",Battles,"Armed clash",1,0,0,"Political violence",13.728,70.473
2025-11-29,"Middle East",Yemen,Abyan,"Strategic developments","Disrupted weapons use",1,0,0,"Strategic developments",13.627,46.228
2025-11-29,"Middle East",Yemen,Abyan,Protests,"Peaceful protest",3,0,"50,276",Demonstrations,13.627,46.228
2025-11-29,"Middle East",Yemen,Abyan,"Explosions/Remote violence","Remote explosive/landmine/IED",1,0,"5,214","Political violence",13.627,46.228
2025-11-29,"Middle East",Yemen,Abyan,Battles,"Armed clash",1,3,"1,222","Political violence",13.627,46.228
2025-11-29,"Middle East",Yemen,"Ad Dali",Battles,"Armed clash",2,0,"59,203","Political violence",13.894,44.783
2025-11-29,"Middle East",Yemen,"Ad Dali",Protests,"Peaceful protest",5,0,"105,316",Demonstrations,13.894,44.783
2025-11-29,"Middle East",Yemen,"Ad Dali","Strategic developments","Change to group/activity",1,0,0,"Strategic developments",13.894,44.783
2025-11-29,"Middle East",Yemen,Aden,Protests,"Peaceful protest",1,0,"15,896",Demonstrations,12.806,44.788
2025-11-29,"Middle East",Yemen,Aden,"Strategic developments","Non-violent transfer of territory",1,0,0,"Strategic developments",12.806,44.788
2025-11-29,"Middle East",Yemen,"Al Bayda","Explosions/Remote violence","Remote explosive/landmine/IED",1,3,615,"Political violence",14.326,45.216
2025-11-29,"Middle East",Yemen,"Al Bayda",Battles,"Armed clash",1,0,"15,179","Political violence",14.326,45.216
2025-11-29,"Middle East",Yemen,"Al Hudaydah",Battles,"Armed clash",3,0,"3,147","Political violence",14.779,43.218
2025-11-29,"Middle East",Yemen,"Al Hudaydah","Explosions/Remote violence","Remote explosive/landmine/IED",1,0,"3,257","Political violence",14.779,43.218
2025-11-29,"Middle East",Yemen,"Al Hudaydah",Protests,"Peaceful protest",2,0,"53,220",Demonstrations,14.779,43.218
2025-11-29,"Middle East",Yemen,"Al Hudaydah","Violence against civilians","Abduction/forced disappearance",1,0,"3,871","Political violence",14.779,43.218
2025-11-29,"Middle East",Yemen,"Al Jawf","Violence against civilians",Attack,1,1,"2,369","Political violence",16.596,45.599
2025-11-29,"Middle East",Yemen,"Al Jawf","Explosions/Remote violence","Remote explosive/landmine/IED",1,1,"4,554","Political violence",16.596,45.599
2025-11-29,"Middle East",Yemen,"Al Mahrah","Strategic developments","Non-violent transfer of territory",12,0,0,"Strategic developments",17.057,51.824
2025-11-29,"Middle East",Yemen,"Al Mahwit",Protests,"Peaceful protest",1,0,"24,342",Demonstrations,15.308,43.499
2025-11-29,"Middle East",Yemen,"Amanat al Asimah","Strategic developments",Other,1,0,0,"Strategic developments",15.420,44.192
2025-11-29,"Middle East",Yemen,"Amanat al Asimah",Protests,"Peaceful protest",4,0,"61,770",Demonstrations,15.420,44.192
2025-11-29,"Middle East",Yemen,"Amanat al Asimah","Strategic developments","Change to group/activity",1,0,0,"Strategic developments",15.420,44.192
2025-11-29,"Middle East",Yemen,Hadramawt,Battles,"Armed clash",11,9,"235,498","Political violence",16.529,48.627
2025-11-29,"Middle East",Yemen,Hadramawt,"Strategic developments","Change to group/activity",13,0,0,"Strategic developments",16.529,48.627
2025-11-29,"Middle East",Yemen,Hadramawt,"Explosions/Remote violence","Shelling/artillery/missile attack",1,0,"6,179","Political violence",16.529,48.627
2025-11-29,"Middle East",Yemen,Hadramawt,"Strategic developments",Arrests,1,0,0,"Strategic developments",16.529,48.627
2025-11-29,"Middle East",Yemen,Hadramawt,Battles,"Government regains territory",9,44,"133,464","Political violence",16.529,48.627
2025-11-29,"Middle East",Yemen,Hadramawt,"Strategic developments","Non-violent transfer of territory",11,0,0,"Strategic developments",16.529,48.627
2025-11-29,"Middle East",Yemen,Hadramawt,Riots,"Mob violence",1,0,"13,816","Political violence",16.529,48.627
2025-11-29,"Middle East",Yemen,Hadramawt,"Strategic developments",Other,2,0,0,"Strategic developments",16.529,48.627
2025-11-29,"Middle East",Yemen,Hadramawt,"Strategic developments",Agreement,1,0,0,"Strategic developments",16.529,48.627
2025-11-29,"Middle East",Yemen,Hadramawt,"Strategic developments","Looting/property destruction",3,0,0,"Strategic developments",16.529,48.627
2025-11-29,"Middle East",Yemen,Hadramawt,"Strategic developments","Disrupted weapons use",1,0,0,"Strategic developments",16.529,48.627
2025-11-29,"Middle East",Yemen,Hadramawt,Protests,"Protest with intervention",1,0,"26,022",Demonstrations,16.529,48.627
2025-11-29,"Middle East",Yemen,Hadramawt,Protests,"Peaceful protest",2,0,"26,022",Demonstrations,16.529,48.627
2025-11-29,"Middle East",Yemen,Hajjah,Protests,"Peaceful protest",4,0,"18,785",Demonstrations,16.094,43.204
2025-11-29,"Middle East",Yemen,Ibb,Protests,"Peaceful protest",1,0,"14,036",Demonstrations,14.088,44.175
2025-11-29,"Middle East",Yemen,Ibb,"Violence against civilians",Attack,1,1,"9,658","Political violence",14.088,44.175
2025-11-29,"Middle East",Yemen,Lahij,"Violence against civilians","Abduction/forced disappearance",2,0,"24,584","Political violence",13.320,44.762
2025-11-29,"Middle East",Yemen,Lahij,Battles,"Armed clash",6,1,"32,616","Political violence",13.320,44.762
2025-11-29,"Middle East",Yemen,Lahij,"Explosions/Remote violence","Shelling/artillery/missile attack",1,0,"10,095","Political violence",13.320,44.762
2025-11-29,"Middle East",Yemen,Lahij,"Violence against civilians",Attack,1,0,"7,012","Political violence",13.320,44.762
2025-11-29,"Middle East",Yemen,Marib,"Strategic developments",Other,1,0,0,"Strategic developments",15.333,45.452
2025-11-29,"Middle East",Yemen,Marib,Battles,"Armed clash",1,1,0,"Political violence",15.333,45.452
2025-11-29,"Middle East",Yemen,Marib,"Strategic developments","Change to group/activity",2,0,0,"Strategic developments",15.333,45.452
2025-11-29,"Middle East",Yemen,Marib,Protests,"Peaceful protest",1,0,"15,557",Demonstrations,15.333,45.452
2025-11-29,"Middle East",Yemen,Marib,"Explosions/Remote violence","Air/drone strike",1,2,"3,810","Political violence",15.333,45.452
2025-11-29,"Middle East",Yemen,Marib,"Violence against civilians","Abduction/forced disappearance",1,0,"1,142","Political violence",15.333,45.452
2025-11-29,"Middle East",Yemen,Raymah,Protests,"Peaceful protest",1,0,"3,016",Demonstrations,14.657,43.687
2025-11-29,"Middle East",Yemen,Sadah,"Explosions/Remote violence","Shelling/artillery/missile attack",7,0,"82,590","Political violence",17.088,44.042
2025-11-29,"Middle East",Yemen,Sadah,"Violence against civilians",Attack,5,1,"51,736","Political violence",17.088,44.042
2025-11-29,"Middle East",Yemen,Sadah,Protests,"Peaceful protest",2,0,"37,849",Demonstrations,17.088,44.042
2025-11-29,"Middle East",Yemen,Sanaa,"Strategic developments","Change to group/activity",9,0,0,"Strategic developments",15.393,44.475
2025-11-29,"Middle East",Yemen,Shabwah,Protests,"Peaceful protest",1,0,"14,415",Demonstrations,14.651,46.620
2025-11-29,"Middle East",Yemen,Shabwah,Battles,"Government regains territory",2,2,0,"Political violence",14.651,46.620
2025-11-29,"Middle East",Yemen,Shabwah,"Strategic developments","Change to group/activity",1,0,0,"Strategic developments",14.651,46.620
2025-11-29,"Middle East",Yemen,Shabwah,Battles,"Armed clash",2,10,"2,058","Political violence",14.651,46.620
2025-11-29,"Middle East",Yemen,Shabwah,"Explosions/Remote violence","Remote explosive/landmine/IED",1,0,"1,452","Political violence",14.651,46.620
2025-11-29,"Middle East",Yemen,Shabwah,"Violence against civilians",Attack,1,1,"38,511","Political violence",14.651,46.620
2025-11-29,"Middle East",Yemen,Shabwah,"Explosions/Remote violence","Air/drone strike",1,0,"1,993","Political violence",14.651,46.620
2025-11-29,"Middle East",Yemen,Taizz,Protests,"Peaceful protest",3,0,"36,409",Demonstrations,13.295,43.786
2025-11-29,"Middle East",Yemen,Taizz,"Strategic developments","Change to group/activity",9,0,0,"Strategic developments",13.295,43.786
2025-11-29,"Middle East",Yemen,Taizz,"Explosions/Remote violence","Shelling/artillery/missile attack",5,0,"134,626","Political violence",13.295,43.786
2025-11-29,"Middle East",Yemen,Taizz,"Violence against civilians",Attack,1,0,"28,363","Political violence",13.295,43.786
2025-11-29,"Middle East",Yemen,Taizz,Battles,"Armed clash",4,2,"117,572","Political violence",13.295,43.786
2025-12-06,"Middle East",Yemen,Abyan,"Violence against civilians","Abduction/forced disappearance",1,0,"20,498","Political violence",13.627,46.228
2025-12-06,"Middle East",Yemen,Abyan,"Strategic developments","Change to group/activity",1,0,0,"Strategic developments",13.627,46.228
2025-12-06,"Middle East",Yemen,Abyan,Battles,"Armed clash",3,4,"16,246","Political violence",13.627,46.228
2025-12-06,"Middle East",Yemen,Abyan,"Strategic developments","Looting/property destruction",1,0,0,"Strategic developments",13.627,46.228
2025-12-06,"Middle East",Yemen,Abyan,Protests,"Peaceful protest",2,0,"62,105",Demonstrations,13.627,46.228
2025-12-06,"Middle East",Yemen,"Ad Dali",Protests,"Peaceful protest",2,0,"45,962",Demonstrations,13.894,44.783
2025-12-06,"Middle East",Yemen,Aden,"Strategic developments","Looting/property destruction",1,0,0,"Strategic developments",12.806,44.788
2025-12-06,"Middle East",Yemen,Aden,"Strategic developments","Change to group/activity",3,0,0,"Strategic developments",12.806,44.788
2025-12-06,"Middle East",Yemen,Aden,"Strategic developments",Other,1,0,0,"Strategic developments",12.806,44.788
2025-12-06,"Middle East",Yemen,Aden,Protests,"Peaceful protest",1,0,"2,132",Demonstrations,12.806,44.788
2025-12-06,"Middle East",Yemen,"Al Bayda","Violence against civilians","Abduction/forced disappearance",1,0,"8,014","Political violence",14.326,45.216
2025-12-06,"Middle East",Yemen,"Al Bayda",Battles,"Armed clash",1,0,"15,179","Political violence",14.326,45.216
2025-12-06,"Middle East",Yemen,"Al Hudaydah",Battles,"Armed clash",4,1,"8,985","Political violence",14.779,43.218
2025-12-06,"Middle East",Yemen,"Al Hudaydah",Protests,"Peaceful protest",2,0,"52,623",Demonstrations,14.779,43.218
2025-12-06,"Middle East",Yemen,"Al Hudaydah","Violence against civilians","Abduction/forced disappearance",1,0,"29,433","Political violence",14.779,43.218
2025-12-06,"Middle East",Yemen,"Al Hudaydah","Strategic developments","Disrupted weapons use",1,2,0,"Strategic developments",14.779,43.218
2025-12-06,"Middle East",Yemen,"Al Jawf","Violence against civilians",Attack,1,1,"17,100","Political violence",16.596,45.599
2025-12-06,"Middle East",Yemen,"Al Mahrah","Strategic developments","Change to group/activity",7,0,0,"Strategic developments",17.057,51.824
2025-12-06,"Middle East",Yemen,"Al Mahrah",Protests,"Peaceful protest",2,0,"16,836",Demonstrations,17.057,51.824
2025-12-06,"Middle East",Yemen,"Al Mahrah","Strategic developments","Non-violent transfer of territory",3,0,0,"Strategic developments",17.057,51.824
2025-12-06,"Middle East",Yemen,"Al Mahwit",Protests,"Peaceful protest",9,0,"97,415",Demonstrations,15.308,43.499
2025-12-06,"Middle East",Yemen,"Amanat al Asimah",Protests,"Peaceful protest",3,0,"158,094",Demonstrations,15.420,44.192
2025-12-06,"Middle East",Yemen,Hadramawt,"Strategic developments","Change to group/activity",8,0,0,"Strategic developments",16.529,48.627
2025-12-06,"Middle East",Yemen,Hadramawt,"Explosions/Remote violence","Chemical weapon",1,0,"17,461","Political violence",16.529,48.627
2025-12-06,"Middle East",Yemen,Hadramawt,Protests,"Peaceful protest",5,0,"39,929",Demonstrations,16.529,48.627
2025-12-06,"Middle East",Yemen,Hadramawt,"Explosions/Remote violence","Remote explosive/landmine/IED",1,2,103,"Political violence",16.529,48.627
2025-12-06,"Middle East",Yemen,Hadramawt,Battles,"Non-state actor overtakes territory",1,3,"6,352","Political violence",16.529,48.627
2025-12-06,"Middle East",Yemen,Hadramawt,"Strategic developments","Non-violent transfer of territory",1,0,0,"Strategic developments",16.529,48.627
2025-12-06,"Middle East",Yemen,Hadramawt,Battles,"Armed clash",1,0,"1,774","Political violence",16.529,48.627
2025-12-06,"Middle East",Yemen,Hadramawt,"Violence against civilians","Abduction/forced disappearance",2,0,"16,513","Political violence",16.529,48.627
2025-12-06,"Middle East",Yemen,Hajjah,Protests,"Peaceful protest",3,0,"22,857",Demonstrations,16.094,43.204
2025-12-06,"Middle East",Yemen,Ibb,Protests,"Peaceful protest",1,0,"14,036",Demonstrations,14.088,44.175
2025-12-06,"Middle East",Yemen,Ibb,"Strategic developments",Other,1,0,0,"Strategic developments",14.088,44.175
2025-12-06,"Middle East",Yemen,Ibb,"Strategic developments","Change to group/activity",1,0,0,"Strategic developments",14.088,44.175
2025-12-06,"Middle East",Yemen,Lahij,Protests,"Peaceful protest",3,0,"67,626",Demonstrations,13.320,44.762
2025-12-06,"Middle East",Yemen,Lahij,Battles,"Armed clash",1,0,"1,394","Political violence",13.320,44.762
2025-12-06,"Middle East",Yemen,Lahij,"Explosions/Remote violence","Air/drone strike",1,0,"33,322","Political violence",13.320,44.762
2025-12-06,"Middle East",Yemen,Lahij,"Strategic developments","Change to group/activity",1,0,0,"Strategic developments",13.320,44.762
2025-12-06,"Middle East",Yemen,Lahij,"Violence against civilians","Abduction/forced disappearance",1,0,"13,336","Political violence",13.320,44.762
2025-12-06,"Middle East",Yemen,Marib,"Strategic developments","Change to group/activity",1,0,0,"Strategic developments",15.333,45.452
2025-12-06,"Middle East",Yemen,Marib,Protests,"Peaceful protest",1,0,"15,557",Demonstrations,15.333,45.452
2025-12-06,"Middle East",Yemen,Marib,"Explosions/Remote violence","Air/drone strike",1,1,"5,679","Political violence",15.333,45.452
2025-12-06,"Middle East",Yemen,Marib,Battles,"Armed clash",2,3,"4,437","Political violence",15.333,45.452
2025-12-06,"Middle East",Yemen,Raymah,Protests,"Peaceful protest",2,0,"3,016",Demonstrations,14.657,43.687
2025-12-06,"Middle East",Yemen,Sadah,"Explosions/Remote violence","Shelling/artillery/missile attack",6,2,"46,469","Political violence",17.088,44.042
2025-12-06,"Middle East",Yemen,Sadah,"Violence against civilians",Attack,4,1,"19,971","Political violence",17.088,44.042
2025-12-06,"Middle East",Yemen,Sadah,Protests,"Peaceful protest",1,0,"37,849",Demonstrations,17.088,44.042
2025-12-06,"Middle East",Yemen,Sanaa,Protests,"Peaceful protest",8,0,"23,735",Demonstrations,15.393,44.475
2025-12-06,"Middle East",Yemen,Shabwah,Protests,"Peaceful protest",4,0,"43,685",Demonstrations,14.651,46.620
2025-12-06,"Middle East",Yemen,Shabwah,Battles,"Armed clash",8,12,"26,851","Political violence",14.651,46.620
2025-12-06,"Middle East",Yemen,Shabwah,"Violence against civilians",Attack,3,3,"25,731","Political violence",14.651,46.620
2025-12-06,"Middle East",Yemen,Shabwah,"Explosions/Remote violence","Air/drone strike",2,3,"1,993","Political violence",14.651,46.620
2025-12-06,"Middle East",Yemen,Shabwah,"Strategic developments","Non-violent transfer of territory",1,0,0,"Strategic developments",14.651,46.620
2025-12-06,"Middle East",Yemen,Shabwah,"Strategic developments","Change to group/activity",1,0,0,"Strategic developments",14.651,46.620
2025-12-06,"Middle East",Yemen,Suqutra,Protests,"Peaceful protest",1,0,"39,521",Demonstrations,12.508,53.893
2025-12-06,"Middle East",Yemen,Taizz,Battles,"Armed clash",7,15,"106,000","Political violence",13.295,43.786
2025-12-06,"Middle East",Yemen,Taizz,Protests,"Peaceful protest",4,0,"56,356",Demonstrations,13.295,43.786
2025-12-06,"Middle East",Yemen,Taizz,"Violence against civilians",Attack,2,2,"58,447","Political violence",13.295,43.786
2025-12-06,"Middle East",Yemen,Taizz,"Strategic developments","Change to group/activity",8,0,0,"Strategic developments",13.295,43.786
2025-12-06,"Middle East",Yemen,Taizz,"Strategic developments","Looting/property destruction",1,0,0,"Strategic developments",13.295,43.786
2025-12-06,"Middle East",Yemen,Taizz,"Explosions/Remote violence","Shelling/artillery/missile attack",5,0,"79,658","Political violence",13.295,43.786
2025-12-06,"Middle East",Yemen,Taizz,"Explosions/Remote violence","Remote explosive/landmine/IED",1,0,"44,886","Political violence",13.295,43.786
2025-12-13,"Middle East",Yemen,Abyan,Battles,"Armed clash",1,0,117,"Political violence",13.627,46.228
2025-12-13,"Middle East",Yemen,Abyan,Protests,"Peaceful protest",3,0,"47,900",Demonstrations,13.627,46.228
2025-12-13,"Middle East",Yemen,Abyan,"Explosions/Remote violence","Remote explosive/landmine/IED",1,1,4,"Political violence",13.627,46.228
2025-12-13,"Middle East",Yemen,"Ad Dali",Protests,"Peaceful protest",12,0,"106,033",Demonstrations,13.894,44.783
2025-12-13,"Middle East",Yemen,"Ad Dali","Strategic developments","Change to group/activity",1,0,0,"Strategic developments",13.894,44.783
2025-12-13,"Middle East",Yemen,"Ad Dali","Explosions/Remote violence","Shelling/artillery/missile attack",1,0,"5,154","Political violence",13.894,44.783
2025-12-13,"Middle East",Yemen,"Ad Dali",Battles,"Armed clash",2,0,"8,228","Political violence",13.894,44.783
2025-12-13,"Middle East",Yemen,Aden,Protests,"Peaceful protest",5,0,"21,934",Demonstrations,12.806,44.788
2025-12-13,"Middle East",Yemen,Aden,"Violence against civilians","Abduction/forced disappearance",2,0,"137,037","Political violence",12.806,44.788
2025-12-13,"Middle East",Yemen,"Al Bayda",Protests,"Peaceful protest",1,0,"42,331",Demonstrations,14.326,45.216
2025-12-13,"Middle East",Yemen,"Al Hudaydah",Protests,"Peaceful protest",24,0,"742,581",Demonstrations,14.779,43.218
2025-12-13,"Middle East",Yemen,"Al Hudaydah",Battles,"Armed clash",2,0,"5,838","Political violence",14.779,43.218
2025-12-13,"Middle East",Yemen,"Al Hudaydah","Explosions/Remote violence","Air/drone strike",1,2,"15,867","Political violence",14.779,43.218
2025-12-13,"Middle East",Yemen,"Al Jawf",Protests,"Peaceful protest",13,0,"85,130",Demonstrations,16.596,45.599
2025-12-13,"Middle East",Yemen,"Al Mahrah","Strategic developments","Change to group/activity",2,0,0,"Strategic developments",17.057,51.824
2025-12-13,"Middle East",Yemen,"Al Mahrah","Violence against civilians",Attack,1,0,"26,948","Political violence",17.057,51.824
2025-12-13,"Middle East",Yemen,"Al Mahrah","Strategic developments","Non-violent transfer of territory",2,0,0,"Strategic developments",17.057,51.824
2025-12-13,"Middle East",Yemen,"Al Mahrah",Protests,"Peaceful protest",3,0,"16,836",Demonstrations,17.057,51.824
2025-12-13,"Middle East",Yemen,"Al Mahwit",Protests,"Peaceful protest",13,0,"97,415",Demonstrations,15.308,43.499
2025-12-13,"Middle East",Yemen,"Amanat al Asimah",Protests,"Peaceful protest",10,0,"436,660",Demonstrations,15.420,44.192
2025-12-13,"Middle East",Yemen,"Amanat al Asimah","Violence against civilians","Abduction/forced disappearance",5,0,"176,660","Political violence",15.420,44.192
2025-12-13,"Middle East",Yemen,"Amanat al Asimah","Violence against civilians",Attack,2,1,"142,760","Political violence",15.420,44.192
2025-12-13,"Middle East",Yemen,Amran,"Violence against civilians",Attack,2,2,"41,373","Political violence",16.116,43.941
2025-12-13,"Middle East",Yemen,Amran,Protests,"Peaceful protest",5,0,"64,025",Demonstrations,16.116,43.941
2025-12-13,"Middle East",Yemen,Amran,Battles,"Armed clash",4,0,"113,145","Political violence",16.116,43.941
2025-12-13,"Middle East",Yemen,Dhamar,Protests,"Peaceful protest",7,0,"96,592",Demonstrations,14.540,44.306
2025-12-13,"Middle East",Yemen,Hadramawt,"Strategic developments","Change to group/activity",12,0,0,"Strategic developments",16.529,48.627
2025-12-13,"Middle East",Yemen,Hadramawt,"Violence against civilians","Abduction/forced disappearance",3,0,"112,820","Political violence",16.529,48.627
2025-12-13,"Middle East",Yemen,Hadramawt,"Strategic developments",Other,2,0,0,"Strategic developments",16.529,48.627
2025-12-13,"Middle East",Yemen,Hadramawt,Protests,"Peaceful protest",4,0,"38,967",Demonstrations,16.529,48.627
2025-12-13,"Middle East",Yemen,Hadramawt,"Explosions/Remote violence","Air/drone strike",1,0,103,"Political violence",16.529,48.627
2025-12-13,"Middle East",Yemen,Hadramawt,"Strategic developments","Disrupted weapons use",1,0,0,"Strategic developments",16.529,48.627
2025-12-13,"Middle East",Yemen,Hadramawt,"Strategic developments",Arrests,1,0,0,"Strategic developments",16.529,48.627
2025-12-13,"Middle East",Yemen,Hajjah,Protests,"Peaceful protest",22,0,"260,304",Demonstrations,16.094,43.204
2025-12-13,"Middle East",Yemen,Ibb,Protests,"Peaceful protest",7,0,"72,317",Demonstrations,14.088,44.175
2025-12-13,"Middle East",Yemen,Ibb,"Violence against civilians",Attack,1,1,"24,154","Political violence",14.088,44.175
2025-12-13,"Middle East",Yemen,Ibb,"Strategic developments","Looting/property destruction",1,0,0,"Strategic developments",14.088,44.175
2025-12-13,"Middle East",Yemen,Ibb,"Strategic developments",Arrests,2,0,0,"Strategic developments",14.088,44.175
2025-12-13,"Middle East",Yemen,Ibb,"Strategic developments",Other,1,0,0,"Strategic developments",14.088,44.175
2025-12-13,"Middle East",Yemen,Lahij,"Strategic developments",Other,1,0,0,"Strategic developments",13.320,44.762
2025-12-13,"Middle East",Yemen,Lahij,"Explosions/Remote violence","Air/drone strike",1,1,"13,357","Political violence",13.320,44.762
2025-12-13,"Middle East",Yemen,Lahij,Protests,"Peaceful protest",5,0,"19,972",Demonstrations,13.320,44.762
2025-12-13,"Middle East",Yemen,Lahij,Battles,"Armed clash",3,3,"18,866","Political violence",13.320,44.762
2025-12-13,"Middle East",Yemen,Lahij,"Strategic developments","Change to group/activity",1,0,0,"Strategic developments",13.320,44.762
2025-12-13,"Middle East",Yemen,Marib,Protests,"Peaceful protest",17,0,"21,773",Demonstrations,15.333,45.452
2025-12-13,"Middle East",Yemen,Marib,Battles,"Armed clash",1,3,35,"Political violence",15.333,45.452
2025-12-13,"Middle East",Yemen,Marib,"Strategic developments","Disrupted weapons use",1,0,0,"Strategic developments",15.333,45.452
2025-12-13,"Middle East",Yemen,Raymah,Protests,"Peaceful protest",9,0,"23,088",Demonstrations,14.657,43.687
2025-12-13,"Middle East",Yemen,Sadah,Protests,"Peaceful protest",47,0,"194,615",Demonstrations,17.088,44.042
2025-12-13,"Middle East",Yemen,Sadah,"Violence against civilians",Attack,2,1,"17,052","Political violence",17.088,44.042
2025-12-13,"Middle East",Yemen,Sadah,"Explosions/Remote violence","Shelling/artillery/missile attack",3,0,"18,869","Political violence",17.088,44.042
2025-12-13,"Middle East",Yemen,Sanaa,Protests,"Peaceful protest",21,0,"107,702",Demonstrations,15.393,44.475
2025-12-13,"Middle East",Yemen,Sanaa,Battles,"Armed clash",4,0,"2,870","Political violence",15.393,44.475
2025-12-13,"Middle East",Yemen,Sanaa,"Violence against civilians","Abduction/forced disappearance",3,0,"32,968","Political violence",15.393,44.475
2025-12-13,"Middle East",Yemen,Sanaa,"Violence against civilians",Attack,1,6,"18,920","Political violence",15.393,44.475
2025-12-13,"Middle East",Yemen,Shabwah,Battles,"Armed clash",4,1,"70,751","Political violence",14.651,46.620
2025-12-13,"Middle East",Yemen,Shabwah,"Strategic developments","Change to group/activity",5,0,0,"Strategic developments",14.651,46.620
2025-12-13,"Middle East",Yemen,Shabwah,Protests,"Peaceful protest",5,0,"17,833",Demonstrations,14.651,46.620
2025-12-13,"Middle East",Yemen,Shabwah,"Violence against civilians",Attack,2,2,"20,894","Political violence",14.651,46.620
2025-12-13,"Middle East",Yemen,Shabwah,"Strategic developments",Other,1,0,0,"Strategic developments",14.651,46.620
2025-12-13,"Middle East",Yemen,Taizz,"Violence against civilians",Attack,2,0,"55,639","Political violence",13.295,43.786
2025-12-13,"Middle East",Yemen,Taizz,Protests,"Peaceful protest",6,0,"106,191",Demonstrations,13.295,43.786
2025-12-13,"Middle East",Yemen,Taizz,Battles,"Armed clash",3,0,"19,443","Political violence",13.295,43.786
2025-12-13,"Middle East",Yemen,Taizz,"Explosions/Remote violence","Remote explosive/landmine/IED",1,4,"15,487","Political violence",13.295,43.786
2025-12-13,"Middle East",Yemen,Taizz,Protests,"Protest with intervention",1,0,"15,487",Demonstrations,13.295,43.786
2025-12-20,"Middle East",Yemen,Abyan,"Strategic developments",Other,2,0,0,"Strategic developments",13.627,46.228
2025-12-20,"Middle East",Yemen,Abyan,Protests,"Protest with intervention",1,0,"17,910",Demonstrations,13.627,46.228
2025-12-20,"Middle East",Yemen,Abyan,"Explosions/Remote violence","Air/drone strike",1,0,"2,968","Political violence",13.627,46.228
2025-12-20,"Middle East",Yemen,Abyan,Battles,"Armed clash",2,0,"17,120","Political violence",13.627,46.228
2025-12-20,"Middle East",Yemen,"Ad Dali","Explosions/Remote violence","Shelling/artillery/missile attack",1,0,"8,764","Political violence",13.894,44.783
2025-12-20,"Middle East",Yemen,"Ad Dali",Battles,"Armed clash",2,0,"6,123","Political violence",13.894,44.783
2025-12-20,"Middle East",Yemen,"Ad Dali","Strategic developments",Other,1,0,0,"Strategic developments",13.894,44.783
2025-12-20,"Middle East",Yemen,Aden,Protests,"Peaceful protest",5,0,"2,132",Demonstrations,12.806,44.788
2025-12-20,"Middle East",Yemen,Aden,"Strategic developments",Other,2,0,0,"Strategic developments",12.806,44.788
2025-12-20,"Middle East",Yemen,"Al Bayda",Battles,"Armed clash",4,0,"17,727","Political violence",14.326,45.216
2025-12-20,"Middle East",Yemen,"Al Hudaydah",Battles,"Armed clash",1,1,"15,867","Political violence",14.779,43.218
2025-12-20,"Middle East",Yemen,"Al Hudaydah",Protests,"Peaceful protest",10,0,"296,161",Demonstrations,14.779,43.218
2025-12-20,"Middle East",Yemen,"Al Jawf","Explosions/Remote violence","Remote explosive/landmine/IED",1,1,"6,115","Political violence",16.596,45.599
2025-12-20,"Middle East",Yemen,"Al Jawf",Protests,"Peaceful protest",7,0,"63,384",Demonstrations,16.596,45.599
2025-12-20,"Middle East",Yemen,"Al Mahrah",Protests,"Peaceful protest",4,0,"16,836",Demonstrations,17.057,51.824
2025-12-20,"Middle East",Yemen,"Al Mahrah","Strategic developments","Non-violent transfer of territory",1,0,0,"Strategic developments",17.057,51.824
2025-12-20,"Middle East",Yemen,"Al Mahrah","Strategic developments","Change to group/activity",1,0,0,"Strategic developments",17.057,51.824
2025-12-20,"Middle East",Yemen,"Al Mahwit",Protests,"Peaceful protest",7,0,"68,258",Demonstrations,15.308,43.499
2025-12-20,"Middle East",Yemen,"Amanat al Asimah",Protests,"Peaceful protest",9,0,"234,388",Demonstrations,15.420,44.192
2025-12-20,"Middle East",Yemen,"Amanat al Asimah","Strategic developments","Change to group/activity",1,0,0,"Strategic developments",15.420,44.192
2025-12-20,"Middle East",Yemen,Amran,Protests,"Peaceful protest",2,0,"48,266",Demonstrations,16.116,43.941
2025-12-20,"Middle East",Yemen,Dhamar,Protests,"Peaceful protest",24,0,"184,106",Demonstrations,14.540,44.306
2025-12-20,"Middle East",Yemen,Dhamar,Battles,"Armed clash",1,2,"31,480","Political violence",14.540,44.306
2025-12-20,"Middle East",Yemen,Hadramawt,Protests,"Peaceful protest",4,0,"38,967",Demonstrations,16.529,48.627
2025-12-20,"Middle East",Yemen,Hadramawt,"Strategic developments","Non-violent transfer of territory",4,0,0,"Strategic developments",16.529,48.627
2025-12-20,"Middle East",Yemen,Hadramawt,Battles,"Armed clash",6,8,"28,751","Political violence",16.529,48.627
2025-12-20,"Middle East",Yemen,Hadramawt,Battles,"Government regains territory",1,3,"1,047","Political violence",16.529,48.627
2025-12-20,"Middle East",Yemen,Hadramawt,"Strategic developments","Change to group/activity",4,0,0,"Strategic developments",16.529,48.627
2025-12-20,"Middle East",Yemen,Hadramawt,"Strategic developments","Looting/property destruction",1,0,0,"Strategic developments",16.529,48.627
2025-12-20,"Middle East",Yemen,Hadramawt,"Explosions/Remote violence","Air/drone strike",1,0,"1,047","Political violence",16.529,48.627
2025-12-20,"Middle East",Yemen,Hajjah,Protests,"Peaceful protest",3,0,"35,457",Demonstrations,16.094,43.204
2025-12-20,"Middle East",Yemen,Ibb,"Strategic developments",Other,1,0,0,"Strategic developments",14.088,44.175
2025-12-20,"Middle East",Yemen,Ibb,Protests,"Peaceful protest",3,0,"106,269",Demonstrations,14.088,44.175
2025-12-20,"Middle East",Yemen,Ibb,"Violence against civilians",Attack,1,1,"37,333","Political violence",14.088,44.175
2025-12-20,"Middle East",Yemen,Lahij,"Explosions/Remote violence","Shelling/artillery/missile attack",1,0,45,"Political violence",13.320,44.762
2025-12-20,"Middle East",Yemen,Lahij,Battles,"Armed clash",5,6,"19,259","Political violence",13.320,44.762
2025-12-20,"Middle East",Yemen,Lahij,"Strategic developments","Change to group/activity",3,0,0,"Strategic developments",13.320,44.762
2025-12-20,"Middle East",Yemen,Lahij,"Explosions/Remote violence","Air/drone strike",1,1,"13,357","Political violence",13.320,44.762
2025-12-20,"Middle East",Yemen,Marib,Battles,"Armed clash",5,22,"27,879","Political violence",15.333,45.452
2025-12-20,"Middle East",Yemen,Marib,"Explosions/Remote violence","Air/drone strike",2,4,"11,605","Political violence",15.333,45.452
2025-12-20,"Middle East",Yemen,Marib,"Strategic developments",Other,2,0,0,"Strategic developments",15.333,45.452
2025-12-20,"Middle East",Yemen,Marib,Protests,"Peaceful protest",3,0,"16,406",Demonstrations,15.333,45.452
2025-12-20,"Middle East",Yemen,Marib,"Violence against civilians",Attack,1,1,"3,833","Political violence",15.333,45.452
2025-12-20,"Middle East",Yemen,Raymah,Protests,"Peaceful protest",4,0,"3,016",Demonstrations,14.657,43.687
2025-12-20,"Middle East",Yemen,Sadah,"Explosions/Remote violence","Shelling/artillery/missile attack",6,0,"34,420","Political violence",17.088,44.042
2025-12-20,"Middle East",Yemen,Sadah,Protests,"Peaceful protest",5,0,"59,798",Demonstrations,17.088,44.042
2025-12-20,"Middle East",Yemen,Sadah,"Violence against civilians",Attack,5,1,"20,796","Political violence",17.088,44.042
2025-12-20,"Middle East",Yemen,Sanaa,"Violence against civilians","Abduction/forced disappearance",2,0,"16,870","Political violence",15.393,44.475
2025-12-20,"Middle East",Yemen,Sanaa,Protests,"Peaceful protest",11,0,"51,584",Demonstrations,15.393,44.475
2025-12-20,"Middle East",Yemen,Sanaa,"Violence against civilians",Attack,1,0,"9,387","Political violence",15.393,44.475
2025-12-20,"Middle East",Yemen,Shabwah,Battles,"Armed clash",2,3,"29,875","Political violence",14.651,46.620
2025-12-20,"Middle East",Yemen,Shabwah,"Strategic developments",Arrests,1,0,0,"Strategic developments",14.651,46.620
2025-12-20,"Middle East",Yemen,Shabwah,"Explosions/Remote violence","Remote explosive/landmine/IED",1,0,0,"Political violence",14.651,46.620
2025-12-20,"Middle East",Yemen,Shabwah,Protests,"Peaceful protest",1,0,"14,415",Demonstrations,14.651,46.620
2025-12-20,"Middle East",Yemen,Shabwah,"Violence against civilians",Attack,1,0,"19,176","Political violence",14.651,46.620
2025-12-20,"Middle East",Yemen,Shabwah,"Explosions/Remote violence","Air/drone strike",1,0,"1,993","Political violence",14.651,46.620
2025-12-20,"Middle East",Yemen,Suqutra,"Strategic developments",Other,1,0,0,"Strategic developments",12.508,53.893
2025-12-20,"Middle East",Yemen,Suqutra,Protests,"Peaceful protest",2,0,"40,701",Demonstrations,12.508,53.893
2025-12-20,"Middle East",Yemen,Taizz,"Strategic developments","Change to group/activity",4,0,0,"Strategic developments",13.295,43.786
2025-12-20,"Middle East",Yemen,Taizz,Battles,"Armed clash",2,4,"74,381","Political violence",13.295,43.786
2025-12-20,"Middle East",Yemen,Taizz,Protests,"Peaceful protest",3,0,"59,719",Demonstrations,13.295,43.786
2025-12-20,"Middle East",Yemen,Taizz,"Violence against civilians",Attack,1,1,"63,554","Political violence",13.295,43.786
2025-12-20,"Middle East",Yemen,Taizz,"Strategic developments","Looting/property destruction",1,0,0,"Strategic developments",13.295,43.786
2025-12-20,"Middle East",Yemen,Taizz,"Violence against civilians","Abduction/forced disappearance",1,0,"13,190","Political violence",13.295,43.786
2025-12-27,"Middle East",Yemen,Abyan,Protests,"Peaceful protest",2,0,"31,661",Demonstrations,13.627,46.228
2025-12-27,"Middle East",Yemen,Abyan,"Violence against civilians",Attack,1,0,"44,722","Political violence",13.627,46.228
2025-12-27,"Middle East",Yemen,Abyan,"Strategic developments","Disrupted weapons use",1,0,0,"Strategic developments",13.627,46.228
2025-12-27,"Middle East",Yemen,Abyan,Battles,"Armed clash",2,0,"47,646","Political violence",13.627,46.228
2025-12-27,"Middle East",Yemen,Abyan,"Strategic developments","Change to group/activity",1,0,0,"Strategic developments",13.627,46.228
2025-12-27,"Middle East",Yemen,"Ad Dali",Battles,"Armed clash",1,0,"1,747","Political violence",13.894,44.783
2025-12-27,"Middle East",Yemen,"Ad Dali","Explosions/Remote violence","Shelling/artillery/missile attack",2,2,"7,538","Political violence",13.894,44.783
2025-12-27,"Middle East",Yemen,Aden,Protests,"Peaceful protest",3,0,"2,132",Demonstrations,12.806,44.788
2025-12-27,"Middle East",Yemen,Aden,"Strategic developments","Change to group/activity",4,0,0,"Strategic developments",12.806,44.788
2025-12-27,"Middle East",Yemen,"Al Bayda","Violence against civilians","Abduction/forced disappearance",1,0,"8,751","Political violence",14.326,45.216
2025-12-27,"Middle East",Yemen,"Al Bayda",Battles,"Armed clash",1,0,"2,548","Political violence",14.326,45.216
2025-12-27,"Middle East",Yemen,"Al Bayda","Strategic developments","Change to group/activity",1,0,0,"Strategic developments",14.326,45.216
2025-12-27,"Middle East",Yemen,"Al Hudaydah",Battles,"Armed clash",7,1,"45,474","Political violence",14.779,43.218
2025-12-27,"Middle East",Yemen,"Al Hudaydah","Strategic developments","Disrupted weapons use",1,0,0,"Strategic developments",14.779,43.218
2025-12-27,"Middle East",Yemen,"Al Hudaydah","Strategic developments","Non-violent transfer of territory",1,0,0,"Strategic developments",14.779,43.218
2025-12-27,"Middle East",Yemen,"Al Hudaydah",Protests,"Peaceful protest",2,0,"113,257",Demonstrations,14.779,43.218
2025-12-27,"Middle East",Yemen,"Al Jawf","Strategic developments",Other,1,0,0,"Strategic developments",16.596,45.599
2025-12-27,"Middle East",Yemen,"Al Jawf","Violence against civilians",Attack,2,1,"17,100","Political violence",16.596,45.599
2025-12-27,"Middle East",Yemen,"Al Mahrah","Strategic developments","Change to group/activity",3,0,0,"Strategic developments",17.057,51.824
2025-12-27,"Middle East",Yemen,"Al Mahrah",Protests,"Peaceful protest",2,0,"16,836",Demonstrations,17.057,51.824
2025-12-27,"Middle East",Yemen,"Al Mahwit",Protests,"Peaceful protest",9,0,"78,238",Demonstrations,15.308,43.499
2025-12-27,"Middle East",Yemen,"Amanat al Asimah",Protests,"Peaceful protest",5,0,"142,291",Demonstrations,15.420,44.192
2025-12-27,"Middle East",Yemen,Amran,Protests,"Peaceful protest",1,0,"49,593",Demonstrations,16.116,43.941
2025-12-27,"Middle East",Yemen,Dhamar,Battles,"Armed clash",2,0,"41,127","Political violence",14.540,44.306
2025-12-27,"Middle East",Yemen,Dhamar,"Violence against civilians",Attack,1,1,"31,480","Political violence",14.540,44.306
2025-12-27,"Middle East",Yemen,Hadramawt,"Strategic developments","Change to group/activity",24,0,0,"Strategic developments",16.529,48.627
2025-12-27,"Middle East",Yemen,Hadramawt,"Violence against civilians","Abduction/forced disappearance",2,0,"25,244","Political violence",16.529,48.627
2025-12-27,"Middle East",Yemen,Hadramawt,Protests,"Peaceful protest",4,0,"39,782",Demonstrations,16.529,48.627
2025-12-27,"Middle East",Yemen,Hadramawt,"Strategic developments",Other,6,0,0,"Strategic developments",16.529,48.627
2025-12-27,"Middle East",Yemen,Hadramawt,Battles,"Armed clash",7,7,"23,703","Political violence",16.529,48.627
2025-12-27,"Middle East",Yemen,Hadramawt,"Explosions/Remote violence","Air/drone strike",7,3,"179,697","Political violence",16.529,48.627
2025-12-27,"Middle East",Yemen,Hadramawt,Protests,"Protest with intervention",1,0,"12,945",Demonstrations,16.529,48.627
2025-12-27,"Middle East",Yemen,Hadramawt,Battles,"Government regains territory",4,8,"39,437","Political violence",16.529,48.627
2025-12-27,"Middle East",Yemen,Hadramawt,Battles,"Non-state actor overtakes territory",1,0,"59,398","Political violence",16.529,48.627
2025-12-27,"Middle East",Yemen,Hadramawt,"Strategic developments","Non-violent transfer of territory",2,0,0,"Strategic developments",16.529,48.627
2025-12-27,"Middle East",Yemen,Hadramawt,"Strategic developments","Disrupted weapons use",1,0,0,"Strategic developments",16.529,48.627
2025-12-27,"Middle East",Yemen,Hadramawt,"Explosions/Remote violence","Shelling/artillery/missile attack",1,0,"13,911","Political violence",16.529,48.627
2025-12-27,"Middle East",Yemen,Hadramawt,Riots,"Mob violence",1,0,"17,008","Political violence",16.529,48.627
2025-12-27,"Middle East",Yemen,Hajjah,Protests,"Peaceful protest",1,0,"19,317",Demonstrations,16.094,43.204
2025-12-27,"Middle East",Yemen,Ibb,Protests,"Peaceful protest",1,0,"14,444",Demonstrations,14.088,44.175
2025-12-27,"Middle East",Yemen,Ibb,"Strategic developments","Change to group/activity",2,0,0,"Strategic developments",14.088,44.175
2025-12-27,"Middle East",Yemen,Ibb,"Violence against civilians",Attack,1,1,"70,771","Political violence",14.088,44.175
2025-12-27,"Middle East",Yemen,Lahij,Battles,"Armed clash",2,3,"2,135","Political violence",13.320,44.762
2025-12-27,"Middle East",Yemen,Lahij,Protests,"Peaceful protest",8,0,"107,389",Demonstrations,13.320,44.762
2025-12-27,"Middle East",Yemen,Lahij,"Explosions/Remote violence","Remote explosive/landmine/IED",1,1,"10,705","Political violence",13.320,44.762
2025-12-27,"Middle East",Yemen,Lahij,"Strategic developments","Change to group/activity",1,0,0,"Strategic developments",13.320,44.762
2025-12-27,"Middle East",Yemen,Marib,Protests,"Peaceful protest",1,0,"1,161",Demonstrations,15.333,45.452
2025-12-27,"Middle East",Yemen,Marib,"Explosions/Remote violence","Remote explosive/landmine/IED",2,0,"43,005","Political violence",15.333,45.452
2025-12-27,"Middle East",Yemen,Marib,Battles,"Armed clash",2,0,"24,836","Political violence",15.333,45.452
2025-12-27,"Middle East",Yemen,Marib,"Strategic developments","Change to group/activity",1,0,0,"Strategic developments",15.333,45.452
2025-12-27,"Middle East",Yemen,Raymah,Protests,"Peaceful protest",1,0,"5,618",Demonstrations,14.657,43.687
2025-12-27,"Middle East",Yemen,Sadah,Protests,"Peaceful protest",7,0,"68,542",Demonstrations,17.088,44.042
2025-12-27,"Middle East",Yemen,Sadah,"Explosions/Remote violence","Shelling/artillery/missile attack",4,1,"21,179","Political violence",17.088,44.042
2025-12-27,"Middle East",Yemen,Sadah,"Violence against civilians",Attack,1,0,"12,260","Political violence",17.088,44.042
2025-12-27,"Middle East",Yemen,Sanaa,Protests,"Peaceful protest",9,0,"28,180",Demonstrations,15.393,44.475
2025-12-27,"Middle East",Yemen,Shabwah,Protests,"Peaceful protest",2,0,"14,415",Demonstrations,14.651,46.620
2025-12-27,"Middle East",Yemen,Shabwah,"Strategic developments","Change to group/activity",4,0,0,"Strategic developments",14.651,46.620
2025-12-27,"Middle East",Yemen,Shabwah,"Strategic developments",Arrests,1,0,0,"Strategic developments",14.651,46.620
2025-12-27,"Middle East",Yemen,Shabwah,"Violence against civilians",Attack,1,0,497,"Political violence",14.651,46.620
2025-12-27,"Middle East",Yemen,Shabwah,"Explosions/Remote violence","Remote explosive/landmine/IED",1,0,"1,487","Political violence",14.651,46.620
2025-12-27,"Middle East",Yemen,Shabwah,Battles,"Armed clash",2,1,"14,801","Political violence",14.651,46.620
2025-12-27,"Middle East",Yemen,Suqutra,Protests,"Peaceful protest",1,0,"40,973",Demonstrations,12.508,53.893
2025-12-27,"Middle East",Yemen,Taizz,"Violence against civilians","Abduction/forced disappearance",1,0,541,"Political violence",13.295,43.786
2025-12-27,"Middle East",Yemen,Taizz,"Violence against civilians",Attack,1,1,"5,247","Political violence",13.295,43.786
2025-12-27,"Middle East",Yemen,Taizz,Protests,"Peaceful protest",4,0,"33,657",Demonstrations,13.295,43.786
2026-01-03,"Middle East",Yemen,Abyan,Battles,"Armed clash",4,3,"138,874","Political violence",13.627,46.228
2026-01-03,"Middle East",Yemen,Abyan,"Strategic developments","Looting/property destruction",1,0,0,"Strategic developments",13.627,46.228
2026-01-03,"Middle East",Yemen,Abyan,"Explosions/Remote violence","Remote explosive/landmine/IED",1,1,"48,003","Political violence",13.627,46.228
2026-01-03,"Middle East",Yemen,Abyan,"Strategic developments","Change to group/activity",2,0,0,"Strategic developments",13.627,46.228
2026-01-03,"Middle East",Yemen,"Ad Dali",Battles,"Armed clash",2,11,"65,349","Political violence",13.894,44.783
2026-01-03,"Middle East",Yemen,"Ad Dali","Explosions/Remote violence","Air/drone strike",2,4,"61,384","Political violence",13.894,44.783
2026-01-03,"Middle East",Yemen,"Ad Dali","Strategic developments","Change to group/activity",2,0,0,"Strategic developments",13.894,44.783
2026-01-03,"Middle East",Yemen,"Ad Dali",Protests,"Peaceful protest",1,0,"26,437",Demonstrations,13.894,44.783
2026-01-03,"Middle East",Yemen,Aden,"Strategic developments","Looting/property destruction",1,0,0,"Strategic developments",12.806,44.788
2026-01-03,"Middle East",Yemen,Aden,"Strategic developments","Change to group/activity",14,0,0,"Strategic developments",12.806,44.788
2026-01-03,"Middle East",Yemen,Aden,"Strategic developments","Non-violent transfer of territory",6,0,0,"Strategic developments",12.806,44.788
2026-01-03,"Middle East",Yemen,Aden,"Explosions/Remote violence","Air/drone strike",2,0,"20,166","Political violence",12.806,44.788
2026-01-03,"Middle East",Yemen,Aden,"Strategic developments",Other,3,0,0,"Strategic developments",12.806,44.788
2026-01-03,"Middle East",Yemen,Aden,"Violence against civilians",Attack,1,0,"14,199","Political violence",12.806,44.788
2026-01-03,"Middle East",Yemen,"Al Bayda",Protests,"Peaceful protest",1,0,759,Demonstrations,14.326,45.216
2026-01-03,"Middle East",Yemen,"Al Bayda",Battles,"Armed clash",2,0,"18,231","Political violence",14.326,45.216
2026-01-03,"Middle East",Yemen,"Al Hudaydah",Battles,"Armed clash",2,3,"43,680","Political violence",14.779,43.218
2026-01-03,"Middle East",Yemen,"Al Hudaydah",Protests,"Peaceful protest",2,0,"53,785",Demonstrations,14.779,43.218
2026-01-03,"Middle East",Yemen,"Al Hudaydah","Strategic developments","Change to group/activity",1,0,0,"Strategic developments",14.779,43.218
2026-01-03,"Middle East",Yemen,"Al Hudaydah","Violence against civilians",Attack,1,1,"27,249","Political violence",14.779,43.218
2026-01-03,"Middle East",Yemen,"Al Jawf",Protests,"Peaceful protest",1,0,"13,003",Demonstrations,16.596,45.599
2026-01-03,"Middle East",Yemen,"Al Mahrah","Strategic developments","Change to group/activity",1,0,0,"Strategic developments",17.057,51.824
2026-01-03,"Middle East",Yemen,"Al Mahrah","Strategic developments","Disrupted weapons use",1,0,0,"Strategic developments",17.057,51.824
2026-01-03,"Middle East",Yemen,"Al Mahrah","Strategic developments","Non-violent transfer of territory",5,0,0,"Strategic developments",17.057,51.824
2026-01-03,"Middle East",Yemen,"Al Mahrah","Explosions/Remote violence","Air/drone strike",1,0,"45,304","Political violence",17.057,51.824
2026-01-03,"Middle East",Yemen,"Al Mahrah",Battles,"Armed clash",1,0,"45,304","Political violence",17.057,51.824
2026-01-03,"Middle East",Yemen,"Al Mahwit",Protests,"Peaceful protest",12,0,"111,128",Demonstrations,15.308,43.499
2026-01-03,"Middle East",Yemen,"Amanat al Asimah",Protests,"Peaceful protest",2,0,"53,064",Demonstrations,15.420,44.192
2026-01-03,"Middle East",Yemen,"Amanat al Asimah","Strategic developments","Looting/property destruction",1,0,0,"Strategic developments",15.420,44.192
2026-01-03,"Middle East",Yemen,Amran,Battles,"Armed clash",1,3,"4,816","Political violence",16.116,43.941
2026-01-03,"Middle East",Yemen,Amran,"Violence against civilians",Attack,1,0,"28,313","Political violence",16.116,43.941
2026-01-03,"Middle East",Yemen,Dhamar,"Violence against civilians",Attack,1,0,800,"Political violence",14.540,44.306
2026-01-03,"Middle East",Yemen,Dhamar,Protests,"Peaceful protest",1,0,"57,572",Demonstrations,14.540,44.306
2026-01-03,"Middle East",Yemen,Hadramawt,"Explosions/Remote violence","Air/drone strike",2,4,"28,002","Political violence",16.529,48.627
2026-01-03,"Middle East",Yemen,Hadramawt,"Strategic developments","Non-violent transfer of territory",12,0,0,"Strategic developments",16.529,48.627
2026-01-03,"Middle East",Yemen,Hadramawt,Riots,"Mob violence",2,0,"20,432","Political violence",16.529,48.627
2026-01-03,"Middle East",Yemen,Hadramawt,"Strategic developments","Looting/property destruction",6,0,0,"Strategic developments",16.529,48.627
2026-01-03,"Middle East",Yemen,Hadramawt,Protests,"Excessive force against protesters",2,0,"54,222","Political violence; Demonstrations",16.529,48.627
2026-01-03,"Middle East",Yemen,Hadramawt,Protests,"Peaceful protest",2,0,"40,172",Demonstrations,16.529,48.627
2026-01-03,"Middle East",Yemen,Hadramawt,"Strategic developments","Change to group/activity",4,0,0,"Strategic developments",16.529,48.627
2026-01-03,"Middle East",Yemen,Hadramawt,Battles,"Armed clash",5,3,"13,110","Political violence",16.529,48.627
2026-01-03,"Middle East",Yemen,Hadramawt,"Explosions/Remote violence","Remote explosive/landmine/IED",1,0,"1,866","Political violence",16.529,48.627
2026-01-03,"Middle East",Yemen,Hajjah,Protests,"Peaceful protest",1,0,"19,317",Demonstrations,16.094,43.204
2026-01-03,"Middle East",Yemen,Ibb,Battles,"Armed clash",1,1,"19,503","Political violence",14.088,44.175
2026-01-03,"Middle East",Yemen,Ibb,Protests,"Peaceful protest",1,0,"14,444",Demonstrations,14.088,44.175
2026-01-03,"Middle East",Yemen,Ibb,"Strategic developments","Change to group/activity",1,0,0,"Strategic developments",14.088,44.175
2026-01-03,"Middle East",Yemen,Ibb,"Violence against civilians","Abduction/forced disappearance",1,0,"24,851","Political violence",14.088,44.175
2026-01-03,"Middle East",Yemen,Lahij,Battles,"Armed clash",9,9,"251,558","Political violence",13.320,44.762
2026-01-03,"Middle East",Yemen,Lahij,"Explosions/Remote violence","Shelling/artillery/missile attack",1,0,"10,586","Political violence",13.320,44.762
2026-01-03,"Middle East",Yemen,Lahij,"Explosions/Remote violence","Air/drone strike",1,0,"45,262","Political violence",13.320,44.762
2026-01-03,"Middle East",Yemen,Lahij,Protests,"Peaceful protest",2,0,"26,274",Demonstrations,13.320,44.762
2026-01-03,"Middle East",Yemen,Marib,Protests,"Peaceful protest",1,0,"15,958",Demonstrations,15.333,45.452
2026-01-03,"Middle East",Yemen,Marib,"Explosions/Remote violence","Air/drone strike",2,0,"11,525","Political violence",15.333,45.452
2026-01-03,"Middle East",Yemen,Marib,Battles,"Armed clash",5,10,"24,836","Political violence",15.333,45.452
2026-01-03,"Middle East",Yemen,Marib,"Strategic developments","Change to group/activity",1,0,0,"Strategic developments",15.333,45.452
2026-01-03,"Middle East",Yemen,Raymah,Protests,"Peaceful protest",2,0,"8,845",Demonstrations,14.657,43.687
2026-01-03,"Middle East",Yemen,Sadah,"Explosions/Remote violence","Shelling/artillery/missile attack",3,0,"2,757","Political violence",17.088,44.042
2026-01-03,"Middle East",Yemen,Sadah,"Violence against civilians",Attack,3,0,"29,382","Political violence",17.088,44.042
2026-01-03,"Middle East",Yemen,Sadah,Protests,"Peaceful protest",3,0,"50,543",Demonstrations,17.088,44.042
2026-01-03,"Middle East",Yemen,Sadah,"Explosions/Remote violence","Air/drone strike",1,0,"2,734","Political violence",17.088,44.042
2026-01-03,"Middle East",Yemen,Sanaa,Protests,"Peaceful protest",5,0,"13,436",Demonstrations,15.393,44.475
2026-01-03,"Middle East",Yemen,Shabwah,"Strategic developments","Change to group/activity",14,0,0,"Strategic developments",14.651,46.620
2026-01-03,"Middle East",Yemen,Shabwah,"Explosions/Remote violence","Remote explosive/landmine/IED",3,3,"40,203","Political violence",14.651,46.620
2026-01-03,"Middle East",Yemen,Shabwah,Battles,"Armed clash",3,0,"46,391","Political violence",14.651,46.620
2026-01-03,"Middle East",Yemen,Shabwah,"Strategic developments",Other,1,0,0,"Strategic developments",14.651,46.620
2026-01-03,"Middle East",Yemen,Shabwah,"Strategic developments","Disrupted weapons use",1,0,0,"Strategic developments",14.651,46.620
2026-01-03,"Middle East",Yemen,Shabwah,"Strategic developments","Non-violent transfer of territory",1,0,0,"Strategic developments",14.651,46.620
2026-01-03,"Middle East",Yemen,Shabwah,"Violence against civilians",Attack,1,1,"39,608","Political violence",14.651,46.620
2026-01-03,"Middle East",Yemen,Suqutra,"Violence against civilians","Abduction/forced disappearance",2,0,"55,657","Political violence",12.508,53.893
2026-01-03,"Middle East",Yemen,Suqutra,Protests,"Peaceful protest",1,0,"40,973",Demonstrations,12.508,53.893
2026-01-03,"Middle East",Yemen,Taizz,"Violence against civilians","Abduction/forced disappearance",2,0,"13,939","Political violence",13.295,43.786
2026-01-03,"Middle East",Yemen,Taizz,Battles,"Armed clash",1,1,"5,092","Political violence",13.295,43.786
2026-01-03,"Middle East",Yemen,Taizz,"Strategic developments","Non-violent transfer of territory",2,0,0,"Strategic developments",13.295,43.786
2026-01-03,"Middle East",Yemen,Taizz,Protests,"Peaceful protest",1,0,"30,307",Demonstrations,13.295,43.786
2026-01-03,"Middle East",Yemen,Taizz,"Strategic developments","Change to group/activity",1,0,0,"Strategic developments",13.295,43.786
2026-01-10,"Middle East",Yemen,Abyan,"Strategic developments","Change to group/activity",4,0,0,"Strategic developments",13.627,46.228
2026-01-10,"Middle East",Yemen,Abyan,Battles,"Armed clash",1,1,"1,248","Political violence",13.627,46.228
2026-01-10,"Middle East",Yemen,"Ad Dali","Explosions/Remote violence","Shelling/artillery/missile attack",1,0,"6,290","Political violence",13.894,44.783
2026-01-10,"Middle East",Yemen,"Ad Dali","Explosions/Remote violence","Air/drone strike",1,0,"2,336","Political violence",13.894,44.783
2026-01-10,"Middle East",Yemen,"Ad Dali",Battles,"Armed clash",2,3,"8,436","Political violence",13.894,44.783
2026-01-10,"Middle East",Yemen,Aden,"Strategic developments","Change to group/activity",7,0,0,"Strategic developments",12.806,44.788
2026-01-10,"Middle East",Yemen,Aden,"Strategic developments","Non-violent transfer of territory",1,0,0,"Strategic developments",12.806,44.788
2026-01-10,"Middle East",Yemen,Aden,"Violence against civilians","Abduction/forced disappearance",3,0,"47,454","Political violence",12.806,44.788
2026-01-10,"Middle East",Yemen,Aden,"Strategic developments",Other,1,0,0,"Strategic developments",12.806,44.788
2026-01-10,"Middle East",Yemen,Aden,Protests,"Protest with intervention",2,0,"20,982",Demonstrations,12.806,44.788
2026-01-10,"Middle East",Yemen,Aden,Protests,"Peaceful protest",3,0,"20,195",Demonstrations,12.806,44.788
2026-01-10,"Middle East",Yemen,"Al Bayda","Violence against civilians",Attack,2,3,"29,618","Political violence",14.326,45.216
2026-01-10,"Middle East",Yemen,"Al Bayda",Protests,"Peaceful protest",1,0,"7,021",Demonstrations,14.326,45.216
2026-01-10,"Middle East",Yemen,"Al Bayda",Battles,"Armed clash",2,0,"18,231","Political violence",14.326,45.216
2026-01-10,"Middle East",Yemen,"Al Hudaydah","Strategic developments","Looting/property destruction",1,0,0,"Strategic developments",14.779,43.218
2026-01-10,"Middle East",Yemen,"Al Hudaydah",Protests,"Peaceful protest",2,0,"53,785",Demonstrations,14.779,43.218
2026-01-10,"Middle East",Yemen,"Al Hudaydah","Explosions/Remote violence","Shelling/artillery/missile attack",1,3,"16,431","Political violence",14.779,43.218
2026-01-10,"Middle East",Yemen,"Al Hudaydah",Battles,"Armed clash",1,0,"16,431","Political violence",14.779,43.218
2026-01-10,"Middle East",Yemen,"Al Jawf",Battles,"Armed clash",1,10,0,"Political violence",16.596,45.599
2026-01-10,"Middle East",Yemen,"Al Jawf","Strategic developments","Change to group/activity",3,0,0,"Strategic developments",16.596,45.599
2026-01-10,"Middle East",Yemen,"Al Jawf","Strategic developments","Disrupted weapons use",1,0,0,"Strategic developments",16.596,45.599
2026-01-10,"Middle East",Yemen,"Al Jawf",Protests,"Peaceful protest",1,0,"13,003",Demonstrations,16.596,45.599
2026-01-10,"Middle East",Yemen,"Al Mahrah","Strategic developments","Change to group/activity",1,0,0,"Strategic developments",17.057,51.824
2026-01-10,"Middle East",Yemen,"Al Mahwit",Protests,"Peaceful protest",10,0,"119,076",Demonstrations,15.308,43.499
2026-01-10,"Middle East",Yemen,"Amanat al Asimah",Protests,"Peaceful protest",2,0,"130,957",Demonstrations,15.420,44.192
2026-01-10,"Middle East",Yemen,"Amanat al Asimah","Violence against civilians","Abduction/forced disappearance",1,0,"61,697","Political violence",15.420,44.192
2026-01-10,"Middle East",Yemen,Amran,Protests,"Peaceful protest",1,0,"49,593",Demonstrations,16.116,43.941
2026-01-10,"Middle East",Yemen,Amran,"Violence against civilians",Attack,1,1,241,"Political violence",16.116,43.941
2026-01-10,"Middle East",Yemen,Dhamar,"Violence against civilians","Abduction/forced disappearance",1,0,977,"Political violence",14.540,44.306
2026-01-10,"Middle East",Yemen,Hadramawt,Protests,"Peaceful protest",1,0,"13,335",Demonstrations,16.529,48.627
2026-01-10,"Middle East",Yemen,Hadramawt,"Strategic developments","Non-violent transfer of territory",2,0,0,"Strategic developments",16.529,48.627
2026-01-10,"Middle East",Yemen,Hajjah,Protests,"Peaceful protest",20,0,"252,943",Demonstrations,16.094,43.204
2026-01-10,"Middle East",Yemen,Ibb,"Violence against civilians","Abduction/forced disappearance",2,0,"24,577","Political violence",14.088,44.175
2026-01-10,"Middle East",Yemen,Ibb,"Explosions/Remote violence",Grenade,1,0,"14,860","Political violence",14.088,44.175
2026-01-10,"Middle East",Yemen,Ibb,"Violence against civilians",Attack,1,0,"12,569","Political violence",14.088,44.175
2026-01-10,"Middle East",Yemen,Ibb,Protests,"Peaceful protest",1,0,"14,444",Demonstrations,14.088,44.175
2026-01-10,"Middle East",Yemen,Lahij,Protests,"Protest with intervention",1,0,"3,036",Demonstrations,13.320,44.762
2026-01-10,"Middle East",Yemen,Lahij,"Explosions/Remote violence","Shelling/artillery/missile attack",1,1,"4,923","Political violence",13.320,44.762
2026-01-10,"Middle East",Yemen,Lahij,"Strategic developments",Other,1,0,0,"Strategic developments",13.320,44.762
2026-01-10,"Middle East",Yemen,Lahij,"Strategic developments","Change to group/activity",1,0,0,"Strategic developments",13.320,44.762
2026-01-10,"Middle East",Yemen,Lahij,Battles,"Armed clash",2,11,"70,502","Political violence",13.320,44.762
2026-01-10,"Middle East",Yemen,Marib,"Explosions/Remote violence","Remote explosive/landmine/IED",2,6,"9,782","Political violence",15.333,45.452
2026-01-10,"Middle East",Yemen,Marib,Protests,"Peaceful protest",2,0,"15,958",Demonstrations,15.333,45.452
2026-01-10,"Middle East",Yemen,Marib,"Explosions/Remote violence","Air/drone strike",2,3,"12,782","Political violence",15.333,45.452
2026-01-10,"Middle East",Yemen,Marib,"Strategic developments",Other,1,0,0,"Strategic developments",15.333,45.452
2026-01-10,"Middle East",Yemen,Raymah,Protests,"Peaceful protest",1,0,"3,103",Demonstrations,14.657,43.687
2026-01-10,"Middle East",Yemen,Sadah,"Explosions/Remote violence","Shelling/artillery/missile attack",4,1,"2,757","Political violence",17.088,44.042
2026-01-10,"Middle East",Yemen,Sadah,"Explosions/Remote violence","Remote explosive/landmine/IED",1,1,10,"Political violence",17.088,44.042
2026-01-10,"Middle East",Yemen,Sadah,Protests,"Peaceful protest",1,0,"38,460",Demonstrations,17.088,44.042
2026-01-10,"Middle East",Yemen,Sadah,"Violence against civilians",Attack,2,0,"14,243","Political violence",17.088,44.042
2026-01-10,"Middle East",Yemen,Sanaa,Protests,"Peaceful protest",3,0,"48,840",Demonstrations,15.393,44.475
2026-01-10,"Middle East",Yemen,Shabwah,"Explosions/Remote violence","Remote explosive/landmine/IED",1,1,"39,608","Political violence",14.651,46.620
2026-01-10,"Middle East",Yemen,Shabwah,"Strategic developments",Arrests,2,0,0,"Strategic developments",14.651,46.620
2026-01-10,"Middle East",Yemen,Shabwah,"Explosions/Remote violence","Air/drone strike",1,0,"24,760","Political violence",14.651,46.620
2026-01-10,"Middle East",Yemen,Shabwah,Battles,"Armed clash",2,0,"6,783","Political violence",14.651,46.620
2026-01-10,"Middle East",Yemen,Suqutra,Protests,"Peaceful protest",2,0,"40,973",Demonstrations,12.508,53.893
2026-01-10,"Middle East",Yemen,Taizz,"Explosions/Remote violence","Shelling/artillery/missile attack",3,1,"85,432","Political violence",13.295,43.786
2026-01-10,"Middle East",Yemen,Taizz,Protests,"Peaceful protest",2,0,"30,210",Demonstrations,13.295,43.786
2026-01-10,"Middle East",Yemen,Taizz,"Strategic developments",Other,1,0,0,"Strategic developments",13.295,43.786
2026-01-10,"Middle East",Yemen,Taizz,"Strategic developments","Change to group/activity",1,0,0,"Strategic developments",13.295,43.786
2026-01-10,"Middle East",Yemen,Taizz,"Violence against civilians",Attack,1,0,"12,124","Political violence",13.295,43.786
2026-01-10,"Middle East",Yemen,Taizz,Battles,"Armed clash",10,1,"195,013","Political violence",13.295,43.786
2026-01-17,"Middle East",Yemen,Abyan,Battles,"Armed clash",2,0,"9,324","Political violence",13.627,46.228
2026-01-17,"Middle East",Yemen,Abyan,"Explosions/Remote violence",Grenade,1,0,"69,105","Political violence",13.627,46.228
2026-01-17,"Middle East",Yemen,Abyan,"Strategic developments","Change to group/activity",1,0,0,"Strategic developments",13.627,46.228
2026-01-17,"Middle East",Yemen,"Ad Dali",Battles,"Armed clash",6,7,"20,436","Political violence",13.894,44.783
2026-01-17,"Middle East",Yemen,"Ad Dali","Explosions/Remote violence","Shelling/artillery/missile attack",2,0,"4,519","Political violence",13.894,44.783
2026-01-17,"Middle East",Yemen,"Ad Dali",Protests,"Peaceful protest",1,0,"14,993",Demonstrations,13.894,44.783
2026-01-17,"Middle East",Yemen,Aden,"Strategic developments","Change to group/activity",2,0,0,"Strategic developments",12.806,44.788
2026-01-17,"Middle East",Yemen,Aden,Protests,"Peaceful protest",5,0,"100,783",Demonstrations,12.806,44.788
2026-01-17,"Middle East",Yemen,Aden,"Explosions/Remote violence","Remote explosive/landmine/IED",1,5,"16,658","Political violence",12.806,44.788
2026-01-17,"Middle East",Yemen,Aden,"Strategic developments","Disrupted weapons use",1,0,0,"Strategic developments",12.806,44.788
2026-01-17,"Middle East",Yemen,Aden,"Strategic developments","Non-violent transfer of territory",1,0,0,"Strategic developments",12.806,44.788
2026-01-17,"Middle East",Yemen,Aden,Riots,"Violent demonstration",2,0,"33,515",Demonstrations,12.806,44.788
2026-01-17,"Middle East",Yemen,"Al Bayda",Protests,"Peaceful protest",2,0,"43,731",Demonstrations,14.326,45.216
2026-01-17,"Middle East",Yemen,"Al Hudaydah",Protests,"Peaceful protest",2,0,"53,785",Demonstrations,14.779,43.218
2026-01-17,"Middle East",Yemen,"Al Hudaydah","Strategic developments","Disrupted weapons use",1,0,0,"Strategic developments",14.779,43.218
2026-01-17,"Middle East",Yemen,"Al Hudaydah","Violence against civilians",Attack,1,0,"54,432","Political violence",14.779,43.218
2026-01-17,"Middle East",Yemen,"Al Hudaydah",Battles,"Armed clash",1,0,"40,932","Political violence",14.779,43.218
2026-01-17,"Middle East",Yemen,"Al Mahrah",Protests,"Peaceful protest",1,0,"17,285",Demonstrations,17.057,51.824
2026-01-17,"Middle East",Yemen,"Al Mahrah","Strategic developments","Change to group/activity",1,0,0,"Strategic developments",17.057,51.824
2026-01-17,"Middle East",Yemen,"Al Mahwit",Protests,"Peaceful protest",9,0,"111,128",Demonstrations,15.308,43.499
2026-01-17,"Middle East",Yemen,"Al Mahwit","Violence against civilians","Abduction/forced disappearance",1,0,"9,499","Political violence",15.308,43.499
2026-01-17,"Middle East",Yemen,"Amanat al Asimah","Violence against civilians",Attack,1,1,"61,697","Political violence",15.420,44.192
2026-01-17,"Middle East",Yemen,"Amanat al Asimah",Protests,"Peaceful protest",2,0,"85,516",Demonstrations,15.420,44.192
2026-01-17,"Middle East",Yemen,"Amanat al Asimah","Violence against civilians","Abduction/forced disappearance",1,0,"61,697","Political violence",15.420,44.192
2026-01-17,"Middle East",Yemen,Amran,"Explosions/Remote violence","Shelling/artillery/missile attack",1,0,180,"Political violence",16.116,43.941
2026-01-17,"Middle East",Yemen,Amran,"Violence against civilians",Attack,1,1,"21,073","Political violence",16.116,43.941
2026-01-17,"Middle East",Yemen,Amran,Battles,"Armed clash",1,3,180,"Political violence",16.116,43.941
2026-01-17,"Middle East",Yemen,Amran,"Strategic developments","Change to group/activity",1,0,0,"Strategic developments",16.116,43.941
2026-01-17,"Middle East",Yemen,Dhamar,"Violence against civilians","Abduction/forced disappearance",1,0,"3,520","Political violence",14.540,44.306
2026-01-17,"Middle East",Yemen,Hadramawt,Protests,"Peaceful protest",2,0,"40,168",Demonstrations,16.529,48.627
2026-01-17,"Middle East",Yemen,Hadramawt,"Strategic developments",Other,1,0,0,"Strategic developments",16.529,48.627
2026-01-17,"Middle East",Yemen,Hadramawt,"Strategic developments","Non-violent transfer of territory",3,0,0,"Strategic developments",16.529,48.627
2026-01-17,"Middle East",Yemen,Hadramawt,"Explosions/Remote violence","Remote explosive/landmine/IED",1,2,"1,866","Political violence",16.529,48.627
2026-01-17,"Middle East",Yemen,Hadramawt,"Violence against civilians","Abduction/forced disappearance",1,0,"18,301","Political violence",16.529,48.627
2026-01-17,"Middle East",Yemen,Hajjah,Protests,"Peaceful protest",18,0,"118,499",Demonstrations,16.094,43.204
2026-01-17,"Middle East",Yemen,Ibb,Protests,"Peaceful protest",2,0,"18,790",Demonstrations,14.088,44.175
2026-01-17,"Middle East",Yemen,Ibb,"Violence against civilians",Attack,1,0,"8,495","Political violence",14.088,44.175
2026-01-17,"Middle East",Yemen,Ibb,"Violence against civilians","Abduction/forced disappearance",1,0,"24,851","Political violence",14.088,44.175
2026-01-17,"Middle East",Yemen,Lahij,Battles,"Armed clash",3,0,"5,710","Political violence",13.320,44.762
2026-01-17,"Middle East",Yemen,Lahij,Protests,"Peaceful protest",1,0,"14,548",Demonstrations,13.320,44.762
2026-01-17,"Middle East",Yemen,Marib,"Strategic developments","Change to group/activity",5,0,0,"Strategic developments",15.333,45.452
2026-01-17,"Middle East",Yemen,Marib,Protests,"Peaceful protest",2,0,"24,242",Demonstrations,15.333,45.452
2026-01-17,"Middle East",Yemen,Marib,"Violence against civilians",Attack,1,1,"22,127","Political violence",15.333,45.452
2026-01-17,"Middle East",Yemen,Sadah,"Explosions/Remote violence","Shelling/artillery/missile attack",3,2,"71,121","Political violence",17.088,44.042
2026-01-17,"Middle East",Yemen,Sadah,"Strategic developments","Looting/property destruction",1,0,0,"Strategic developments",17.088,44.042
2026-01-17,"Middle East",Yemen,Sadah,"Violence against civilians",Attack,6,1,"20,877","Political violence",17.088,44.042
2026-01-17,"Middle East",Yemen,Sadah,Protests,"Peaceful protest",2,0,"38,460",Demonstrations,17.088,44.042
2026-01-17,"Middle East",Yemen,Sanaa,Protests,"Peaceful protest",2,0,"47,719",Demonstrations,15.393,44.475
2026-01-17,"Middle East",Yemen,Shabwah,"Explosions/Remote violence","Air/drone strike",2,3,"6,121","Political violence",14.651,46.620
2026-01-17,"Middle East",Yemen,Shabwah,"Explosions/Remote violence","Remote explosive/landmine/IED",1,0,0,"Political violence",14.651,46.620
2026-01-17,"Middle East",Yemen,Shabwah,"Strategic developments","Disrupted weapons use",1,0,0,"Strategic developments",14.651,46.620
2026-01-17,"Middle East",Yemen,Shabwah,"Strategic developments",Arrests,1,0,0,"Strategic developments",14.651,46.620
2026-01-17,"Middle East",Yemen,Shabwah,"Strategic developments","Looting/property destruction",1,0,0,"Strategic developments",14.651,46.620
2026-01-17,"Middle East",Yemen,Shabwah,Battles,"Armed clash",1,0,"6,783","Political violence",14.651,46.620
2026-01-17,"Middle East",Yemen,Shabwah,"Violence against civilians","Abduction/forced disappearance",1,0,"27,414","Political violence",14.651,46.620
2026-01-17,"Middle East",Yemen,Taizz,Battles,"Armed clash",3,3,"107,168","Political violence",13.295,43.786
2026-01-17,"Middle East",Yemen,Taizz,"Strategic developments","Disrupted weapons use",1,0,0,"Strategic developments",13.295,43.786
2026-01-17,"Middle East",Yemen,Taizz,"Violence against civilians","Abduction/forced disappearance",1,0,"45,166","Political violence",13.295,43.786
2026-01-17,"Middle East",Yemen,Taizz,Protests,"Peaceful protest",3,0,"51,056",Demonstrations,13.295,43.786
2026-01-17,"Middle East",Yemen,Taizz,"Strategic developments",Other,1,0,0,"Strategic developments",13.295,43.786
2026-01-24,"International Waters","Indian Ocean","North Indian Ocean","Strategic developments","Change to group/activity",1,0,0,"Strategic developments",13.728,70.473
2026-01-24,"Middle East",Yemen,Abyan,"Strategic developments","Disrupted weapons use",1,0,0,"Strategic developments",13.627,46.228
2026-01-24,"Middle East",Yemen,Abyan,"Strategic developments",Other,1,0,0,"Strategic developments",13.627,46.228
2026-01-24,"Middle East",Yemen,"Ad Dali","Explosions/Remote violence","Shelling/artillery/missile attack",1,0,"2,146","Political violence",13.894,44.783
2026-01-24,"Middle East",Yemen,"Ad Dali",Battles,"Armed clash",4,10,"11,579","Political violence",13.894,44.783
2026-01-24,"Middle East",Yemen,"Ad Dali","Violence against civilians",Attack,1,0,"16,055","Political violence",13.894,44.783
2026-01-24,"Middle East",Yemen,"Ad Dali","Strategic developments","Change to group/activity",1,0,0,"Strategic developments",13.894,44.783
2026-01-24,"Middle East",Yemen,"Ad Dali",Protests,"Peaceful protest",1,0,"28,856",Demonstrations,13.894,44.783
2026-01-24,"Middle East",Yemen,Aden,"Strategic developments","Non-violent transfer of territory",2,0,0,"Strategic developments",12.806,44.788
2026-01-24,"Middle East",Yemen,Aden,"Strategic developments",Other,1,0,0,"Strategic developments",12.806,44.788
2026-01-24,"Middle East",Yemen,Aden,Protests,"Peaceful protest",2,0,"25,838",Demonstrations,12.806,44.788
2026-01-24,"Middle East",Yemen,Aden,"Strategic developments","Change to group/activity",1,0,0,"Strategic developments",12.806,44.788
2026-01-24,"Middle East",Yemen,"Al Bayda","Strategic developments","Change to group/activity",2,0,0,"Strategic developments",14.326,45.216
2026-01-24,"Middle East",Yemen,"Al Bayda","Violence against civilians",Attack,1,0,"55,179","Political violence",14.326,45.216
2026-01-24,"Middle East",Yemen,"Al Bayda",Battles,"Armed clash",1,0,"15,613","Political violence",14.326,45.216
2026-01-24,"Middle East",Yemen,"Al Hudaydah",Protests,"Peaceful protest",3,0,"63,521",Demonstrations,14.779,43.218
2026-01-24,"Middle East",Yemen,"Al Hudaydah","Explosions/Remote violence","Air/drone strike",1,1,"40,932","Political violence",14.779,43.218
2026-01-24,"Middle East",Yemen,"Al Mahrah","Explosions/Remote violence","Air/drone strike",1,1,"45,304","Political violence",17.057,51.824
2026-01-24,"Middle East",Yemen,"Al Mahrah","Strategic developments","Non-violent transfer of territory",1,0,0,"Strategic developments",17.057,51.824
2026-01-24,"Middle East",Yemen,"Al Mahwit",Protests,"Peaceful protest",1,0,"25,052",Demonstrations,15.308,43.499
2026-01-24,"Middle East",Yemen,"Amanat al Asimah","Violence against civilians","Abduction/forced disappearance",1,0,"61,697","Political violence",15.420,44.192
2026-01-24,"Middle East",Yemen,"Amanat al Asimah",Protests,"Peaceful protest",2,0,"53,064",Demonstrations,15.420,44.192
2026-01-24,"Middle East",Yemen,"Amanat al Asimah","Strategic developments","Looting/property destruction",2,0,0,"Strategic developments",15.420,44.192
2026-01-24,"Middle East",Yemen,"Amanat al Asimah","Strategic developments","Change to group/activity",1,0,0,"Strategic developments",15.420,44.192
2026-01-24,"Middle East",Yemen,Amran,Battles,"Armed clash",4,5,"3,997","Political violence",16.116,43.941
2026-01-24,"Middle East",Yemen,Amran,"Violence against civilians",Attack,1,1,"3,817","Political violence",16.116,43.941
2026-01-24,"Middle East",Yemen,Dhamar,"Strategic developments",Arrests,1,0,0,"Strategic developments",14.540,44.306
2026-01-24,"Middle East",Yemen,Hadramawt,Protests,"Peaceful protest",2,0,"40,720",Demonstrations,16.529,48.627
2026-01-24,"Middle East",Yemen,Hadramawt,Battles,"Armed clash",2,1,"105,214","Political violence",16.529,48.627
2026-01-24,"Middle East",Yemen,Hadramawt,"Strategic developments","Non-violent transfer of territory",7,0,0,"Strategic developments",16.529,48.627
2026-01-24,"Middle East",Yemen,Hajjah,"Strategic developments","Change to group/activity",1,0,0,"Strategic developments",16.094,43.204
2026-01-24,"Middle East",Yemen,Hajjah,Protests,"Peaceful protest",8,0,"29,180",Demonstrations,16.094,43.204
2026-01-24,"Middle East",Yemen,Ibb,"Violence against civilians","Abduction/forced disappearance",1,0,"24,851","Political violence",14.088,44.175
2026-01-24,"Middle East",Yemen,Ibb,"Strategic developments","Looting/property destruction",2,0,0,"Strategic developments",14.088,44.175
2026-01-24,"Middle East",Yemen,Ibb,Protests,"Peaceful protest",1,0,"14,444",Demonstrations,14.088,44.175
2026-01-24,"Middle East",Yemen,Ibb,"Violence against civilians",Attack,1,0,"24,851","Political violence",14.088,44.175
2026-01-24,"Middle East",Yemen,Lahij,Battles,"Armed clash",2,1,"1,509","Political violence",13.320,44.762
2026-01-24,"Middle East",Yemen,Marib,Protests,"Peaceful protest",1,0,"15,958",Demonstrations,15.333,45.452
2026-01-24,"Middle East",Yemen,Marib,"Explosions/Remote violence","Air/drone strike",1,3,"2,427","Political violence",15.333,45.452
2026-01-24,"Middle East",Yemen,Marib,"Strategic developments","Change to group/activity",1,0,0,"Strategic developments",15.333,45.452
2026-01-24,"Middle East",Yemen,Marib,"Violence against civilians",Attack,1,1,"22,127","Political violence",15.333,45.452
2026-01-24,"Middle East",Yemen,Raymah,Protests,"Peaceful protest",1,0,"3,103",Demonstrations,14.657,43.687
2026-01-24,"Middle East",Yemen,Sadah,"Violence against civilians",Attack,7,2,"55,680","Political violence",17.088,44.042
2026-01-24,"Middle East",Yemen,Sadah,"Explosions/Remote violence","Shelling/artillery/missile attack",2,0,"22,095","Political violence",17.088,44.042
2026-01-24,"Middle East",Yemen,Sanaa,"Strategic developments","Looting/property destruction",1,0,0,"Strategic developments",15.393,44.475
2026-01-24,"Middle East",Yemen,Shabwah,Protests,"Peaceful protest",1,0,"5,305",Demonstrations,14.651,46.620
2026-01-24,"Middle East",Yemen,Shabwah,Battles,"Armed clash",2,0,"46,119","Political violence",14.651,46.620
2026-01-24,"Middle East",Yemen,Shabwah,"Strategic developments",Arrests,1,0,0,"Strategic developments",14.651,46.620
2026-01-24,"Middle East",Yemen,Suqutra,"Violence against civilians","Abduction/forced disappearance",1,0,"55,657","Political violence",12.508,53.893
2026-01-24,"Middle East",Yemen,Taizz,Battles,"Armed clash",4,5,"117,941","Political violence",13.295,43.786
2026-01-24,"Middle East",Yemen,Taizz,Protests,"Peaceful protest",1,0,"15,952",Demonstrations,13.295,43.786
2026-01-24,"Middle East",Yemen,Taizz,"Violence against civilians",Attack,2,2,"25,579","Political violence",13.295,43.786
2026-01-24,"Middle East",Yemen,Taizz,"Explosions/Remote violence","Shelling/artillery/missile attack",1,2,"70,980","Political violence",13.295,43.786
2026-01-31,"International Waters","Indian Ocean","North Indian Ocean","Strategic developments","Disrupted weapons use",1,0,0,"Strategic developments",13.728,70.473
2026-01-31,"Middle East",Yemen,Abyan,"Strategic developments",Arrests,1,0,0,"Strategic developments",13.627,46.228
2026-01-31,"Middle East",Yemen,Abyan,"Strategic developments","Change to group/activity",1,0,0,"Strategic developments",13.627,46.228
2026-01-31,"Middle East",Yemen,Abyan,Battles,"Armed clash",1,0,"18,785","Political violence",13.627,46.228
2026-01-31,"Middle East",Yemen,Abyan,"Violence against civilians",Attack,1,0,"47,557","Political violence",13.627,46.228
2026-01-31,"Middle East",Yemen,"Ad Dali",Battles,"Armed clash",6,5,"24,649","Political violence",13.894,44.783
2026-01-31,"Middle East",Yemen,"Ad Dali","Explosions/Remote violence","Air/drone strike",1,1,"6,290","Political violence",13.894,44.783
2026-01-31,"Middle East",Yemen,"Ad Dali",Protests,"Peaceful protest",4,0,"81,547",Demonstrations,13.894,44.783
2026-01-31,"Middle East",Yemen,Aden,"Strategic developments","Non-violent transfer of territory",2,0,0,"Strategic developments",12.806,44.788
2026-01-31,"Middle East",Yemen,Aden,Protests,"Peaceful protest",5,0,"81,041",Demonstrations,12.806,44.788
2026-01-31,"Middle East",Yemen,Aden,"Strategic developments","Change to group/activity",4,0,0,"Strategic developments",12.806,44.788
2026-01-31,"Middle East",Yemen,Aden,"Strategic developments",Other,1,0,0,"Strategic developments",12.806,44.788
2026-01-31,"Middle East",Yemen,Aden,Riots,"Mob violence",1,0,"23,589","Political violence",12.806,44.788
2026-01-31,"Middle East",Yemen,Aden,"Violence against civilians",Attack,1,0,"14,154","Political violence",12.806,44.788
2026-01-31,"Middle East",Yemen,"Al Bayda",Battles,"Armed clash",2,1,"30,491","Political violence",14.326,45.216
2026-01-31,"Middle East",Yemen,"Al Bayda",Protests,"Peaceful protest",1,0,"43,537",Demonstrations,14.326,45.216
2026-01-31,"Middle East",Yemen,"Al Bayda","Violence against civilians",Attack,1,1,"19,265","Political violence",14.326,45.216
2026-01-31,"Middle East",Yemen,"Al Hudaydah","Explosions/Remote violence","Remote explosive/landmine/IED",2,3,"4,101","Political violence",14.779,43.218
2026-01-31,"Middle East",Yemen,"Al Hudaydah",Protests,"Peaceful protest",3,0,"82,953",Demonstrations,14.779,43.218
2026-01-31,"Middle East",Yemen,"Al Jawf",Battles,"Armed clash",2,0,0,"Political violence",16.596,45.599
2026-01-31,"Middle East",Yemen,"Al Jawf","Violence against civilians",Attack,1,1,"17,575","Political violence",16.596,45.599
2026-01-31,"Middle East",Yemen,"Al Jawf",Protests,"Peaceful protest",1,0,"13,003",Demonstrations,16.596,45.599
2026-01-31,"Middle East",Yemen,"Al Mahrah",Protests,"Peaceful protest",1,0,"13,481",Demonstrations,17.057,51.824
2026-01-31,"Middle East",Yemen,"Al Mahwit",Protests,"Peaceful protest",10,0,"111,128",Demonstrations,15.308,43.499
2026-01-31,"Middle East",Yemen,"Amanat al Asimah",Protests,"Peaceful protest",4,0,"131,216",Demonstrations,15.420,44.192
2026-01-31,"Middle East",Yemen,"Amanat al Asimah","Strategic developments","Looting/property destruction",1,0,0,"Strategic developments",15.420,44.192
2026-01-31,"Middle East",Yemen,"Amanat al Asimah","Violence against civilians","Abduction/forced disappearance",3,0,"61,697","Political violence",15.420,44.192
2026-01-31,"Middle East",Yemen,"Amanat al Asimah","Strategic developments","Change to group/activity",1,0,0,"Strategic developments",15.420,44.192
2026-01-31,"Middle East",Yemen,Amran,"Violence against civilians","Abduction/forced disappearance",1,0,"27,775","Political violence",16.116,43.941
2026-01-31,"Middle East",Yemen,Amran,Battles,"Armed clash",2,1,"53,885","Political violence",16.116,43.941
2026-01-31,"Middle East",Yemen,Amran,Protests,"Peaceful protest",2,0,"49,593",Demonstrations,16.116,43.941
2026-01-31,"Middle East",Yemen,Dhamar,Battles,"Armed clash",1,1,"8,060","Political violence",14.540,44.306
2026-01-31,"Middle East",Yemen,Dhamar,Protests,"Peaceful protest",1,0,"57,572",Demonstrations,14.540,44.306
2026-01-31,"Middle East",Yemen,Hadramawt,"Strategic developments","Change to group/activity",2,0,0,"Strategic developments",16.529,48.627
2026-01-31,"Middle East",Yemen,Hadramawt,Protests,"Peaceful protest",7,0,"42,486",Demonstrations,16.529,48.627
2026-01-31,"Middle East",Yemen,Hadramawt,"Strategic developments",Other,1,0,0,"Strategic developments",16.529,48.627
2026-01-31,"Middle East",Yemen,Hadramawt,"Strategic developments","Looting/property destruction",1,0,0,"Strategic developments",16.529,48.627
2026-01-31,"Middle East",Yemen,Hadramawt,Protests,"Excessive force against protesters",1,0,"2,312","Political violence; Demonstrations",16.529,48.627
2026-01-31,"Middle East",Yemen,Hadramawt,"Strategic developments","Non-violent transfer of territory",1,0,0,"Strategic developments",16.529,48.627
2026-01-31,"Middle East",Yemen,Hajjah,Protests,"Peaceful protest",17,0,"111,614",Demonstrations,16.094,43.204
2026-01-31,"Middle East",Yemen,Ibb,Protests,"Peaceful protest",3,0,"35,324",Demonstrations,14.088,44.175
2026-01-31,"Middle East",Yemen,Lahij,Battles,"Armed clash",4,0,"18,183","Political violence",13.320,44.762
2026-01-31,"Middle East",Yemen,Lahij,"Explosions/Remote violence","Shelling/artillery/missile attack",1,0,"4,923","Political violence",13.320,44.762
2026-01-31,"Middle East",Yemen,Lahij,Protests,"Peaceful protest",2,0,"15,654",Demonstrations,13.320,44.762
2026-01-31,"Middle East",Yemen,Lahij,Protests,"Excessive force against protesters",1,0,"1,667","Political violence; Demonstrations",13.320,44.762
2026-01-31,"Middle East",Yemen,Marib,Battles,"Armed clash",1,0,"10,355","Political violence",15.333,45.452
2026-01-31,"Middle East",Yemen,Marib,"Explosions/Remote violence","Air/drone strike",1,4,"1,614","Political violence",15.333,45.452
2026-01-31,"Middle East",Yemen,Marib,Protests,"Peaceful protest",14,0,"21,484",Demonstrations,15.333,45.452
2026-01-31,"Middle East",Yemen,Raymah,Protests,"Peaceful protest",6,0,"25,231",Demonstrations,14.657,43.687
2026-01-31,"Middle East",Yemen,Sadah,"Explosions/Remote violence","Shelling/artillery/missile attack",1,0,"15,977","Political violence",17.088,44.042
2026-01-31,"Middle East",Yemen,Sadah,Protests,"Peaceful protest",2,0,"38,460",Demonstrations,17.088,44.042
2026-01-31,"Middle East",Yemen,Sadah,"Violence against civilians",Attack,6,2,"26,233","Political violence",17.088,44.042
2026-01-31,"Middle East",Yemen,Sanaa,Battles,"Armed clash",1,2,"10,061","Political violence",15.393,44.475
2026-01-31,"Middle East",Yemen,Sanaa,"Violence against civilians","Abduction/forced disappearance",1,0,"9,756","Political violence",15.393,44.475
2026-01-31,"Middle East",Yemen,Shabwah,Protests,"Peaceful protest",1,0,"14,116",Demonstrations,14.651,46.620
2026-01-31,"Middle East",Yemen,Shabwah,"Strategic developments",Arrests,1,0,0,"Strategic developments",14.651,46.620
2026-01-31,"Middle East",Yemen,Shabwah,"Explosions/Remote violence","Remote explosive/landmine/IED",1,1,0,"Political violence",14.651,46.620
2026-01-31,"Middle East",Yemen,Taizz,"Violence against civilians",Attack,3,1,"9,652","Political violence",13.295,43.786
2026-01-31,"Middle East",Yemen,Taizz,Battles,"Armed clash",6,36,"136,503","Political violence",13.295,43.786
2026-01-31,"Middle East",Yemen,Taizz,"Violence against civilians","Abduction/forced disappearance",1,0,"45,166","Political violence",13.295,43.786
2026-01-31,"Middle East",Yemen,Taizz,"Explosions/Remote violence","Shelling/artillery/missile attack",3,3,"28,040","Political violence",13.295,43.786
2026-01-31,"Middle East",Yemen,Taizz,Protests,"Peaceful protest",16,0,"235,562",Demonstrations,13.295,43.786
2026-01-31,"Middle East",Yemen,Taizz,"Explosions/Remote violence",Grenade,1,0,"20,750","Political violence",13.295,43.786
2026-01-31,"Middle East",Yemen,Taizz,"Explosions/Remote violence","Remote explosive/landmine/IED",1,1,"4,243","Political violence",13.295,43.786
2026-02-07,"Middle East",Yemen,Abyan,"Strategic developments","Change to group/activity",1,0,0,"Strategic developments",13.627,46.228
2026-02-07,"Middle East",Yemen,Abyan,Battles,"Armed clash",1,0,570,"Political violence",13.627,46.228
2026-02-07,"Middle East",Yemen,"Ad Dali",Protests,"Peaceful protest",1,0,"28,856",Demonstrations,13.894,44.783
2026-02-07,"Middle East",Yemen,"Ad Dali",Battles,"Armed clash",1,0,"2,146","Political violence",13.894,44.783
2026-02-07,"Middle East",Yemen,Aden,"Strategic developments","Change to group/activity",2,0,0,"Strategic developments",12.806,44.788
2026-02-07,"Middle East",Yemen,Aden,Protests,"Peaceful protest",6,0,"53,414",Demonstrations,12.806,44.788
2026-02-07,"Middle East",Yemen,"Al Bayda",Protests,"Peaceful protest",1,0,"43,537",Demonstrations,14.326,45.216
2026-02-07,"Middle East",Yemen,"Al Bayda","Violence against civilians",Attack,1,1,"147,484","Political violence",14.326,45.216
2026-02-07,"Middle East",Yemen,"Al Bayda",Battles,"Armed clash",3,0,"15,613","Political violence",14.326,45.216
2026-02-07,"Middle East",Yemen,"Al Bayda","Strategic developments","Change to group/activity",1,0,0,"Strategic developments",14.326,45.216
2026-02-07,"Middle East",Yemen,"Al Hudaydah","Strategic developments","Change to group/activity",1,0,0,"Strategic developments",14.779,43.218
2026-02-07,"Middle East",Yemen,"Al Hudaydah",Battles,"Armed clash",1,0,"1,505","Political violence",14.779,43.218
2026-02-07,"Middle East",Yemen,"Al Hudaydah","Explosions/Remote violence","Remote explosive/landmine/IED",1,0,"2,502","Political violence",14.779,43.218
2026-02-07,"Middle East",Yemen,"Al Hudaydah","Violence against civilians","Abduction/forced disappearance",1,0,"55,576","Political violence",14.779,43.218
2026-02-07,"Middle East",Yemen,"Al Hudaydah",Protests,"Peaceful protest",2,0,"53,913",Demonstrations,14.779,43.218
2026-02-07,"Middle East",Yemen,"Al Jawf","Violence against civilians",Attack,1,2,42,"Political violence",16.596,45.599
2026-02-07,"Middle East",Yemen,"Al Jawf",Battles,"Armed clash",4,1,0,"Political violence",16.596,45.599
2026-02-07,"Middle East",Yemen,"Al Mahrah",Protests,"Peaceful protest",1,0,"17,285",Demonstrations,17.057,51.824
2026-02-07,"Middle East",Yemen,"Al Mahrah","Explosions/Remote violence","Air/drone strike",1,1,"8,528","Political violence",17.057,51.824
2026-02-07,"Middle East",Yemen,"Al Mahwit",Protests,"Peaceful protest",10,0,"111,128",Demonstrations,15.308,43.499
2026-02-07,"Middle East",Yemen,"Al Mahwit","Violence against civilians","Abduction/forced disappearance",1,0,128,"Political violence",15.308,43.499
2026-02-07,"Middle East",Yemen,"Amanat al Asimah",Protests,"Peaceful protest",1,0,"53,064",Demonstrations,15.420,44.192
2026-02-07,"Middle East",Yemen,"Amanat al Asimah","Violence against civilians",Attack,1,0,"10,934","Political violence",15.420,44.192
2026-02-07,"Middle East",Yemen,"Amanat al Asimah","Strategic developments","Looting/property destruction",1,0,0,"Strategic developments",15.420,44.192
2026-02-07,"Middle East",Yemen,Amran,"Violence against civilians",Attack,2,1,"34,361","Political violence",16.116,43.941
2026-02-07,"Middle East",Yemen,Amran,"Violence against civilians","Abduction/forced disappearance",1,0,"2,629","Political violence",16.116,43.941
2026-02-07,"Middle East",Yemen,Amran,Protests,"Peaceful protest",2,0,"50,466",Demonstrations,16.116,43.941
2026-02-07,"Middle East",Yemen,Dhamar,Protests,"Peaceful protest",1,0,"9,218",Demonstrations,14.540,44.306
2026-02-07,"Middle East",Yemen,Dhamar,"Violence against civilians","Abduction/forced disappearance",1,0,"2,830","Political violence",14.540,44.306
2026-02-07,"Middle East",Yemen,Hadramawt,"Violence against civilians","Abduction/forced disappearance",3,0,"108,711","Political violence",16.529,48.627
2026-02-07,"Middle East",Yemen,Hadramawt,"Strategic developments","Change to group/activity",1,0,0,"Strategic developments",16.529,48.627
2026-02-07,"Middle East",Yemen,Hadramawt,Protests,"Peaceful protest",2,0,"18,966",Demonstrations,16.529,48.627
2026-02-07,"Middle East",Yemen,Hadramawt,"Strategic developments",Other,1,0,0,"Strategic developments",16.529,48.627
2026-02-07,"Middle East",Yemen,Hajjah,Protests,"Peaceful protest",6,0,"35,960",Demonstrations,16.094,43.204
2026-02-07,"Middle East",Yemen,Ibb,Protests,"Peaceful protest",18,0,"332,350",Demonstrations,14.088,44.175
2026-02-07,"Middle East",Yemen,Ibb,"Violence against civilians",Attack,1,1,"26,165","Political violence",14.088,44.175
2026-02-07,"Middle East",Yemen,Lahij,Protests,"Peaceful protest",2,0,"49,380",Demonstrations,13.320,44.762
2026-02-07,"Middle East",Yemen,Lahij,Battles,"Armed clash",2,0,"2,250","Political violence",13.320,44.762
2026-02-07,"Middle East",Yemen,Lahij,"Strategic developments","Change to group/activity",1,0,0,"Strategic developments",13.320,44.762
2026-02-07,"Middle East",Yemen,Marib,Protests,"Peaceful protest",1,0,"15,958",Demonstrations,15.333,45.452
2026-02-07,"Middle East",Yemen,Marib,Battles,"Armed clash",1,1,24,"Political violence",15.333,45.452
2026-02-07,"Middle East",Yemen,Raymah,Protests,"Peaceful protest",6,0,"25,231",Demonstrations,14.657,43.687
2026-02-07,"Middle East",Yemen,Sadah,Protests,"Peaceful protest",16,0,"172,612",Demonstrations,17.088,44.042
2026-02-07,"Middle East",Yemen,Sanaa,"Strategic developments",Other,1,0,0,"Strategic developments",15.393,44.475
2026-02-07,"Middle East",Yemen,Shabwah,"Explosions/Remote violence","Air/drone strike",1,1,"2,018","Political violence",14.651,46.620
2026-02-07,"Middle East",Yemen,Shabwah,"Strategic developments","Looting/property destruction",1,0,0,"Strategic developments",14.651,46.620
2026-02-07,"Middle East",Yemen,Shabwah,"Strategic developments",Arrests,5,0,0,"Strategic developments",14.651,46.620
2026-02-07,"Middle East",Yemen,Shabwah,Battles,"Armed clash",1,4,"39,608","Political violence",14.651,46.620
2026-02-07,"Middle East",Yemen,Suqutra,Protests,"Peaceful protest",1,0,"40,973",Demonstrations,12.508,53.893
2026-02-07,"Middle East",Yemen,Taizz,Protests,"Peaceful protest",1,0,"5,743",Demonstrations,13.295,43.786
2026-02-07,"Middle East",Yemen,Taizz,"Strategic developments","Change to group/activity",1,0,0,"Strategic developments",13.295,43.786
2026-02-07,"Middle East",Yemen,Taizz,"Explosions/Remote violence","Remote explosive/landmine/IED",1,0,"4,933","Political violence",13.295,43.786
2026-02-07,"Middle East",Yemen,Taizz,"Violence against civilians",Attack,1,0,"16,639","Political violence",13.295,43.786
2026-02-07,"Middle East",Yemen,Taizz,"Explosions/Remote violence","Shelling/artillery/missile attack",1,0,"28,260","Political violence",13.295,43.786
2026-02-07,"Middle East",Yemen,Taizz,"Explosions/Remote violence","Air/drone strike",1,0,"31,345","Political violence",13.295,43.786
2026-02-07,"Middle East",Yemen,Taizz,"Strategic developments","Looting/property destruction",1,0,0,"Strategic developments",13.295,43.786
2026-02-07,"Middle East",Yemen,Taizz,Battles,"Armed clash",1,0,"22,413","Political violence",13.295,43.786
2026-02-07,"Middle East",Yemen,Taizz,"Violence against civilians","Abduction/forced disappearance",1,0,"45,166","Political violence",13.295,43.786
2026-02-14,"International Waters","Indian Ocean","North Indian Ocean","Strategic developments",Other,1,0,0,"Strategic developments",13.728,70.473
2026-02-14,"Middle East",Yemen,Abyan,"Strategic developments","Change to group/activity",3,0,0,"Strategic developments",13.627,46.228
2026-02-14,"Middle East",Yemen,Abyan,Protests,"Peaceful protest",1,0,"18,409",Demonstrations,13.627,46.228
2026-02-14,"Middle East",Yemen,Abyan,Battles,"Armed clash",2,2,"24,597","Political violence",13.627,46.228
2026-02-14,"Middle East",Yemen,Abyan,"Strategic developments",Other,1,0,0,"Strategic developments",13.627,46.228
2026-02-14,"Middle East",Yemen,Abyan,"Strategic developments","Non-violent transfer of territory",1,0,0,"Strategic developments",13.627,46.228
2026-02-14,"Middle East",Yemen,"Ad Dali","Explosions/Remote violence","Shelling/artillery/missile attack",1,10,"1,705","Political violence",13.894,44.783
2026-02-14,"Middle East",Yemen,"Ad Dali",Protests,"Peaceful protest",1,0,"26,437",Demonstrations,13.894,44.783
2026-02-14,"Middle East",Yemen,"Ad Dali",Battles,"Armed clash",3,1,"3,851","Political violence",13.894,44.783
2026-02-14,"Middle East",Yemen,Aden,Protests,"Peaceful protest",4,0,"68,092",Demonstrations,12.806,44.788
2026-02-14,"Middle East",Yemen,Aden,Riots,"Violent demonstration",1,1,590,Demonstrations,12.806,44.788
2026-02-14,"Middle East",Yemen,Aden,"Strategic developments","Change to group/activity",6,0,0,"Strategic developments",12.806,44.788
2026-02-14,"Middle East",Yemen,Aden,"Strategic developments",Arrests,1,0,0,"Strategic developments",12.806,44.788
2026-02-14,"Middle East",Yemen,"Al Bayda","Violence against civilians","Abduction/forced disappearance",1,0,"4,644","Political violence",14.326,45.216
2026-02-14,"Middle East",Yemen,"Al Bayda",Battles,"Armed clash",3,4,"163,097","Political violence",14.326,45.216
2026-02-14,"Middle East",Yemen,"Al Bayda","Strategic developments","Change to group/activity",2,0,0,"Strategic developments",14.326,45.216
2026-02-14,"Middle East",Yemen,"Al Hudaydah","Explosions/Remote violence","Remote explosive/landmine/IED",1,1,"16,431","Political violence",14.779,43.218
2026-02-14,"Middle East",Yemen,"Al Hudaydah",Protests,"Peaceful protest",1,0,"53,913",Demonstrations,14.779,43.218
2026-02-14,"Middle East",Yemen,"Al Hudaydah","Explosions/Remote violence","Air/drone strike",2,2,"1,505","Political violence",14.779,43.218
2026-02-14,"Middle East",Yemen,"Al Hudaydah",Battles,"Armed clash",1,0,"2,618","Political violence",14.779,43.218
2026-02-14,"Middle East",Yemen,"Al Hudaydah","Strategic developments","Change to group/activity",1,0,0,"Strategic developments",14.779,43.218
2026-02-14,"Middle East",Yemen,"Al Jawf",Battles,"Armed clash",1,5,"11,153","Political violence",16.596,45.599
2026-02-14,"Middle East",Yemen,"Al Jawf","Strategic developments","Change to group/activity",1,0,0,"Strategic developments",16.596,45.599
2026-02-14,"Middle East",Yemen,"Al Mahrah","Strategic developments",Other,1,0,0,"Strategic developments",17.057,51.824
2026-02-14,"Middle East",Yemen,"Al Mahwit",Battles,"Armed clash",1,1,"1,881","Political violence",15.308,43.499
2026-02-14,"Middle East",Yemen,"Al Mahwit","Violence against civilians",Attack,2,1,"35,745","Political violence",15.308,43.499
2026-02-14,"Middle East",Yemen,"Amanat al Asimah","Violence against civilians","Abduction/forced disappearance",3,0,"93,331","Political violence",15.420,44.192
2026-02-14,"Middle East",Yemen,"Amanat al Asimah",Protests,"Peaceful protest",1,0,"53,064",Demonstrations,15.420,44.192
2026-02-14,"Middle East",Yemen,"Amanat al Asimah","Strategic developments",Other,1,0,0,"Strategic developments",15.420,44.192
2026-02-14,"Middle East",Yemen,Dhamar,"Strategic developments",Other,1,0,0,"Strategic developments",14.540,44.306
2026-02-14,"Middle East",Yemen,Hadramawt,"Strategic developments","Disrupted weapons use",2,0,0,"Strategic developments",16.529,48.627
2026-02-14,"Middle East",Yemen,Hadramawt,"Strategic developments","Change to group/activity",1,0,0,"Strategic developments",16.529,48.627
2026-02-14,"Middle East",Yemen,Hadramawt,Protests,"Peaceful protest",2,0,"14,286",Demonstrations,16.529,48.627
2026-02-14,"Middle East",Yemen,Hadramawt,"Strategic developments",Other,1,0,0,"Strategic developments",16.529,48.627
2026-02-14,"Middle East",Yemen,Hajjah,Protests,"Peaceful protest",2,0,"19,317",Demonstrations,16.094,43.204
2026-02-14,"Middle East",Yemen,Ibb,Protests,"Peaceful protest",2,0,"14,444",Demonstrations,14.088,44.175
2026-02-14,"Middle East",Yemen,Ibb,"Violence against civilians",Attack,1,0,"13,697","Political violence",14.088,44.175
2026-02-14,"Middle East",Yemen,Lahij,"Strategic developments","Change to group/activity",2,0,0,"Strategic developments",13.320,44.762
2026-02-14,"Middle East",Yemen,Lahij,"Strategic developments",Arrests,1,0,0,"Strategic developments",13.320,44.762
2026-02-14,"Middle East",Yemen,Marib,"Violence against civilians",Attack,1,1,"22,127","Political violence",15.333,45.452
2026-02-14,"Middle East",Yemen,Marib,"Strategic developments","Change to group/activity",2,0,0,"Strategic developments",15.333,45.452
2026-02-14,"Middle East",Yemen,Marib,"Strategic developments",Other,1,0,0,"Strategic developments",15.333,45.452
2026-02-14,"Middle East",Yemen,Marib,"Explosions/Remote violence","Air/drone strike",1,0,"45,593","Political violence",15.333,45.452
2026-02-14,"Middle East",Yemen,Sadah,"Explosions/Remote violence","Shelling/artillery/missile attack",2,0,"22,095","Political violence",17.088,44.042
2026-02-14,"Middle East",Yemen,Sadah,"Explosions/Remote violence","Remote explosive/landmine/IED",1,1,"5,245","Political violence",17.088,44.042
2026-02-14,"Middle East",Yemen,Sadah,Protests,"Peaceful protest",3,0,"39,134",Demonstrations,17.088,44.042
2026-02-14,"Middle East",Yemen,Sanaa,"Strategic developments","Change to group/activity",1,0,0,"Strategic developments",15.393,44.475
2026-02-14,"Middle East",Yemen,Sanaa,"Violence against civilians",Attack,1,0,"9,756","Political violence",15.393,44.475
2026-02-14,"Middle East",Yemen,Shabwah,"Strategic developments",Arrests,2,0,0,"Strategic developments",14.651,46.620
2026-02-14,"Middle East",Yemen,Shabwah,"Strategic developments","Non-violent transfer of territory",1,0,0,"Strategic developments",14.651,46.620
2026-02-14,"Middle East",Yemen,Shabwah,"Strategic developments","Change to group/activity",1,0,0,"Strategic developments",14.651,46.620
2026-02-14,"Middle East",Yemen,Taizz,"Violence against civilians",Attack,2,1,"21,041","Political violence",13.295,43.786
2026-02-14,"Middle East",Yemen,Taizz,"Strategic developments","Disrupted weapons use",1,0,0,"Strategic developments",13.295,43.786
2026-02-14,"Middle East",Yemen,Taizz,"Strategic developments","Change to group/activity",1,0,0,"Strategic developments",13.295,43.786
2026-02-14,"Middle East",Yemen,Taizz,Protests,"Peaceful protest",3,0,"47,183",Demonstrations,13.295,43.786
2026-02-21,"Middle East",Yemen,Abyan,Battles,"Armed clash",1,0,"13,908","Political violence",13.627,46.228
2026-02-21,"Middle East",Yemen,Abyan,"Strategic developments","Change to group/activity",1,0,0,"Strategic developments",13.627,46.228
2026-02-21,"Middle East",Yemen,"Ad Dali","Strategic developments","Change to group/activity",1,0,0,"Strategic developments",13.894,44.783
2026-02-21,"Middle East",Yemen,"Ad Dali",Battles,"Armed clash",3,4,"8,919","Political violence",13.894,44.783
2026-02-21,"Middle East",Yemen,Aden,Battles,"Armed clash",1,1,"5,237","Political violence",12.806,44.788
2026-02-21,"Middle East",Yemen,Aden,"Strategic developments","Looting/property destruction",1,0,0,"Strategic developments",12.806,44.788
2026-02-21,"Middle East",Yemen,Aden,"Strategic developments","Change to group/activity",7,0,0,"Strategic developments",12.806,44.788
2026-02-21,"Middle East",Yemen,Aden,Protests,"Peaceful protest",3,0,"35,114",Demonstrations,12.806,44.788
2026-02-21,"Middle East",Yemen,Aden,"Strategic developments","Non-violent transfer of territory",1,0,0,"Strategic developments",12.806,44.788
2026-02-21,"Middle East",Yemen,Aden,"Strategic developments",Other,4,0,0,"Strategic developments",12.806,44.788
2026-02-21,"Middle East",Yemen,"Al Bayda","Explosions/Remote violence","Air/drone strike",1,0,"15,613","Political violence",14.326,45.216
2026-02-21,"Middle East",Yemen,"Al Hudaydah",Battles,"Armed clash",5,19,"79,341","Political violence",14.779,43.218
2026-02-21,"Middle East",Yemen,"Al Hudaydah","Strategic developments","Change to group/activity",2,0,0,"Strategic developments",14.779,43.218
2026-02-21,"Middle East",Yemen,"Al Hudaydah",Protests,"Peaceful protest",1,0,"53,913",Demonstrations,14.779,43.218
2026-02-21,"Middle East",Yemen,"Al Hudaydah","Explosions/Remote violence","Remote explosive/landmine/IED",2,1,"90,297","Political violence",14.779,43.218
2026-02-21,"Middle East",Yemen,"Al Jawf",Battles,"Armed clash",1,0,"20,002","Political violence",16.596,45.599
2026-02-21,"Middle East",Yemen,"Al Jawf",Protests,"Peaceful protest",1,0,"13,003",Demonstrations,16.596,45.599
2026-02-21,"Middle East",Yemen,"Al Mahrah","Strategic developments","Change to group/activity",1,0,0,"Strategic developments",17.057,51.824
2026-02-21,"Middle East",Yemen,"Al Mahwit",Protests,"Peaceful protest",9,0,"111,128",Demonstrations,15.308,43.499
2026-02-21,"Middle East",Yemen,"Amanat al Asimah","Violence against civilians","Abduction/forced disappearance",1,0,"31,634","Political violence",15.420,44.192
2026-02-21,"Middle East",Yemen,"Amanat al Asimah",Protests,"Peaceful protest",1,0,"53,064",Demonstrations,15.420,44.192
2026-02-21,"Middle East",Yemen,"Amanat al Asimah",Protests,"Protest with intervention",1,0,"53,064",Demonstrations,15.420,44.192
2026-02-21,"Middle East",Yemen,"Amanat al Asimah",Battles,"Armed clash",1,10,"72,975","Political violence",15.420,44.192
2026-02-21,"Middle East",Yemen,"Amanat al Asimah","Strategic developments",Other,1,0,0,"Strategic developments",15.420,44.192
2026-02-21,"Middle East",Yemen,Dhamar,Protests,"Peaceful protest",1,0,"57,572",Demonstrations,14.540,44.306
2026-02-21,"Middle East",Yemen,Hadramawt,"Explosions/Remote violence","Remote explosive/landmine/IED",1,0,"39,432","Political violence",16.529,48.627
2026-02-21,"Middle East",Yemen,Hadramawt,"Strategic developments","Disrupted weapons use",2,0,0,"Strategic developments",16.529,48.627
2026-02-21,"Middle East",Yemen,Hajjah,Protests,"Peaceful protest",2,0,"19,317",Demonstrations,16.094,43.204
2026-02-21,"Middle East",Yemen,Ibb,"Strategic developments","Looting/property destruction",2,0,0,"Strategic developments",14.088,44.175
2026-02-21,"Middle East",Yemen,Ibb,"Explosions/Remote violence","Remote explosive/landmine/IED",1,0,"24,851","Political violence",14.088,44.175
2026-02-21,"Middle East",Yemen,Ibb,Battles,"Armed clash",1,0,"24,851","Political violence",14.088,44.175
2026-02-21,"Middle East",Yemen,Ibb,"Violence against civilians","Abduction/forced disappearance",4,0,"41,005","Political violence",14.088,44.175
2026-02-21,"Middle East",Yemen,Ibb,Protests,"Peaceful protest",1,0,"14,444",Demonstrations,14.088,44.175
2026-02-21,"Middle East",Yemen,Lahij,Battles,"Armed clash",4,0,"2,250","Political violence",13.320,44.762
2026-02-21,"Middle East",Yemen,Lahij,"Explosions/Remote violence","Air/drone strike",1,1,"4,923","Political violence",13.320,44.762
2026-02-21,"Middle East",Yemen,Lahij,"Strategic developments",Other,1,0,0,"Strategic developments",13.320,44.762
2026-02-21,"Middle East",Yemen,Lahij,"Violence against civilians",Attack,1,0,"58,460","Political violence",13.320,44.762
2026-02-21,"Middle East",Yemen,Lahij,"Strategic developments","Disrupted weapons use",1,0,0,"Strategic developments",13.320,44.762
2026-02-21,"Middle East",Yemen,Marib,Protests,"Peaceful protest",1,0,"15,958",Demonstrations,15.333,45.452
2026-02-21,"Middle East",Yemen,Marib,"Strategic developments","Change to group/activity",1,0,0,"Strategic developments",15.333,45.452
2026-02-21,"Middle East",Yemen,Marib,"Strategic developments",Other,3,0,0,"Strategic developments",15.333,45.452
2026-02-21,"Middle East",Yemen,Marib,Battles,"Armed clash",3,4,"4,616","Political violence",15.333,45.452
2026-02-21,"Middle East",Yemen,Raymah,Protests,"Peaceful protest",1,0,"3,103",Demonstrations,14.657,43.687
2026-02-21,"Middle East",Yemen,Sadah,Protests,"Peaceful protest",1,0,"38,460",Demonstrations,17.088,44.042
2026-02-21,"Middle East",Yemen,Sadah,"Strategic developments","Change to group/activity",2,0,0,"Strategic developments",17.088,44.042
2026-02-21,"Middle East",Yemen,Sanaa,Battles,"Armed clash",2,3,"13,807","Political violence",15.393,44.475
2026-02-21,"Middle East",Yemen,Shabwah,"Strategic developments","Change to group/activity",1,0,0,"Strategic developments",14.651,46.620
2026-02-21,"Middle East",Yemen,Taizz,"Strategic developments","Change to group/activity",1,0,0,"Strategic developments",13.295,43.786
2026-02-21,"Middle East",Yemen,Taizz,"Violence against civilians","Abduction/forced disappearance",1,0,"25,918","Political violence",13.295,43.786
2026-02-21,"Middle East",Yemen,Taizz,Battles,"Armed clash",2,1,"6,009","Political violence",13.295,43.786
2026-02-28,"International Waters","Indian Ocean","North Indian Ocean","Explosions/Remote violence","Air/drone strike",1,0,0,"Political violence",13.728,70.473
2026-02-28,"International Waters","Indian Ocean","North Indian Ocean","Strategic developments",Arrests,1,0,0,"Strategic developments",13.728,70.473
2026-02-28,"International Waters","Indian Ocean","North Indian Ocean","Explosions/Remote violence","Shelling/artillery/missile attack",1,0,0,"Political violence",13.728,70.473
2026-02-28,"International Waters","Indian Ocean","North Indian Ocean","Strategic developments","Disrupted weapons use",2,0,0,"Strategic developments",13.728,70.473
2026-02-28,"Middle East",Yemen,Abyan,"Violence against civilians",Attack,2,2,"9,110","Political violence",13.627,46.228
2026-02-28,"Middle East",Yemen,Abyan,"Strategic developments","Change to group/activity",3,0,0,"Strategic developments",13.627,46.228
2026-02-28,"Middle East",Yemen,Abyan,Battles,"Armed clash",1,0,"69,105","Political violence",13.627,46.228
2026-02-28,"Middle East",Yemen,Abyan,"Strategic developments","Disrupted weapons use",1,0,0,"Strategic developments",13.627,46.228
2026-02-28,"Middle East",Yemen,"Ad Dali","Explosions/Remote violence","Shelling/artillery/missile attack",1,3,"1,705","Political violence",13.894,44.783
2026-02-28,"Middle East",Yemen,"Ad Dali",Protests,"Peaceful protest",8,0,"81,547",Demonstrations,13.894,44.783
2026-02-28,"Middle East",Yemen,"Ad Dali",Battles,"Armed clash",3,1,"10,235","Political violence",13.894,44.783
2026-02-28,"Middle East",Yemen,Aden,Protests,"Peaceful protest",8,0,"39,513",Demonstrations,12.806,44.788
2026-02-28,"Middle East",Yemen,Aden,"Strategic developments","Looting/property destruction",1,0,0,"Strategic developments",12.806,44.788
2026-02-28,"Middle East",Yemen,Aden,Battles,"Armed clash",2,1,"17,606","Political violence",12.806,44.788
2026-02-28,"Middle East",Yemen,Aden,Protests,"Protest with intervention",1,0,"22,186",Demonstrations,12.806,44.788
2026-02-28,"Middle East",Yemen,Aden,"Violence against civilians",Attack,1,1,"28,722","Political violence",12.806,44.788
2026-02-28,"Middle East",Yemen,"Al Bayda",Battles,"Armed clash",2,0,"15,613","Political violence",14.326,45.216
2026-02-28,"Middle East",Yemen,"Al Bayda",Protests,"Peaceful protest",2,0,"86,450",Demonstrations,14.326,45.216
2026-02-28,"Middle East",Yemen,"Al Bayda","Violence against civilians",Attack,1,1,"50,713","Political violence",14.326,45.216
2026-02-28,"Middle East",Yemen,"Al Hudaydah","Strategic developments","Change to group/activity",5,0,0,"Strategic developments",14.779,43.218
2026-02-28,"Middle East",Yemen,"Al Hudaydah",Protests,"Peaceful protest",4,0,"53,913",Demonstrations,14.779,43.218
2026-02-28,"Middle East",Yemen,"Al Hudaydah",Battles,"Armed clash",1,0,"16,574","Political violence",14.779,43.218
2026-02-28,"Middle East",Yemen,"Al Jawf","Violence against civilians",Attack,1,2,"9,377","Political violence",16.596,45.599
2026-02-28,"Middle East",Yemen,"Al Jawf","Explosions/Remote violence","Remote explosive/landmine/IED",1,2,"17,575","Political violence",16.596,45.599
2026-02-28,"Middle East",Yemen,"Al Jawf",Protests,"Peaceful protest",10,0,"69,423",Demonstrations,16.596,45.599
2026-02-28,"Middle East",Yemen,"Al Mahwit",Protests,"Peaceful protest",10,0,"111,128",Demonstrations,15.308,43.499
2026-02-28,"Middle East",Yemen,"Amanat al Asimah","Violence against civilians","Abduction/forced disappearance",2,0,"142,564","Political violence",15.420,44.192
2026-02-28,"Middle East",Yemen,"Amanat al Asimah",Protests,"Peaceful protest",2,0,"10,774",Demonstrations,15.420,44.192
2026-02-28,"Middle East",Yemen,"Amanat al Asimah","Strategic developments","Change to group/activity",1,0,0,"Strategic developments",15.420,44.192
2026-02-28,"Middle East",Yemen,"Amanat al Asimah",Protests,"Protest with intervention",1,0,"53,064",Demonstrations,15.420,44.192
2026-02-28,"Middle East",Yemen,"Amanat al Asimah","Strategic developments","Looting/property destruction",1,0,0,"Strategic developments",15.420,44.192
2026-02-28,"Middle East",Yemen,Amran,Protests,"Peaceful protest",4,0,"49,593",Demonstrations,16.116,43.941
2026-02-28,"Middle East",Yemen,Amran,"Strategic developments",Other,1,0,0,"Strategic developments",16.116,43.941
2026-02-28,"Middle East",Yemen,Dhamar,Protests,"Peaceful protest",2,0,"57,572",Demonstrations,14.540,44.306
2026-02-28,"Middle East",Yemen,Hajjah,Protests,"Peaceful protest",33,0,"155,244",Demonstrations,16.094,43.204
2026-02-28,"Middle East",Yemen,Hajjah,"Strategic developments",Other,1,0,0,"Strategic developments",16.094,43.204
2026-02-28,"Middle East",Yemen,Ibb,Protests,"Peaceful protest",4,0,"14,444",Demonstrations,14.088,44.175
2026-02-28,"Middle East",Yemen,Ibb,"Explosions/Remote violence",Grenade,1,0,"241,029","Political violence",14.088,44.175
2026-02-28,"Middle East",Yemen,Ibb,"Violence against civilians","Abduction/forced disappearance",1,0,"25,990","Political violence",14.088,44.175
2026-02-28,"Middle East",Yemen,Ibb,"Violence against civilians",Attack,1,1,"16,849","Political violence",14.088,44.175
2026-02-28,"Middle East",Yemen,Lahij,"Explosions/Remote violence","Shelling/artillery/missile attack",1,0,"1,609","Political violence",13.320,44.762
2026-02-28,"Middle East",Yemen,Lahij,Protests,"Peaceful protest",4,0,"9,896",Demonstrations,13.320,44.762
2026-02-28,"Middle East",Yemen,Lahij,Battles,"Armed clash",2,2,"17,108","Political violence",13.320,44.762
2026-02-28,"Middle East",Yemen,Lahij,"Strategic developments",Other,1,0,0,"Strategic developments",13.320,44.762
2026-02-28,"Middle East",Yemen,Marib,Battles,"Armed clash",1,0,10,"Political violence",15.333,45.452
2026-02-28,"Middle East",Yemen,Marib,Protests,"Peaceful protest",26,0,"44,568",Demonstrations,15.333,45.452
2026-02-28,"Middle East",Yemen,Marib,"Strategic developments","Change to group/activity",1,0,0,"Strategic developments",15.333,45.452
2026-02-28,"Middle East",Yemen,Marib,"Explosions/Remote violence","Air/drone strike",1,1,"10,355","Political violence",15.333,45.452
2026-02-28,"Middle East",Yemen,Raymah,Protests,"Peaceful protest",13,0,"25,564",Demonstrations,14.657,43.687
2026-02-28,"Middle East",Yemen,Sadah,"Violence against civilians",Attack,3,1,"29,805","Political violence",17.088,44.042
2026-02-28,"Middle East",Yemen,Sadah,"Explosions/Remote violence","Shelling/artillery/missile attack",1,0,"19,361","Political violence",17.088,44.042
2026-02-28,"Middle East",Yemen,Sadah,Protests,"Peaceful protest",4,0,"38,460",Demonstrations,17.088,44.042
2026-02-28,"Middle East",Yemen,Sadah,"Explosions/Remote violence","Air/drone strike",1,1,"49,026","Political violence",17.088,44.042
2026-02-28,"Middle East",Yemen,Sadah,"Strategic developments",Other,1,0,0,"Strategic developments",17.088,44.042
2026-02-28,"Middle East",Yemen,Sanaa,"Violence against civilians","Abduction/forced disappearance",1,0,"16,175","Political violence",15.393,44.475
2026-02-28,"Middle East",Yemen,Sanaa,Protests,"Peaceful protest",10,0,"49,426",Demonstrations,15.393,44.475
2026-02-28,"Middle East",Yemen,Shabwah,"Violence against civilians",Attack,2,1,"27,568","Political violence",14.651,46.620
2026-02-28,"Middle East",Yemen,Shabwah,Battles,"Armed clash",2,14,"47,938","Political violence",14.651,46.620
2026-02-28,"Middle East",Yemen,Shabwah,"Strategic developments","Change to group/activity",1,0,0,"Strategic developments",14.651,46.620
2026-02-28,"Middle East",Yemen,Taizz,Protests,"Peaceful protest",15,0,"221,623",Demonstrations,13.295,43.786
2026-02-28,"Middle East",Yemen,Taizz,"Violence against civilians",Attack,1,1,"94,984","Political violence",13.295,43.786
2026-02-28,"Middle East",Yemen,Taizz,Battles,"Armed clash",1,1,"22,413","Political violence",13.295,43.786
2026-03-07,"International Waters","Indian Ocean","North Indian Ocean","Strategic developments","Change to group/activity",1,0,0,"Strategic developments",13.728,70.473
2026-03-07,"Middle East",Yemen,Abyan,"Strategic developments",Other,1,0,0,"Strategic developments",13.627,46.228
2026-03-07,"Middle East",Yemen,Abyan,Battles,"Armed clash",1,0,"18,785","Political violence",13.627,46.228
2026-03-07,"Middle East",Yemen,"Ad Dali","Violence against civilians",Attack,1,1,"40,053","Political violence",13.894,44.783
2026-03-07,"Middle East",Yemen,"Ad Dali",Battles,"Armed clash",3,2,"7,319","Political violence",13.894,44.783
2026-03-07,"Middle East",Yemen,"Ad Dali",Protests,"Peaceful protest",4,0,"81,547",Demonstrations,13.894,44.783
2026-03-07,"Middle East",Yemen,Aden,"Strategic developments",Other,2,0,0,"Strategic developments",12.806,44.788
2026-03-07,"Middle East",Yemen,Aden,Protests,"Peaceful protest",5,0,"5,805",Demonstrations,12.806,44.788
2026-03-07,"Middle East",Yemen,Aden,Protests,"Protest with intervention",1,0,"2,190",Demonstrations,12.806,44.788
2026-03-07,"Middle East",Yemen,"Al Bayda",Protests,"Peaceful protest",3,0,"95,475",Demonstrations,14.326,45.216
2026-03-07,"Middle East",Yemen,"Al Bayda","Strategic developments","Change to group/activity",3,0,0,"Strategic developments",14.326,45.216
2026-03-07,"Middle East",Yemen,"Al Bayda",Battles,"Armed clash",3,1,"82,755","Political violence",14.326,45.216
2026-03-07,"Middle East",Yemen,"Al Bayda","Violence against civilians","Abduction/forced disappearance",1,0,"58,841","Political violence",14.326,45.216
2026-03-07,"Middle East",Yemen,"Al Hudaydah","Strategic developments","Change to group/activity",6,0,0,"Strategic developments",14.779,43.218
2026-03-07,"Middle East",Yemen,"Al Hudaydah",Protests,"Peaceful protest",4,0,"105,009",Demonstrations,14.779,43.218
2026-03-07,"Middle East",Yemen,"Al Jawf","Strategic developments","Change to group/activity",1,0,0,"Strategic developments",16.596,45.599
2026-03-07,"Middle East",Yemen,"Al Mahrah","Strategic developments","Looting/property destruction",1,0,0,"Strategic developments",17.057,51.824
2026-03-07,"Middle East",Yemen,"Al Mahwit",Protests,"Peaceful protest",8,0,"110,997",Demonstrations,15.308,43.499
2026-03-07,"Middle East",Yemen,"Amanat al Asimah",Protests,"Peaceful protest",3,0,"94,564",Demonstrations,15.420,44.192
2026-03-07,"Middle East",Yemen,Amran,Battles,"Armed clash",2,10,"1,533","Political violence",16.116,43.941
2026-03-07,"Middle East",Yemen,Amran,"Strategic developments","Change to group/activity",2,0,0,"Strategic developments",16.116,43.941
2026-03-07,"Middle East",Yemen,Amran,Protests,"Peaceful protest",3,0,"56,233",Demonstrations,16.116,43.941
2026-03-07,"Middle East",Yemen,Dhamar,"Strategic developments","Change to group/activity",1,0,0,"Strategic developments",14.540,44.306
2026-03-07,"Middle East",Yemen,Dhamar,Protests,"Peaceful protest",2,0,"57,572",Demonstrations,14.540,44.306
2026-03-07,"Middle East",Yemen,Hadramawt,"Strategic developments","Disrupted weapons use",1,0,0,"Strategic developments",16.529,48.627
2026-03-07,"Middle East",Yemen,Hajjah,"Explosions/Remote violence","Remote explosive/landmine/IED",1,3,"13,337","Political violence",16.094,43.204
2026-03-07,"Middle East",Yemen,Hajjah,Protests,"Peaceful protest",10,0,"67,960",Demonstrations,16.094,43.204
2026-03-07,"Middle East",Yemen,Ibb,"Violence against civilians","Abduction/forced disappearance",1,0,"186,290","Political violence",14.088,44.175
2026-03-07,"Middle East",Yemen,Ibb,Protests,"Peaceful protest",2,0,"14,444",Demonstrations,14.088,44.175
2026-03-07,"Middle East",Yemen,Ibb,"Strategic developments",Other,1,0,0,"Strategic developments",14.088,44.175
2026-03-07,"Middle East",Yemen,Ibb,"Strategic developments","Looting/property destruction",1,0,0,"Strategic developments",14.088,44.175
2026-03-07,"Middle East",Yemen,Lahij,Protests,"Peaceful protest",3,0,"8,790",Demonstrations,13.320,44.762
2026-03-07,"Middle East",Yemen,Lahij,Battles,"Armed clash",1,0,"1,509","Political violence",13.320,44.762
2026-03-07,"Middle East",Yemen,Marib,"Strategic developments","Looting/property destruction",1,0,0,"Strategic developments",15.333,45.452
2026-03-07,"Middle East",Yemen,Marib,Protests,"Peaceful protest",7,0,"29,987",Demonstrations,15.333,45.452
2026-03-07,"Middle East",Yemen,Marib,Battles,"Armed clash",1,0,10,"Political violence",15.333,45.452
2026-03-07,"Middle East",Yemen,Marib,"Violence against civilians",Attack,1,0,"2,972","Political violence",15.333,45.452
2026-03-07,"Middle East",Yemen,Marib,Protests,"Excessive force against protesters",1,0,"6,273","Political violence; Demonstrations",15.333,45.452
2026-03-07,"Middle East",Yemen,Raymah,Protests,"Peaceful protest",6,0,"25,231",Demonstrations,14.657,43.687
2026-03-07,"Middle East",Yemen,Sadah,Protests,"Peaceful protest",2,0,"38,460",Demonstrations,17.088,44.042
2026-03-07,"Middle East",Yemen,Sadah,Battles,"Armed clash",2,3,"33,600","Political violence",17.088,44.042
2026-03-07,"Middle East",Yemen,Sadah,"Strategic developments","Change to group/activity",2,0,0,"Strategic developments",17.088,44.042
2026-03-07,"Middle East",Yemen,Sanaa,"Strategic developments","Change to group/activity",5,0,0,"Strategic developments",15.393,44.475
2026-03-07,"Middle East",Yemen,Sanaa,"Violence against civilians",Attack,1,1,"10,061","Political violence",15.393,44.475
2026-03-07,"Middle East",Yemen,Sanaa,Protests,"Peaceful protest",5,0,"48,305",Demonstrations,15.393,44.475
2026-03-07,"Middle East",Yemen,Sanaa,"Strategic developments",Other,2,0,0,"Strategic developments",15.393,44.475
2026-03-07,"Middle East",Yemen,Sanaa,Battles,"Armed clash",1,1,"10,061","Political violence",15.393,44.475
2026-03-07,"Middle East",Yemen,Shabwah,"Strategic developments",Arrests,1,0,0,"Strategic developments",14.651,46.620
2026-03-07,"Middle East",Yemen,Shabwah,Battles,"Armed clash",2,0,"35,432","Political violence",14.651,46.620
2026-03-07,"Middle East",Yemen,Shabwah,"Strategic developments","Change to group/activity",2,0,0,"Strategic developments",14.651,46.620
2026-03-07,"Middle East",Yemen,Taizz,Battles,"Armed clash",5,21,"118,113","Political violence",13.295,43.786
2026-03-07,"Middle East",Yemen,Taizz,"Explosions/Remote violence","Remote explosive/landmine/IED",1,1,"10,691","Political violence",13.295,43.786
2026-03-07,"Middle East",Yemen,Taizz,"Strategic developments","Change to group/activity",1,0,0,"Strategic developments",13.295,43.786
2026-03-07,"Middle East",Yemen,Taizz,Protests,"Peaceful protest",15,0,"193,962",Demonstrations,13.295,43.786
2026-03-14,"Middle East",Yemen,Abyan,"Strategic developments",Agreement,1,0,0,"Strategic developments",13.627,46.228
2026-03-14,"Middle East",Yemen,Abyan,Battles,"Armed clash",1,0,989,"Political violence",13.627,46.228
2026-03-14,"Middle East",Yemen,"Ad Dali","Violence against civilians",Attack,1,0,"50,760","Political violence",13.894,44.783
2026-03-14,"Middle East",Yemen,"Ad Dali","Explosions/Remote violence",Grenade,1,0,"40,145","Political violence",13.894,44.783
2026-03-14,"Middle East",Yemen,"Ad Dali",Battles,"Armed clash",1,0,"4,156","Political violence",13.894,44.783
2026-03-14,"Middle East",Yemen,Aden,Protests,"Peaceful protest",1,0,590,Demonstrations,12.806,44.788
2026-03-14,"Middle East",Yemen,Aden,"Strategic developments","Change to group/activity",3,0,0,"Strategic developments",12.806,44.788
2026-03-14,"Middle East",Yemen,"Al Bayda",Battles,"Armed clash",1,2,"67,142","Political violence",14.326,45.216
2026-03-14,"Middle East",Yemen,"Al Hudaydah","Strategic developments","Change to group/activity",2,0,0,"Strategic developments",14.779,43.218
2026-03-14,"Middle East",Yemen,"Al Hudaydah",Battles,"Armed clash",5,5,"29,879","Political violence",14.779,43.218
2026-03-14,"Middle East",Yemen,"Al Hudaydah","Explosions/Remote violence","Remote explosive/landmine/IED",2,4,"56,529","Political violence",14.779,43.218
2026-03-14,"Middle East",Yemen,"Al Jawf",Protests,"Peaceful protest",5,0,"61,632",Demonstrations,16.596,45.599
2026-03-14,"Middle East",Yemen,"Al Mahrah","Strategic developments","Looting/property destruction",1,0,0,"Strategic developments",17.057,51.824
2026-03-14,"Middle East",Yemen,"Amanat al Asimah","Strategic developments","Change to group/activity",1,0,0,"Strategic developments",15.420,44.192
2026-03-14,"Middle East",Yemen,"Amanat al Asimah","Violence against civilians",Attack,1,1,"122,862","Political violence",15.420,44.192
2026-03-14,"Middle East",Yemen,"Amanat al Asimah","Violence against civilians","Abduction/forced disappearance",2,0,"61,697","Political violence",15.420,44.192
2026-03-14,"Middle East",Yemen,Amran,Protests,"Peaceful protest",1,0,"49,593",Demonstrations,16.116,43.941
2026-03-14,"Middle East",Yemen,Dhamar,"Explosions/Remote violence","Remote explosive/landmine/IED",1,1,"26,597","Political violence",14.540,44.306
2026-03-14,"Middle East",Yemen,Hadramawt,"Strategic developments","Disrupted weapons use",2,0,0,"Strategic developments",16.529,48.627
2026-03-14,"Middle East",Yemen,Hadramawt,"Strategic developments","Looting/property destruction",1,0,0,"Strategic developments",16.529,48.627
2026-03-14,"Middle East",Yemen,Hajjah,"Explosions/Remote violence","Shelling/artillery/missile attack",1,8,"20,937","Political violence",16.094,43.204
2026-03-14,"Middle East",Yemen,Hajjah,"Violence against civilians",Attack,1,0,0,"Political violence",16.094,43.204
2026-03-14,"Middle East",Yemen,Hajjah,"Strategic developments","Change to group/activity",1,0,0,"Strategic developments",16.094,43.204
2026-03-14,"Middle East",Yemen,Hajjah,"Violence against civilians","Abduction/forced disappearance",1,0,"19,317","Political violence",16.094,43.204
2026-03-14,"Middle East",Yemen,Ibb,"Strategic developments",Other,1,0,0,"Strategic developments",14.088,44.175
2026-03-14,"Middle East",Yemen,Lahij,"Strategic developments","Change to group/activity",1,0,0,"Strategic developments",13.320,44.762
2026-03-14,"Middle East",Yemen,Lahij,Battles,"Armed clash",3,15,"4,923","Political violence",13.320,44.762
2026-03-14,"Middle East",Yemen,Marib,Protests,"Peaceful protest",2,0,"11,950",Demonstrations,15.333,45.452
2026-03-14,"Middle East",Yemen,Marib,"Strategic developments","Non-violent transfer of territory",2,0,0,"Strategic developments",15.333,45.452
2026-03-14,"Middle East",Yemen,Marib,"Explosions/Remote violence","Air/drone strike",1,0,"10,355","Political violence",15.333,45.452
2026-03-14,"Middle East",Yemen,Marib,Battles,"Armed clash",2,4,"16,380","Political violence",15.333,45.452
2026-03-14,"Middle East",Yemen,Marib,"Strategic developments","Change to group/activity",2,0,0,"Strategic developments",15.333,45.452
2026-03-14,"Middle East",Yemen,Sanaa,"Strategic developments","Looting/property destruction",1,0,0,"Strategic developments",15.393,44.475
2026-03-14,"Middle East",Yemen,Sanaa,"Strategic developments",Other,1,0,0,"Strategic developments",15.393,44.475
2026-03-14,"Middle East",Yemen,Sanaa,"Violence against civilians","Abduction/forced disappearance",1,0,"9,702","Political violence",15.393,44.475
2026-03-14,"Middle East",Yemen,Shabwah,"Strategic developments","Change to group/activity",4,0,0,"Strategic developments",14.651,46.620
2026-03-14,"Middle East",Yemen,Shabwah,"Strategic developments","Non-violent transfer of territory",8,0,0,"Strategic developments",14.651,46.620
2026-03-14,"Middle East",Yemen,Shabwah,"Explosions/Remote violence","Remote explosive/landmine/IED",1,0,"1,228","Political violence",14.651,46.620
2026-03-14,"Middle East",Yemen,Shabwah,"Violence against civilians",Attack,1,1,"21,330","Political violence",14.651,46.620
2026-03-14,"Middle East",Yemen,Shabwah,Battles,"Armed clash",1,0,"2,018","Political violence",14.651,46.620
2026-03-14,"Middle East",Yemen,Taizz,"Explosions/Remote violence","Shelling/artillery/missile attack",1,5,"8,823","Political violence",13.295,43.786
2026-03-14,"Middle East",Yemen,Taizz,Battles,"Armed clash",2,2,"83,332","Political violence",13.295,43.786
2026-03-14,"Middle East",Yemen,Taizz,"Strategic developments","Looting/property destruction",3,0,0,"Strategic developments",13.295,43.786
2026-03-14,"Middle East",Yemen,Taizz,"Strategic developments","Change to group/activity",4,0,0,"Strategic developments",13.295,43.786
2026-03-14,"Middle East",Yemen,Taizz,"Violence against civilians",Attack,2,2,"61,730","Political violence",13.295,43.786
2026-03-21,"International Waters","Indian Ocean","North Indian Ocean","Strategic developments",Arrests,1,0,0,"Strategic developments",13.728,70.473
2026-03-21,"Middle East",Yemen,Abyan,"Explosions/Remote violence","Remote explosive/landmine/IED",1,0,"29,715","Political violence",13.627,46.228
2026-03-21,"Middle East",Yemen,Abyan,"Violence against civilians",Attack,1,0,0,"Political violence",13.627,46.228
2026-03-21,"Middle East",Yemen,Abyan,"Strategic developments",Other,1,0,0,"Strategic developments",13.627,46.228
2026-03-21,"Middle East",Yemen,"Ad Dali",Battles,"Armed clash",3,0,"11,483","Political violence",13.894,44.783
2026-03-21,"Middle East",Yemen,"Ad Dali",Protests,"Peaceful protest",4,0,"81,547",Demonstrations,13.894,44.783
2026-03-21,"Middle East",Yemen,Aden,"Strategic developments","Non-violent transfer of territory",1,0,0,"Strategic developments",12.806,44.788
2026-03-21,"Middle East",Yemen,Aden,Protests,"Peaceful protest",1,0,"6,512",Demonstrations,12.806,44.788
2026-03-21,"Middle East",Yemen,"Al Bayda","Violence against civilians","Abduction/forced disappearance",3,0,"7,887","Political violence",14.326,45.216
2026-03-21,"Middle East",Yemen,"Al Bayda",Battles,"Armed clash",5,6,"32,104","Political violence",14.326,45.216
2026-03-21,"Middle East",Yemen,"Al Bayda","Violence against civilians",Attack,1,1,"56,492","Political violence",14.326,45.216
2026-03-21,"Middle East",Yemen,"Al Bayda",Protests,"Peaceful protest",1,0,"43,537",Demonstrations,14.326,45.216
2026-03-21,"Middle East",Yemen,"Al Bayda","Strategic developments","Looting/property destruction",2,0,0,"Strategic developments",14.326,45.216
2026-03-21,"Middle East",Yemen,"Al Bayda","Strategic developments","Change to group/activity",2,0,0,"Strategic developments",14.326,45.216
2026-03-21,"Middle East",Yemen,"Al Hudaydah","Violence against civilians",Attack,1,0,"73,576","Political violence",14.779,43.218
2026-03-21,"Middle East",Yemen,"Al Hudaydah",Protests,"Peaceful protest",1,0,"53,913",Demonstrations,14.779,43.218
2026-03-21,"Middle East",Yemen,"Al Jawf","Strategic developments","Change to group/activity",1,0,0,"Strategic developments",16.596,45.599
2026-03-21,"Middle East",Yemen,"Al Jawf",Battles,"Armed clash",1,1,0,"Political violence",16.596,45.599
2026-03-21,"Middle East",Yemen,"Al Jawf","Violence against civilians",Attack,1,1,"17,575","Political violence",16.596,45.599
2026-03-21,"Middle East",Yemen,"Al Mahwit",Protests,"Peaceful protest",8,0,"110,997",Demonstrations,15.308,43.499
2026-03-21,"Middle East",Yemen,"Amanat al Asimah",Protests,"Peaceful protest",1,0,"10,774",Demonstrations,15.420,44.192
2026-03-21,"Middle East",Yemen,"Amanat al Asimah","Violence against civilians","Abduction/forced disappearance",1,0,"61,697","Political violence",15.420,44.192
2026-03-21,"Middle East",Yemen,Amran,"Violence against civilians",Attack,1,1,"1,285","Political violence",16.116,43.941
2026-03-21,"Middle East",Yemen,Amran,Protests,"Peaceful protest",2,0,"49,593",Demonstrations,16.116,43.941
2026-03-21,"Middle East",Yemen,Dhamar,Protests,"Peaceful protest",2,0,"57,572",Demonstrations,14.540,44.306
2026-03-21,"Middle East",Yemen,Hadramawt,"Strategic developments","Non-violent transfer of territory",2,0,0,"Strategic developments",16.529,48.627
2026-03-21,"Middle East",Yemen,Hadramawt,"Strategic developments","Change to group/activity",1,0,0,"Strategic developments",16.529,48.627
2026-03-21,"Middle East",Yemen,Hadramawt,"Strategic developments","Disrupted weapons use",1,0,0,"Strategic developments",16.529,48.627
2026-03-21,"Middle East",Yemen,Hajjah,"Strategic developments","Change to group/activity",1,0,0,"Strategic developments",16.094,43.204
2026-03-21,"Middle East",Yemen,Hajjah,Protests,"Peaceful protest",17,0,"103,042",Demonstrations,16.094,43.204
2026-03-21,"Middle East",Yemen,Ibb,"Explosions/Remote violence",Grenade,1,0,"24,851","Political violence",14.088,44.175
2026-03-21,"Middle East",Yemen,Ibb,Protests,"Peaceful protest",2,0,"14,444",Demonstrations,14.088,44.175
2026-03-21,"Middle East",Yemen,Lahij,"Strategic developments",Other,1,0,0,"Strategic developments",13.320,44.762
2026-03-21,"Middle East",Yemen,Lahij,"Strategic developments","Change to group/activity",1,0,0,"Strategic developments",13.320,44.762
2026-03-21,"Middle East",Yemen,Lahij,Protests,"Peaceful protest",3,0,"8,790",Demonstrations,13.320,44.762
2026-03-21,"Middle East",Yemen,Lahij,Battles,"Armed clash",4,3,"17,849","Political violence",13.320,44.762
2026-03-21,"Middle East",Yemen,Marib,"Violence against civilians",Attack,1,2,"22,127","Political violence",15.333,45.452
2026-03-21,"Middle East",Yemen,Marib,"Strategic developments","Change to group/activity",2,0,0,"Strategic developments",15.333,45.452
2026-03-21,"Middle East",Yemen,Marib,"Explosions/Remote violence","Air/drone strike",1,1,"10,355","Political violence",15.333,45.452
2026-03-21,"Middle East",Yemen,Marib,Protests,"Peaceful protest",14,0,"37,754",Demonstrations,15.333,45.452
2026-03-21,"Middle East",Yemen,Raymah,Protests,"Peaceful protest",1,0,"3,103",Demonstrations,14.657,43.687
2026-03-21,"Middle East",Yemen,Sadah,"Violence against civilians",Attack,1,1,155,"Political violence",17.088,44.042
2026-03-21,"Middle East",Yemen,Sadah,Protests,"Peaceful protest",3,0,"61,037",Demonstrations,17.088,44.042
2026-03-21,"Middle East",Yemen,Sanaa,"Violence against civilians",Attack,1,3,"1,834","Political violence",15.393,44.475
2026-03-21,"Middle East",Yemen,Sanaa,"Violence against civilians","Abduction/forced disappearance",1,0,"67,535","Political violence",15.393,44.475
2026-03-21,"Middle East",Yemen,Sanaa,Protests,"Peaceful protest",4,0,"48,305",Demonstrations,15.393,44.475
2026-03-21,"Middle East",Yemen,Shabwah,"Strategic developments","Non-violent transfer of territory",1,0,0,"Strategic developments",14.651,46.620
2026-03-21,"Middle East",Yemen,Shabwah,"Strategic developments","Change to group/activity",1,0,0,"Strategic developments",14.651,46.620
2026-03-21,"Middle East",Yemen,Suqutra,"Strategic developments","Looting/property destruction",1,0,0,"Strategic developments",12.508,53.893
2026-03-21,"Middle East",Yemen,Taizz,"Violence against civilians",Attack,2,1,"46,572","Political violence",13.295,43.786
2026-03-21,"Middle East",Yemen,Taizz,Battles,"Armed clash",3,3,"44,923","Political violence",13.295,43.786
2026-03-21,"Middle East",Yemen,Taizz,"Strategic developments","Change to group/activity",2,0,0,"Strategic developments",13.295,43.786
2026-03-21,"Middle East",Yemen,Taizz,"Strategic developments",Other,1,0,0,"Strategic developments",13.295,43.786
2026-03-21,"Middle East",Yemen,Taizz,Protests,"Peaceful protest",14,0,"189,883",Demonstrations,13.295,43.786
2026-03-28,"International Waters","Indian Ocean","North Indian Ocean","Explosions/Remote violence","Air/drone strike",1,0,0,"Political violence",13.728,70.473
2026-03-28,"International Waters","Indian Ocean","North Indian Ocean","Explosions/Remote violence","Shelling/artillery/missile attack",1,0,0,"Political violence",13.728,70.473
2026-03-28,"International Waters","Indian Ocean","North Indian Ocean","Strategic developments","Disrupted weapons use",2,0,0,"Strategic developments",13.728,70.473
2026-03-28,"Middle East",Yemen,Abyan,Battles,"Armed clash",1,1,"24,499","Political violence",13.627,46.228
2026-03-28,"Middle East",Yemen,Abyan,"Violence against civilians",Attack,1,1,"29,715","Political violence",13.627,46.228
2026-03-28,"Middle East",Yemen,Abyan,Protests,"Peaceful protest",1,0,248,Demonstrations,13.627,46.228
2026-03-28,"Middle East",Yemen,"Ad Dali","Violence against civilians",Attack,1,0,"3,457","Political violence",13.894,44.783
2026-03-28,"Middle East",Yemen,"Ad Dali",Protests,"Peaceful protest",4,0,"81,547",Demonstrations,13.894,44.783
2026-03-28,"Middle East",Yemen,"Ad Dali",Battles,"Armed clash",5,10,"43,996","Political violence",13.894,44.783
2026-03-28,"Middle East",Yemen,"Ad Dali","Explosions/Remote violence","Shelling/artillery/missile attack",2,3,"65,156","Political violence",13.894,44.783
2026-03-28,"Middle East",Yemen,Aden,"Strategic developments",Other,1,0,0,"Strategic developments",12.806,44.788
2026-03-28,"Middle East",Yemen,Aden,"Violence against civilians","Abduction/forced disappearance",2,0,"51,720","Political violence",12.806,44.788
2026-03-28,"Middle East",Yemen,Aden,Protests,"Peaceful protest",3,0,"66,058",Demonstrations,12.806,44.788
2026-03-28,"Middle East",Yemen,Aden,"Strategic developments","Change to group/activity",3,0,0,"Strategic developments",12.806,44.788
2026-03-28,"Middle East",Yemen,"Al Bayda","Strategic developments","Change to group/activity",1,0,0,"Strategic developments",14.326,45.216
2026-03-28,"Middle East",Yemen,"Al Bayda","Violence against civilians",Attack,1,0,"39,956","Political violence",14.326,45.216
2026-03-28,"Middle East",Yemen,"Al Bayda",Protests,"Peaceful protest",2,0,"66,587",Demonstrations,14.326,45.216
2026-03-28,"Middle East",Yemen,"Al Bayda","Explosions/Remote violence","Air/drone strike",1,0,"15,613","Political violence",14.326,45.216
2026-03-28,"Middle East",Yemen,"Al Hudaydah","Strategic developments","Disrupted weapons use",1,0,0,"Strategic developments",14.779,43.218
2026-03-28,"Middle East",Yemen,"Al Hudaydah","Strategic developments","Change to group/activity",2,0,0,"Strategic developments",14.779,43.218
2026-03-28,"Middle East",Yemen,"Al Hudaydah",Protests,"Peaceful protest",3,0,"78,791",Demonstrations,14.779,43.218
2026-03-28,"Middle East",Yemen,"Al Hudaydah","Strategic developments",Other,1,0,0,"Strategic developments",14.779,43.218
2026-03-28,"Middle East",Yemen,"Al Hudaydah","Explosions/Remote violence","Shelling/artillery/missile attack",1,0,"6,054","Political violence",14.779,43.218
2026-03-28,"Middle East",Yemen,"Al Jawf",Battles,"Armed clash",2,1,"17,575","Political violence",16.596,45.599
2026-03-28,"Middle East",Yemen,"Al Jawf",Protests,"Peaceful protest",11,0,"76,948",Demonstrations,16.596,45.599
2026-03-28,"Middle East",Yemen,"Al Jawf","Violence against civilians",Attack,1,1,"17,575","Political violence",16.596,45.599
2026-03-28,"Middle East",Yemen,"Al Mahrah",Protests,"Peaceful protest",5,0,"25,435",Demonstrations,17.057,51.824
2026-03-28,"Middle East",Yemen,"Al Mahwit",Protests,"Peaceful protest",9,0,"110,997",Demonstrations,15.308,43.499
2026-03-28,"Middle East",Yemen,"Amanat al Asimah","Strategic developments","Change to group/activity",2,0,0,"Strategic developments",15.420,44.192
2026-03-28,"Middle East",Yemen,"Amanat al Asimah",Protests,"Peaceful protest",2,0,"42,408",Demonstrations,15.420,44.192
2026-03-28,"Middle East",Yemen,"Amanat al Asimah","Explosions/Remote violence","Remote explosive/landmine/IED",1,1,"91,093","Political violence",15.420,44.192
2026-03-28,"Middle East",Yemen,"Amanat al Asimah","Violence against civilians",Attack,1,1,"39,664","Political violence",15.420,44.192
2026-03-28,"Middle East",Yemen,Amran,"Violence against civilians",Attack,2,3,"112,118","Political violence",16.116,43.941
2026-03-28,"Middle East",Yemen,Amran,Protests,"Peaceful protest",2,0,"49,593",Demonstrations,16.116,43.941
2026-03-28,"Middle East",Yemen,Dhamar,Protests,"Peaceful protest",3,0,"57,572",Demonstrations,14.540,44.306
2026-03-28,"Middle East",Yemen,Hadramawt,"Strategic developments",Other,2,0,0,"Strategic developments",16.529,48.627
2026-03-28,"Middle East",Yemen,Hadramawt,Battles,"Armed clash",1,0,"17,678","Political violence",16.529,48.627
2026-03-28,"Middle East",Yemen,Hadramawt,Protests,"Peaceful protest",4,0,"48,808",Demonstrations,16.529,48.627
2026-03-28,"Middle East",Yemen,Hadramawt,"Strategic developments",Arrests,1,0,0,"Strategic developments",16.529,48.627
2026-03-28,"Middle East",Yemen,Hajjah,"Strategic developments","Change to group/activity",1,0,0,"Strategic developments",16.094,43.204
2026-03-28,"Middle East",Yemen,Hajjah,"Strategic developments","Disrupted weapons use",1,0,0,"Strategic developments",16.094,43.204
2026-03-28,"Middle East",Yemen,Hajjah,Protests,"Peaceful protest",2,0,"19,317",Demonstrations,16.094,43.204
2026-03-28,"Middle East",Yemen,Ibb,"Violence against civilians",Attack,1,1,"12,148","Political violence",14.088,44.175
2026-03-28,"Middle East",Yemen,Ibb,Protests,"Peaceful protest",2,0,"23,220",Demonstrations,14.088,44.175
2026-03-28,"Middle East",Yemen,Ibb,"Violence against civilians","Abduction/forced disappearance",1,0,"24,851","Political violence",14.088,44.175
2026-03-28,"Middle East",Yemen,Ibb,"Strategic developments",Other,1,0,0,"Strategic developments",14.088,44.175
2026-03-28,"Middle East",Yemen,Lahij,Battles,"Armed clash",4,9,"49,324","Political violence",13.320,44.762
2026-03-28,"Middle East",Yemen,Lahij,Protests,"Peaceful protest",4,0,"10,035",Demonstrations,13.320,44.762
2026-03-28,"Middle East",Yemen,Marib,Protests,"Peaceful protest",15,0,"60,316",Demonstrations,15.333,45.452
2026-03-28,"Middle East",Yemen,Marib,Battles,"Armed clash",4,4,"10,579","Political violence",15.333,45.452
2026-03-28,"Middle East",Yemen,Raymah,Protests,"Peaceful protest",1,0,"3,103",Demonstrations,14.657,43.687
2026-03-28,"Middle East",Yemen,Sadah,Protests,"Peaceful protest",3,0,"54,842",Demonstrations,17.088,44.042
2026-03-28,"Middle East",Yemen,Sanaa,Protests,"Peaceful protest",5,0,"49,387",Demonstrations,15.393,44.475
2026-03-28,"Middle East",Yemen,Sanaa,"Violence against civilians",Attack,1,1,"1,488","Political violence",15.393,44.475
2026-03-28,"Middle East",Yemen,Sanaa,Battles,"Armed clash",1,3,"1,488","Political violence",15.393,44.475
2026-03-28,"Middle East",Yemen,Shabwah,"Strategic developments","Looting/property destruction",1,0,0,"Strategic developments",14.651,46.620
2026-03-28,"Middle East",Yemen,Shabwah,"Strategic developments","Non-violent transfer of territory",2,0,0,"Strategic developments",14.651,46.620
2026-03-28,"Middle East",Yemen,Shabwah,"Explosions/Remote violence","Air/drone strike",4,1,"13,098","Political violence",14.651,46.620
2026-03-28,"Middle East",Yemen,Shabwah,Battles,"Armed clash",1,0,"33,414","Political violence",14.651,46.620
2026-03-28,"Middle East",Yemen,Shabwah,"Strategic developments",Arrests,1,0,0,"Strategic developments",14.651,46.620
2026-03-28,"Middle East",Yemen,Shabwah,Protests,"Peaceful protest",1,0,"14,822",Demonstrations,14.651,46.620
2026-03-28,"Middle East",Yemen,Shabwah,"Strategic developments","Disrupted weapons use",1,0,0,"Strategic developments",14.651,46.620
2026-03-28,"Middle East",Yemen,Taizz,"Strategic developments","Disrupted weapons use",1,0,0,"Strategic developments",13.295,43.786
2026-03-28,"Middle East",Yemen,Taizz,Protests,"Peaceful protest",4,0,"50,186",Demonstrations,13.295,43.786
2026-03-28,"Middle East",Yemen,Taizz,Battles,"Armed clash",2,3,"18,801","Political violence",13.295,43.786
2026-03-28,"Middle East",Yemen,Taizz,"Explosions/Remote violence","Air/drone strike",1,1,"5,020","Political violence",13.295,43.786
2026-03-28,"Middle East",Yemen,Taizz,"Strategic developments","Change to group/activity",2,0,0,"Strategic developments",13.295,43.786
2026-03-28,"Middle East",Yemen,Taizz,"Violence against civilians","Abduction/forced disappearance",1,0,"62,397","Political violence",13.295,43.786
2026-03-28,"Middle East",Yemen,Taizz,"Violence against civilians",Attack,1,1,"74,050","Political violence",13.295,43.786
2026-04-04,"International Waters","Indian Ocean","North Indian Ocean","Strategic developments","Disrupted weapons use",1,0,0,"Strategic developments",13.728,70.473
2026-04-04,"International Waters","Indian Ocean","North Indian Ocean","Explosions/Remote violence","Shelling/artillery/missile attack",1,0,0,"Political violence",13.728,70.473
2026-04-04,"International Waters","Indian Ocean","North Indian Ocean","Explosions/Remote violence","Air/drone strike",1,0,0,"Political violence",13.728,70.473
2026-04-04,"Middle East",Yemen,Abyan,Battles,"Armed clash",6,1,"100,926","Political violence",13.627,46.228
2026-04-04,"Middle East",Yemen,Abyan,Protests,"Peaceful protest",3,0,"29,461",Demonstrations,13.627,46.228
2026-04-04,"Middle East",Yemen,Abyan,"Strategic developments","Change to group/activity",2,0,0,"Strategic developments",13.627,46.228
2026-04-04,"Middle East",Yemen,"Ad Dali","Explosions/Remote violence","Shelling/artillery/missile attack",1,0,"59,059","Political violence",13.894,44.783
2026-04-04,"Middle East",Yemen,"Ad Dali",Battles,"Armed clash",4,3,"9,990","Political violence",13.894,44.783
2026-04-04,"Middle East",Yemen,"Ad Dali",Protests,"Peaceful protest",9,0,"155,059",Demonstrations,13.894,44.783
2026-04-04,"Middle East",Yemen,Aden,"Strategic developments","Change to group/activity",2,0,0,"Strategic developments",12.806,44.788
2026-04-04,"Middle East",Yemen,Aden,"Strategic developments",Other,1,0,0,"Strategic developments",12.806,44.788
2026-04-04,"Middle East",Yemen,Aden,Protests,"Peaceful protest",6,0,"69,361",Demonstrations,12.806,44.788
2026-04-04,"Middle East",Yemen,Aden,"Violence against civilians",Attack,2,0,"37,187","Political violence",12.806,44.788
2026-04-04,"Middle East",Yemen,Aden,"Strategic developments","Disrupted weapons use",1,0,0,"Strategic developments",12.806,44.788
2026-04-04,"Middle East",Yemen,"Al Bayda",Protests,"Peaceful protest",1,0,"43,537",Demonstrations,14.326,45.216
2026-04-04,"Middle East",Yemen,"Al Bayda",Battles,"Armed clash",2,0,"15,613","Political violence",14.326,45.216
2026-04-04,"Middle East",Yemen,"Al Hudaydah",Protests,"Peaceful protest",2,0,"49,751",Demonstrations,14.779,43.218
2026-04-04,"Middle East",Yemen,"Al Hudaydah","Strategic developments","Change to group/activity",2,0,0,"Strategic developments",14.779,43.218
2026-04-04,"Middle East",Yemen,"Al Jawf",Protests,"Peaceful protest",13,0,"88,184",Demonstrations,16.596,45.599
2026-04-04,"Middle East",Yemen,"Al Mahrah",Protests,"Peaceful protest",2,0,"17,321",Demonstrations,17.057,51.824
2026-04-04,"Middle East",Yemen,"Al Mahwit",Protests,"Peaceful protest",8,0,"110,997",Demonstrations,15.308,43.499
2026-04-04,"Middle East",Yemen,"Amanat al Asimah",Protests,"Peaceful protest",6,0,"226,486",Demonstrations,15.420,44.192
2026-04-04,"Middle East",Yemen,"Amanat al Asimah","Violence against civilians","Abduction/forced disappearance",1,0,"61,697","Political violence",15.420,44.192
2026-04-04,"Middle East",Yemen,"Amanat al Asimah",Battles,"Armed clash",1,1,"122,414","Political violence",15.420,44.192
2026-04-04,"Middle East",Yemen,"Amanat al Asimah","Strategic developments",Arrests,1,0,0,"Strategic developments",15.420,44.192
2026-04-04,"Middle East",Yemen,Amran,"Violence against civilians",Attack,1,1,"34,368","Political violence",16.116,43.941
2026-04-04,"Middle East",Yemen,Amran,Protests,"Peaceful protest",2,0,"49,593",Demonstrations,16.116,43.941
2026-04-04,"Middle East",Yemen,Dhamar,Battles,"Armed clash",1,2,"5,622","Political violence",14.540,44.306
2026-04-04,"Middle East",Yemen,Dhamar,"Violence against civilians","Abduction/forced disappearance",2,0,"130,158","Political violence",14.540,44.306
2026-04-04,"Middle East",Yemen,Dhamar,Protests,"Peaceful protest",2,0,"57,572",Demonstrations,14.540,44.306
2026-04-04,"Middle East",Yemen,Hadramawt,Protests,"Excessive force against protesters",1,2,"16,518","Political violence; Demonstrations",16.529,48.627
2026-04-04,"Middle East",Yemen,Hadramawt,"Strategic developments","Change to group/activity",2,0,0,"Strategic developments",16.529,48.627
2026-04-04,"Middle East",Yemen,Hadramawt,Protests,"Peaceful protest",3,0,"44,036",Demonstrations,16.529,48.627
2026-04-04,"Middle East",Yemen,Hadramawt,"Strategic developments","Disrupted weapons use",3,0,0,"Strategic developments",16.529,48.627
2026-04-04,"Middle East",Yemen,Hadramawt,"Strategic developments",Arrests,1,0,0,"Strategic developments",16.529,48.627
2026-04-04,"Middle East",Yemen,Hadramawt,"Strategic developments",Other,3,0,0,"Strategic developments",16.529,48.627
2026-04-04,"Middle East",Yemen,Hadramawt,Battles,"Armed clash",1,0,"51,145","Political violence",16.529,48.627
2026-04-04,"Middle East",Yemen,Hajjah,Protests,"Peaceful protest",31,0,"131,444",Demonstrations,16.094,43.204
2026-04-04,"Middle East",Yemen,Hajjah,"Violence against civilians","Abduction/forced disappearance",1,0,"19,317","Political violence",16.094,43.204
2026-04-04,"Middle East",Yemen,Ibb,Protests,"Peaceful protest",2,0,"23,220",Demonstrations,14.088,44.175
2026-04-04,"Middle East",Yemen,Ibb,"Violence against civilians",Attack,1,0,"186,290","Political violence",14.088,44.175
2026-04-04,"Middle East",Yemen,Ibb,"Violence against civilians","Abduction/forced disappearance",2,0,"56,537","Political violence",14.088,44.175
2026-04-04,"Middle East",Yemen,Ibb,Battles,"Armed clash",1,0,"16,022","Political violence",14.088,44.175
2026-04-04,"Middle East",Yemen,Lahij,Battles,"Armed clash",4,3,"54,786","Political violence",13.320,44.762
2026-04-04,"Middle East",Yemen,Lahij,Protests,"Peaceful protest",16,0,"214,579",Demonstrations,13.320,44.762
2026-04-04,"Middle East",Yemen,Lahij,"Violence against civilians","Abduction/forced disappearance",1,0,"25,535","Political violence",13.320,44.762
2026-04-04,"Middle East",Yemen,Lahij,"Strategic developments",Other,1,0,0,"Strategic developments",13.320,44.762
2026-04-04,"Middle East",Yemen,Marib,Battles,"Armed clash",5,11,"35,683","Political violence",15.333,45.452
2026-04-04,"Middle East",Yemen,Marib,Protests,"Peaceful protest",16,0,"44,372",Demonstrations,15.333,45.452
2026-04-04,"Middle East",Yemen,Marib,"Explosions/Remote violence","Shelling/artillery/missile attack",1,0,"3,052","Political violence",15.333,45.452
2026-04-04,"Middle East",Yemen,Marib,"Explosions/Remote violence","Air/drone strike",1,1,"3,052","Political violence",15.333,45.452
2026-04-04,"Middle East",Yemen,Raymah,Protests,"Peaceful protest",6,0,"25,231",Demonstrations,14.657,43.687
2026-04-04,"Middle East",Yemen,Sadah,Battles,"Armed clash",1,0,155,"Political violence",17.088,44.042
2026-04-04,"Middle East",Yemen,Sadah,Protests,"Peaceful protest",2,0,"54,755",Demonstrations,17.088,44.042
2026-04-04,"Middle East",Yemen,Sanaa,"Strategic developments",Other,1,0,0,"Strategic developments",15.393,44.475
2026-04-04,"Middle East",Yemen,Shabwah,"Violence against civilians",Attack,2,2,"22,713","Political violence",14.651,46.620
2026-04-04,"Middle East",Yemen,Shabwah,Battles,"Armed clash",6,15,"45,631","Political violence",14.651,46.620
2026-04-04,"Middle East",Yemen,Shabwah,Protests,"Protest with intervention",1,0,"14,822",Demonstrations,14.651,46.620
2026-04-04,"Middle East",Yemen,Shabwah,"Strategic developments","Disrupted weapons use",1,0,0,"Strategic developments",14.651,46.620
2026-04-04,"Middle East",Yemen,Shabwah,"Explosions/Remote violence","Air/drone strike",1,0,"2,018","Political violence",14.651,46.620
2026-04-04,"Middle East",Yemen,Suqutra,Protests,"Peaceful protest",2,0,"40,973",Demonstrations,12.508,53.893
2026-04-04,"Middle East",Yemen,Taizz,Protests,"Peaceful protest",4,0,"60,971",Demonstrations,13.295,43.786
2026-04-04,"Middle East",Yemen,Taizz,"Violence against civilians",Attack,4,2,"29,892","Political violence",13.295,43.786
2026-04-04,"Middle East",Yemen,Taizz,Battles,"Armed clash",4,7,"77,719","Political violence",13.295,43.786
2026-04-04,"Middle East",Yemen,Taizz,"Explosions/Remote violence","Air/drone strike",2,1,"20,111","Political violence",13.295,43.786
2026-04-04,"Middle East",Yemen,Taizz,"Explosions/Remote violence","Remote explosive/landmine/IED",1,1,"22,353","Political violence",13.295,43.786
2026-04-04,"Middle East",Yemen,Taizz,"Explosions/Remote violence","Shelling/artillery/missile attack",1,0,"7,456","Political violence",13.295,43.786
2026-04-04,"Middle East",Yemen,Taizz,"Strategic developments","Change to group/activity",2,0,0,"Strategic developments",13.295,43.786
2026-04-11,"International Waters","Indian Ocean","North Indian Ocean","Strategic developments",Other,1,0,0,"Strategic developments",13.728,70.473
2026-04-11,"Middle East",Yemen,Abyan,"Strategic developments",Other,1,0,0,"Strategic developments",13.627,46.228
2026-04-11,"Middle East",Yemen,Abyan,"Explosions/Remote violence","Air/drone strike",1,0,"1,158","Political violence",13.627,46.228
2026-04-11,"Middle East",Yemen,"Ad Dali",Protests,"Peaceful protest",6,0,"107,984",Demonstrations,13.894,44.783
2026-04-11,"Middle East",Yemen,"Ad Dali",Battles,"Armed clash",3,0,"6,302","Political violence",13.894,44.783
2026-04-11,"Middle East",Yemen,Aden,Protests,"Peaceful protest",4,0,"43,399",Demonstrations,12.806,44.788
2026-04-11,"Middle East",Yemen,Aden,"Strategic developments","Change to group/activity",1,0,0,"Strategic developments",12.806,44.788
2026-04-11,"Middle East",Yemen,Aden,Battles,"Armed clash",1,0,"16,946","Political violence",12.806,44.788
2026-04-11,"Middle East",Yemen,Aden,"Violence against civilians",Attack,1,0,"23,648","Political violence",12.806,44.788
2026-04-11,"Middle East",Yemen,Aden,"Violence against civilians","Abduction/forced disappearance",1,0,"38,771","Political violence",12.806,44.788
2026-04-11,"Middle East",Yemen,"Al Bayda","Violence against civilians",Attack,2,2,"69,284","Political violence",14.326,45.216
2026-04-11,"Middle East",Yemen,"Al Bayda","Strategic developments","Looting/property destruction",1,0,0,"Strategic developments",14.326,45.216
2026-04-11,"Middle East",Yemen,"Al Bayda",Protests,"Peaceful protest",1,0,"43,537",Demonstrations,14.326,45.216
2026-04-11,"Middle East",Yemen,"Al Bayda",Battles,"Armed clash",2,0,"15,613","Political violence",14.326,45.216
2026-04-11,"Middle East",Yemen,"Al Hudaydah",Protests,"Peaceful protest",4,0,"55,641",Demonstrations,14.779,43.218
2026-04-11,"Middle East",Yemen,"Al Hudaydah",Battles,"Armed clash",1,4,"7,251","Political violence",14.779,43.218
2026-04-11,"Middle East",Yemen,"Al Hudaydah","Explosions/Remote violence","Remote explosive/landmine/IED",1,1,"53,429","Political violence",14.779,43.218
2026-04-11,"Middle East",Yemen,"Al Jawf",Protests,"Peaceful protest",13,0,"86,002",Demonstrations,16.596,45.599
2026-04-11,"Middle East",Yemen,"Al Jawf","Strategic developments","Looting/property destruction",1,0,0,"Strategic developments",16.596,45.599
2026-04-11,"Middle East",Yemen,"Al Mahrah",Protests,"Peaceful protest",2,0,"18,366",Demonstrations,17.057,51.824
2026-04-11,"Middle East",Yemen,"Al Mahwit",Protests,"Peaceful protest",9,0,"110,997",Demonstrations,15.308,43.499
2026-04-11,"Middle East",Yemen,"Amanat al Asimah","Strategic developments",Other,1,0,0,"Strategic developments",15.420,44.192
2026-04-11,"Middle East",Yemen,"Amanat al Asimah",Battles,"Armed clash",1,1,"122,414","Political violence",15.420,44.192
2026-04-11,"Middle East",Yemen,"Amanat al Asimah",Protests,"Peaceful protest",2,0,"95,551",Demonstrations,15.420,44.192
2026-04-11,"Middle East",Yemen,"Amanat al Asimah","Strategic developments","Change to group/activity",1,0,0,"Strategic developments",15.420,44.192
2026-04-11,"Middle East",Yemen,"Amanat al Asimah","Violence against civilians","Abduction/forced disappearance",1,0,"71,654","Political violence",15.420,44.192
2026-04-11,"Middle East",Yemen,Amran,Battles,"Armed clash",1,1,"32,226","Political violence",16.116,43.941
2026-04-11,"Middle East",Yemen,Amran,Protests,"Peaceful protest",2,0,"49,593",Demonstrations,16.116,43.941
2026-04-11,"Middle East",Yemen,Dhamar,Protests,"Peaceful protest",4,0,"62,034",Demonstrations,14.540,44.306
2026-04-11,"Middle East",Yemen,Dhamar,"Violence against civilians",Attack,2,1,"147,677","Political violence",14.540,44.306
2026-04-11,"Middle East",Yemen,Hadramawt,"Strategic developments",Other,2,0,0,"Strategic developments",16.529,48.627
2026-04-11,"Middle East",Yemen,Hadramawt,Battles,"Armed clash",1,1,"1,866","Political violence",16.529,48.627
2026-04-11,"Middle East",Yemen,Hadramawt,"Strategic developments","Disrupted weapons use",1,0,0,"Strategic developments",16.529,48.627
2026-04-11,"Middle East",Yemen,Hajjah,Protests,"Peaceful protest",2,0,"19,317",Demonstrations,16.094,43.204
2026-04-11,"Middle East",Yemen,Hajjah,"Violence against civilians","Abduction/forced disappearance",1,0,"4,166","Political violence",16.094,43.204
2026-04-11,"Middle East",Yemen,Hajjah,"Explosions/Remote violence","Remote explosive/landmine/IED",1,3,"9,952","Political violence",16.094,43.204
2026-04-11,"Middle East",Yemen,Ibb,"Violence against civilians",Attack,3,1,"48,489","Political violence",14.088,44.175
2026-04-11,"Middle East",Yemen,Ibb,Protests,"Peaceful protest",2,0,"23,220",Demonstrations,14.088,44.175
2026-04-11,"Middle East",Yemen,Ibb,"Violence against civilians","Abduction/forced disappearance",1,0,"10,473","Political violence",14.088,44.175
2026-04-11,"Middle East",Yemen,Ibb,Battles,"Armed clash",1,0,"18,803","Political violence",14.088,44.175
2026-04-11,"Middle East",Yemen,Lahij,Battles,"Armed clash",2,1,"17,108","Political violence",13.320,44.762
2026-04-11,"Middle East",Yemen,Lahij,Protests,"Peaceful protest",3,0,"8,790",Demonstrations,13.320,44.762
2026-04-11,"Middle East",Yemen,Marib,Protests,"Peaceful protest",18,0,"65,330",Demonstrations,15.333,45.452
2026-04-11,"Middle East",Yemen,Marib,"Explosions/Remote violence","Air/drone strike",1,1,"10,504","Political violence",15.333,45.452
2026-04-11,"Middle East",Yemen,Marib,Battles,"Armed clash",2,1,"22,157","Political violence",15.333,45.452
2026-04-11,"Middle East",Yemen,Raymah,Protests,"Peaceful protest",2,0,"3,103",Demonstrations,14.657,43.687
2026-04-11,"Middle East",Yemen,Sadah,Protests,"Peaceful protest",2,0,"54,755",Demonstrations,17.088,44.042
2026-04-11,"Middle East",Yemen,Sadah,"Violence against civilians",Attack,1,1,"66,609","Political violence",17.088,44.042
2026-04-11,"Middle East",Yemen,Sanaa,Protests,"Peaceful protest",6,0,"88,871",Demonstrations,15.393,44.475
2026-04-11,"Middle East",Yemen,Shabwah,Battles,"Armed clash",2,0,"5,484","Political violence",14.651,46.620
2026-04-11,"Middle East",Yemen,Shabwah,"Explosions/Remote violence","Air/drone strike",1,1,"6,783","Political violence",14.651,46.620
2026-04-11,"Middle East",Yemen,Shabwah,"Strategic developments",Other,1,0,0,"Strategic developments",14.651,46.620
2026-04-11,"Middle East",Yemen,Taizz,"Explosions/Remote violence","Shelling/artillery/missile attack",3,4,"45,441","Political violence",13.295,43.786
2026-04-11,"Middle East",Yemen,Taizz,Protests,"Peaceful protest",2,0,"55,899",Demonstrations,13.295,43.786
2026-04-11,"Middle East",Yemen,Taizz,Battles,"Armed clash",4,2,"101,526","Political violence",13.295,43.786
2026-04-11,"Middle East",Yemen,Taizz,"Strategic developments","Change to group/activity",7,0,0,"Strategic developments",13.295,43.786
2026-04-11,"Middle East",Yemen,Taizz,"Explosions/Remote violence","Air/drone strike",1,0,"4,925","Political violence",13.295,43.786
2026-04-11,"Middle East",Yemen,Taizz,"Explosions/Remote violence","Remote explosive/landmine/IED",1,0,"18,388","Political violence",13.295,43.786
2026-04-18,"International Waters","Indian Ocean","North Indian Ocean","Strategic developments","Change to group/activity",3,0,0,"Strategic developments",13.728,70.473
2026-04-18,"International Waters","Indian Ocean","North Indian Ocean","Strategic developments","Looting/property destruction",1,0,0,"Strategic developments",13.728,70.473
2026-04-18,"Middle East",Yemen,Abyan,Protests,"Peaceful protest",1,0,"13,099",Demonstrations,13.627,46.228
2026-04-18,"Middle East",Yemen,Abyan,Battles,"Armed clash",4,0,"104,513","Political violence",13.627,46.228
2026-04-18,"Middle East",Yemen,Abyan,"Strategic developments",Arrests,1,0,0,"Strategic developments",13.627,46.228
2026-04-18,"Middle East",Yemen,Abyan,"Strategic developments","Looting/property destruction",1,0,0,"Strategic developments",13.627,46.228
2026-04-18,"Middle East",Yemen,"Ad Dali","Explosions/Remote violence","Remote explosive/landmine/IED",2,2,"50,121","Political violence",13.894,44.783
2026-04-18,"Middle East",Yemen,"Ad Dali","Violence against civilians",Attack,1,0,"28,348","Political violence",13.894,44.783
2026-04-18,"Middle East",Yemen,"Ad Dali",Battles,"Armed clash",3,0,"57,258","Political violence",13.894,44.783
2026-04-18,"Middle East",Yemen,Aden,"Strategic developments","Change to group/activity",1,0,0,"Strategic developments",12.806,44.788
2026-04-18,"Middle East",Yemen,Aden,Battles,"Armed clash",1,0,"19,113","Political violence",12.806,44.788
2026-04-18,"Middle East",Yemen,Aden,"Violence against civilians","Abduction/forced disappearance",1,0,"24,672","Political violence",12.806,44.788
2026-04-18,"Middle East",Yemen,Aden,Protests,"Peaceful protest",2,0,"29,177",Demonstrations,12.806,44.788
2026-04-18,"Middle East",Yemen,"Al Bayda","Explosions/Remote violence","Air/drone strike",1,0,"6,291","Political violence",14.326,45.216
2026-04-18,"Middle East",Yemen,"Al Bayda","Explosions/Remote violence","Shelling/artillery/missile attack",1,0,"15,613","Political violence",14.326,45.216
2026-04-18,"Middle East",Yemen,"Al Bayda",Battles,"Armed clash",5,0,"15,613","Political violence",14.326,45.216
2026-04-18,"Middle East",Yemen,"Al Bayda","Violence against civilians",Attack,1,1,"22,347","Political violence",14.326,45.216
2026-04-18,"Middle East",Yemen,"Al Hudaydah",Protests,"Peaceful protest",6,0,"172,434",Demonstrations,14.779,43.218
2026-04-18,"Middle East",Yemen,"Al Jawf","Violence against civilians","Abduction/forced disappearance",1,0,"7,987","Political violence",16.596,45.599
2026-04-18,"Middle East",Yemen,"Al Jawf",Battles,"Armed clash",1,0,"17,575","Political violence",16.596,45.599
2026-04-18,"Middle East",Yemen,"Al Jawf","Strategic developments","Change to group/activity",1,0,0,"Strategic developments",16.596,45.599
2026-04-18,"Middle East",Yemen,"Al Jawf","Violence against civilians",Attack,1,1,"17,575","Political violence",16.596,45.599
2026-04-18,"Middle East",Yemen,"Al Mahrah","Strategic developments",Arrests,1,0,0,"Strategic developments",17.057,51.824
2026-04-18,"Middle East",Yemen,"Al Mahwit",Protests,"Peaceful protest",9,0,"111,128",Demonstrations,15.308,43.499
2026-04-18,"Middle East",Yemen,"Amanat al Asimah",Protests,"Peaceful protest",3,0,"97,193",Demonstrations,15.420,44.192
2026-04-18,"Middle East",Yemen,Amran,"Violence against civilians","Abduction/forced disappearance",1,0,"51,952","Political violence",16.116,43.941
2026-04-18,"Middle East",Yemen,Amran,"Violence against civilians",Attack,1,1,"77,758","Political violence",16.116,43.941
2026-04-18,"Middle East",Yemen,Hajjah,Protests,"Peaceful protest",9,0,"52,928",Demonstrations,16.094,43.204
2026-04-18,"Middle East",Yemen,Ibb,Protests,"Peaceful protest",4,0,"58,720",Demonstrations,14.088,44.175
2026-04-18,"Middle East",Yemen,Ibb,"Violence against civilians",Attack,3,1,"104,381","Political violence",14.088,44.175
2026-04-18,"Middle East",Yemen,Ibb,"Violence against civilians","Abduction/forced disappearance",3,0,"63,404","Political violence",14.088,44.175
2026-04-18,"Middle East",Yemen,Ibb,"Strategic developments","Headquarters or base established",1,0,0,"Strategic developments",14.088,44.175
2026-04-18,"Middle East",Yemen,Lahij,"Violence against civilians","Abduction/forced disappearance",1,0,641,"Political violence",13.320,44.762
2026-04-18,"Middle East",Yemen,Lahij,Protests,"Peaceful protest",2,0,522,Demonstrations,13.320,44.762
2026-04-18,"Middle East",Yemen,Lahij,Battles,"Armed clash",3,1,"19,783","Political violence",13.320,44.762
2026-04-18,"Middle East",Yemen,Lahij,"Explosions/Remote violence","Shelling/artillery/missile attack",1,1,"1,548","Political violence",13.320,44.762
2026-04-18,"Middle East",Yemen,Marib,Battles,"Armed clash",8,3,"46,087","Political violence",15.333,45.452
2026-04-18,"Middle East",Yemen,Marib,"Strategic developments","Looting/property destruction",1,0,0,"Strategic developments",15.333,45.452
2026-04-18,"Middle East",Yemen,Marib,"Violence against civilians",Attack,1,0,"22,127","Political violence",15.333,45.452
2026-04-18,"Middle East",Yemen,Marib,Protests,"Peaceful protest",1,0,"15,958",Demonstrations,15.333,45.452
2026-04-18,"Middle East",Yemen,Raymah,Protests,"Peaceful protest",2,0,"3,103",Demonstrations,14.657,43.687
2026-04-18,"Middle East",Yemen,Sadah,Protests,"Peaceful protest",4,0,"54,880",Demonstrations,17.088,44.042
2026-04-18,"Middle East",Yemen,Sanaa,Protests,"Peaceful protest",1,0,"1,082",Demonstrations,15.393,44.475
2026-04-18,"Middle East",Yemen,Sanaa,"Violence against civilians",Attack,1,1,"6,152","Political violence",15.393,44.475
2026-04-18,"Middle East",Yemen,Shabwah,"Violence against civilians",Attack,1,0,"27,401","Political violence",14.651,46.620
2026-04-18,"Middle East",Yemen,Shabwah,"Strategic developments","Change to group/activity",1,0,0,"Strategic developments",14.651,46.620
2026-04-18,"Middle East",Yemen,Shabwah,Battles,"Armed clash",1,0,"17,485","Political violence",14.651,46.620
2026-04-18,"Middle East",Yemen,Shabwah,Protests,"Peaceful protest",2,0,"14,822",Demonstrations,14.651,46.620
2026-04-18,"Middle East",Yemen,Taizz,Battles,"Armed clash",3,3,"92,838","Political violence",13.295,43.786
2026-04-18,"Middle East",Yemen,Taizz,Protests,"Peaceful protest",3,0,"47,692",Demonstrations,13.295,43.786
2026-04-18,"Middle East",Yemen,Taizz,"Violence against civilians",Attack,2,0,"14,226","Political violence",13.295,43.786
2026-04-18,"Middle East",Yemen,Taizz,"Explosions/Remote violence","Shelling/artillery/missile attack",1,1,989,"Political violence",13.295,43.786
2026-04-18,"Middle East",Yemen,Taizz,"Strategic developments","Change to group/activity",1,0,0,"Strategic developments",13.295,43.786
2026-04-18,"Middle East",Yemen,Taizz,"Violence against civilians","Abduction/forced disappearance",1,0,"17,582","Political violence",13.295,43.786
2026-04-25,"International Waters","Indian Ocean","North Indian Ocean","Strategic developments",Other,3,0,0,"Strategic developments",13.728,70.473
2026-04-25,"Middle East",Yemen,Abyan,Battles,"Armed clash",2,4,"24,161","Political violence",13.627,46.228
2026-04-25,"Middle East",Yemen,Abyan,"Strategic developments",Other,2,0,0,"Strategic developments",13.627,46.228
2026-04-25,"Middle East",Yemen,Abyan,"Strategic developments","Change to group/activity",1,0,0,"Strategic developments",13.627,46.228
2026-04-25,"Middle East",Yemen,"Ad Dali",Battles,"Armed clash",3,13,"56,839","Political violence",13.894,44.783
2026-04-25,"Middle East",Yemen,"Ad Dali","Strategic developments","Change to group/activity",1,0,0,"Strategic developments",13.894,44.783
2026-04-25,"Middle East",Yemen,Aden,Protests,"Peaceful protest",4,0,"44,012",Demonstrations,12.806,44.788
2026-04-25,"Middle East",Yemen,Aden,"Strategic developments","Change to group/activity",4,0,0,"Strategic developments",12.806,44.788
2026-04-25,"Middle East",Yemen,Aden,"Strategic developments",Other,1,0,0,"Strategic developments",12.806,44.788
2026-04-25,"Middle East",Yemen,Aden,"Violence against civilians",Attack,1,1,"19,774","Political violence",12.806,44.788
2026-04-25,"Middle East",Yemen,Aden,"Strategic developments","Non-violent transfer of territory",1,0,0,"Strategic developments",12.806,44.788
2026-04-25,"Middle East",Yemen,Aden,"Violence against civilians","Abduction/forced disappearance",1,0,"101,673","Political violence",12.806,44.788
2026-04-25,"Middle East",Yemen,Aden,Battles,"Armed clash",2,1,"73,498","Political violence",12.806,44.788
2026-04-25,"Middle East",Yemen,"Al Bayda",Battles,"Armed clash",5,1,"95,526","Political violence",14.326,45.216
2026-04-25,"Middle East",Yemen,"Al Bayda","Violence against civilians",Attack,1,1,"17,183","Political violence",14.326,45.216
2026-04-25,"Middle East",Yemen,"Al Bayda","Strategic developments","Change to group/activity",1,0,0,"Strategic developments",14.326,45.216
2026-04-25,"Middle East",Yemen,"Al Hudaydah","Explosions/Remote violence","Remote explosive/landmine/IED",1,0,"1,423","Political violence",14.779,43.218
2026-04-25,"Middle East",Yemen,"Al Hudaydah",Protests,"Peaceful protest",2,0,"66,467",Demonstrations,14.779,43.218
2026-04-25,"Middle East",Yemen,"Al Jawf",Battles,"Armed clash",5,4,"27,591","Political violence",16.596,45.599
2026-04-25,"Middle East",Yemen,"Al Mahrah",Riots,"Violent demonstration",1,0,"17,682",Demonstrations,17.057,51.824
2026-04-25,"Middle East",Yemen,"Al Mahrah","Strategic developments","Disrupted weapons use",1,0,0,"Strategic developments",17.057,51.824
2026-04-25,"Middle East",Yemen,"Al Mahrah","Violence against civilians",Attack,1,1,"44,772","Political violence",17.057,51.824
2026-04-25,"Middle East",Yemen,"Al Mahwit",Protests,"Peaceful protest",9,0,"111,128",Demonstrations,15.308,43.499
2026-04-25,"Middle East",Yemen,"Al Mahwit","Strategic developments","Change to group/activity",1,0,0,"Strategic developments",15.308,43.499
2026-04-25,"Middle East",Yemen,"Amanat al Asimah","Strategic developments",Other,3,0,0,"Strategic developments",15.420,44.192
2026-04-25,"Middle East",Yemen,"Amanat al Asimah","Strategic developments","Looting/property destruction",2,0,0,"Strategic developments",15.420,44.192
2026-04-25,"Middle East",Yemen,"Amanat al Asimah",Protests,"Peaceful protest",1,0,"56,789",Demonstrations,15.420,44.192
2026-04-25,"Middle East",Yemen,"Amanat al Asimah","Strategic developments","Change to group/activity",1,0,0,"Strategic developments",15.420,44.192
2026-04-25,"Middle East",Yemen,Amran,"Violence against civilians",Attack,1,1,"77,758","Political violence",16.116,43.941
2026-04-25,"Middle East",Yemen,Amran,"Strategic developments","Change to group/activity",1,0,0,"Strategic developments",16.116,43.941
2026-04-25,"Middle East",Yemen,Dhamar,"Strategic developments","Change to group/activity",1,0,0,"Strategic developments",14.540,44.306
2026-04-25,"Middle East",Yemen,Hadramawt,"Explosions/Remote violence","Remote explosive/landmine/IED",1,3,"104,626","Political violence",16.529,48.627
2026-04-25,"Middle East",Yemen,Hadramawt,"Strategic developments","Disrupted weapons use",3,0,0,"Strategic developments",16.529,48.627
2026-04-25,"Middle East",Yemen,Hadramawt,Protests,"Peaceful protest",2,0,"14,286",Demonstrations,16.529,48.627
2026-04-25,"Middle East",Yemen,Hadramawt,"Strategic developments","Looting/property destruction",1,0,0,"Strategic developments",16.529,48.627
2026-04-25,"Middle East",Yemen,Hadramawt,"Violence against civilians",Attack,1,0,"82,355","Political violence",16.529,48.627
2026-04-25,"Middle East",Yemen,Hadramawt,"Strategic developments","Change to group/activity",1,0,0,"Strategic developments",16.529,48.627
2026-04-25,"Middle East",Yemen,Hajjah,"Violence against civilians","Abduction/forced disappearance",1,0,3,"Political violence",16.094,43.204
2026-04-25,"Middle East",Yemen,Hajjah,Battles,"Armed clash",1,0,3,"Political violence",16.094,43.204
2026-04-25,"Middle East",Yemen,Hajjah,Protests,"Peaceful protest",2,0,"19,317",Demonstrations,16.094,43.204
2026-04-25,"Middle East",Yemen,Ibb,"Violence against civilians",Attack,3,2,"58,056","Political violence",14.088,44.175
2026-04-25,"Middle East",Yemen,Ibb,"Violence against civilians","Abduction/forced disappearance",2,0,"51,859","Political violence",14.088,44.175
2026-04-25,"Middle East",Yemen,Ibb,"Strategic developments","Looting/property destruction",1,0,0,"Strategic developments",14.088,44.175
2026-04-25,"Middle East",Yemen,Ibb,Protests,"Peaceful protest",2,0,"23,220",Demonstrations,14.088,44.175
2026-04-25,"Middle East",Yemen,Lahij,"Violence against civilians",Attack,1,1,"5,261","Political violence",13.320,44.762
2026-04-25,"Middle East",Yemen,Lahij,Battles,"Armed clash",2,0,"16,340","Political violence",13.320,44.762
2026-04-25,"Middle East",Yemen,Marib,"Explosions/Remote violence","Air/drone strike",4,5,"57,379","Political violence",15.333,45.452
2026-04-25,"Middle East",Yemen,Marib,Protests,"Peaceful protest",1,0,"15,958",Demonstrations,15.333,45.452
2026-04-25,"Middle East",Yemen,Raymah,"Violence against civilians","Abduction/forced disappearance",1,0,"18,863","Political violence",14.657,43.687
2026-04-25,"Middle East",Yemen,Raymah,Protests,"Peaceful protest",2,0,"3,103",Demonstrations,14.657,43.687
2026-04-25,"Middle East",Yemen,Sadah,"Violence against civilians",Attack,1,2,"29,292","Political violence",17.088,44.042
2026-04-25,"Middle East",Yemen,Shabwah,Battles,"Armed clash",2,0,"72,750","Political violence",14.651,46.620
2026-04-25,"Middle East",Yemen,Shabwah,"Strategic developments","Non-violent transfer of territory",6,0,0,"Strategic developments",14.651,46.620
2026-04-25,"Middle East",Yemen,Suqutra,Protests,"Peaceful protest",1,0,"40,973",Demonstrations,12.508,53.893
2026-04-25,"Middle East",Yemen,Taizz,"Violence against civilians",Attack,2,0,"23,638","Political violence",13.295,43.786
2026-04-25,"Middle East",Yemen,Taizz,Protests,"Peaceful protest",2,0,"33,497",Demonstrations,13.295,43.786
2026-05-02,"International Waters","Indian Ocean","North Indian Ocean","Strategic developments",Arrests,1,0,0,"Strategic developments",13.728,70.473
2026-05-02,"International Waters","Indian Ocean","North Indian Ocean","Violence against civilians","Abduction/forced disappearance",1,0,0,"Political violence",13.728,70.473
2026-05-02,"Middle East",Yemen,Abyan,Riots,"Mob violence",1,0,"52,378","Political violence",13.627,46.228
2026-05-02,"Middle East",Yemen,Abyan,"Strategic developments","Change to group/activity",1,0,0,"Strategic developments",13.627,46.228
2026-05-02,"Middle East",Yemen,Abyan,Battles,"Armed clash",1,0,991,"Political violence",13.627,46.228
2026-05-02,"Middle East",Yemen,"Ad Dali","Explosions/Remote violence","Remote explosive/landmine/IED",2,0,"36,191","Political violence",13.894,44.783
2026-05-02,"Middle East",Yemen,"Ad Dali",Battles,"Armed clash",7,26,"47,484","Political violence",13.894,44.783
2026-05-02,"Middle East",Yemen,Aden,Protests,"Peaceful protest",2,0,"26,675",Demonstrations,12.806,44.788
2026-05-02,"Middle East",Yemen,Aden,"Violence against civilians","Abduction/forced disappearance",2,0,"21,742","Political violence",12.806,44.788
2026-05-02,"Middle East",Yemen,Aden,"Strategic developments","Change to group/activity",2,0,0,"Strategic developments",12.806,44.788
2026-05-02,"Middle East",Yemen,Aden,"Violence against civilians",Attack,2,1,"42,168","Political violence",12.806,44.788
2026-05-02,"Middle East",Yemen,Aden,"Strategic developments","Disrupted weapons use",1,0,0,"Strategic developments",12.806,44.788
2026-05-02,"Middle East",Yemen,"Al Bayda",Battles,"Armed clash",2,0,"15,613","Political violence",14.326,45.216
2026-05-02,"Middle East",Yemen,"Al Hudaydah",Protests,"Peaceful protest",3,0,"66,467",Demonstrations,14.779,43.218
2026-05-02,"Middle East",Yemen,"Al Hudaydah","Explosions/Remote violence","Remote explosive/landmine/IED",1,0,"23,352","Political violence",14.779,43.218
2026-05-02,"Middle East",Yemen,"Al Hudaydah","Explosions/Remote violence","Shelling/artillery/missile attack",4,4,"317,888","Political violence",14.779,43.218
2026-05-02,"Middle East",Yemen,"Al Jawf",Protests,"Peaceful protest",12,0,"65,140",Demonstrations,16.596,45.599
2026-05-02,"Middle East",Yemen,"Al Mahrah",Protests,"Peaceful protest",1,0,36,Demonstrations,17.057,51.824
2026-05-02,"Middle East",Yemen,"Al Mahwit",Protests,"Peaceful protest",10,0,"111,128",Demonstrations,15.308,43.499
2026-05-02,"Middle East",Yemen,"Amanat al Asimah","Strategic developments","Looting/property destruction",1,0,0,"Strategic developments",15.420,44.192
2026-05-02,"Middle East",Yemen,"Amanat al Asimah",Protests,"Peaceful protest",2,0,"56,789",Demonstrations,15.420,44.192
2026-05-02,"Middle East",Yemen,"Amanat al Asimah","Violence against civilians","Abduction/forced disappearance",1,0,"31,634","Political violence",15.420,44.192
2026-05-02,"Middle East",Yemen,Amran,"Violence against civilians",Attack,1,2,"46,275","Political violence",16.116,43.941
2026-05-02,"Middle East",Yemen,Amran,Battles,"Armed clash",1,0,"46,275","Political violence",16.116,43.941
2026-05-02,"Middle East",Yemen,Hadramawt,Protests,"Peaceful protest",6,0,"57,829",Demonstrations,16.529,48.627
2026-05-02,"Middle East",Yemen,Hadramawt,"Strategic developments",Other,2,0,0,"Strategic developments",16.529,48.627
2026-05-02,"Middle East",Yemen,Hadramawt,Protests,"Protest with intervention",1,0,"5,046",Demonstrations,16.529,48.627
2026-05-02,"Middle East",Yemen,Hadramawt,"Strategic developments","Change to group/activity",1,0,0,"Strategic developments",16.529,48.627
2026-05-02,"Middle East",Yemen,Hadramawt,"Violence against civilians","Abduction/forced disappearance",2,0,"35,811","Political violence",16.529,48.627
2026-05-02,"Middle East",Yemen,Hajjah,Protests,"Peaceful protest",16,0,"108,434",Demonstrations,16.094,43.204
2026-05-02,"Middle East",Yemen,Hajjah,"Strategic developments","Looting/property destruction",1,0,0,"Strategic developments",16.094,43.204
2026-05-02,"Middle East",Yemen,Ibb,Protests,"Peaceful protest",3,0,"47,162",Demonstrations,14.088,44.175
2026-05-02,"Middle East",Yemen,Ibb,"Violence against civilians",Attack,3,0,"58,851","Political violence",14.088,44.175
2026-05-02,"Middle East",Yemen,Ibb,"Strategic developments","Change to group/activity",1,0,0,"Strategic developments",14.088,44.175
2026-05-02,"Middle East",Yemen,Lahij,Protests,"Peaceful protest",2,0,"2,457",Demonstrations,13.320,44.762
2026-05-02,"Middle East",Yemen,Lahij,Battles,"Armed clash",2,0,"2,250","Political violence",13.320,44.762
2026-05-02,"Middle East",Yemen,Raymah,Protests,"Peaceful protest",2,0,"3,103",Demonstrations,14.657,43.687
2026-05-02,"Middle East",Yemen,Sadah,Protests,"Peaceful protest",2,0,"54,755",Demonstrations,17.088,44.042
2026-05-02,"Middle East",Yemen,Sanaa,Protests,"Peaceful protest",3,0,"8,253",Demonstrations,15.393,44.475
2026-05-02,"Middle East",Yemen,Sanaa,Battles,"Armed clash",2,0,"30,696","Political violence",15.393,44.475
2026-05-02,"Middle East",Yemen,Shabwah,Battles,"Armed clash",5,1,"49,949","Political violence",14.651,46.620
2026-05-02,"Middle East",Yemen,Shabwah,"Explosions/Remote violence","Shelling/artillery/missile attack",2,0,"2,018","Political violence",14.651,46.620
2026-05-02,"Middle East",Yemen,Suqutra,Protests,"Peaceful protest",1,0,"40,973",Demonstrations,12.508,53.893
2026-05-02,"Middle East",Yemen,Taizz,Protests,"Peaceful protest",5,0,"65,667",Demonstrations,13.295,43.786
2026-05-02,"Middle East",Yemen,Taizz,Battles,"Armed clash",1,0,"15,006","Political violence",13.295,43.786
2026-05-02,"Middle East",Yemen,Taizz,"Violence against civilians",Attack,1,0,"2,040","Political violence",13.295,43.786
2026-05-09,"Middle East",Yemen,Abyan,Battles,"Armed clash",2,3,"85,655","Political violence",13.627,46.228
2026-05-09,"Middle East",Yemen,Abyan,"Strategic developments",Other,1,0,0,"Strategic developments",13.627,46.228
2026-05-09,"Middle East",Yemen,"Ad Dali","Explosions/Remote violence","Air/drone strike",1,0,"4,323","Political violence",13.894,44.783
2026-05-09,"Middle East",Yemen,"Ad Dali",Battles,"Armed clash",6,6,"25,324","Political violence",13.894,44.783
2026-05-09,"Middle East",Yemen,"Ad Dali","Explosions/Remote violence","Shelling/artillery/missile attack",2,0,"63,525","Political violence",13.894,44.783
2026-05-09,"Middle East",Yemen,"Ad Dali","Strategic developments","Change to group/activity",1,0,0,"Strategic developments",13.894,44.783
2026-05-09,"Middle East",Yemen,Aden,Protests,"Peaceful protest",4,0,"19,957",Demonstrations,12.806,44.788
2026-05-09,"Middle East",Yemen,Aden,Riots,"Violent demonstration",1,0,"20,096",Demonstrations,12.806,44.788
2026-05-09,"Middle East",Yemen,Aden,"Strategic developments","Change to group/activity",2,0,0,"Strategic developments",12.806,44.788
2026-05-09,"Middle East",Yemen,"Al Bayda",Protests,"Peaceful protest",1,0,"43,537",Demonstrations,14.326,45.216
2026-05-09,"Middle East",Yemen,"Al Bayda",Battles,"Armed clash",1,0,"15,613","Political violence",14.326,45.216
2026-05-09,"Middle East",Yemen,"Al Hudaydah",Riots,"Mob violence",1,0,"3,900","Political violence",14.779,43.218
2026-05-09,"Middle East",Yemen,"Al Hudaydah","Strategic developments","Looting/property destruction",5,0,0,"Strategic developments",14.779,43.218
2026-05-09,"Middle East",Yemen,"Al Hudaydah",Protests,"Peaceful protest",2,0,"66,467",Demonstrations,14.779,43.218
2026-05-09,"Middle East",Yemen,"Al Hudaydah","Strategic developments","Change to group/activity",1,0,0,"Strategic developments",14.779,43.218
2026-05-09,"Middle East",Yemen,"Al Jawf","Strategic developments","Looting/property destruction",1,0,0,"Strategic developments",16.596,45.599
2026-05-09,"Middle East",Yemen,"Al Jawf",Battles,"Armed clash",2,2,"23,041","Political violence",16.596,45.599
2026-05-09,"Middle East",Yemen,"Al Jawf","Strategic developments","Change to group/activity",2,0,0,"Strategic developments",16.596,45.599
2026-05-09,"Middle East",Yemen,"Al Jawf","Violence against civilians",Attack,1,1,"17,575","Political violence",16.596,45.599
2026-05-09,"Middle East",Yemen,"Al Jawf","Explosions/Remote violence","Remote explosive/landmine/IED",1,0,"8,801","Political violence",16.596,45.599
2026-05-09,"Middle East",Yemen,"Al Mahwit",Protests,"Peaceful protest",9,0,"111,128",Demonstrations,15.308,43.499
2026-05-09,"Middle East",Yemen,"Amanat al Asimah","Strategic developments",Other,1,0,0,"Strategic developments",15.420,44.192
2026-05-09,"Middle East",Yemen,"Amanat al Asimah",Protests,"Peaceful protest",1,0,"56,789",Demonstrations,15.420,44.192
2026-05-09,"Middle East",Yemen,"Amanat al Asimah","Strategic developments","Looting/property destruction",2,0,0,"Strategic developments",15.420,44.192
2026-05-09,"Middle East",Yemen,"Amanat al Asimah","Violence against civilians","Abduction/forced disappearance",3,0,"102,569","Political violence",15.420,44.192
2026-05-09,"Middle East",Yemen,Amran,Battles,"Armed clash",2,1,"77,779","Political violence",16.116,43.941
2026-05-09,"Middle East",Yemen,Amran,Protests,"Peaceful protest",1,0,"49,593",Demonstrations,16.116,43.941
2026-05-09,"Middle East",Yemen,Dhamar,Protests,"Peaceful protest",1,0,"57,572",Demonstrations,14.540,44.306
2026-05-09,"Middle East",Yemen,Dhamar,"Violence against civilians","Abduction/forced disappearance",1,0,"17,148","Political violence",14.540,44.306
2026-05-09,"Middle East",Yemen,Hadramawt,"Strategic developments","Disrupted weapons use",1,0,0,"Strategic developments",16.529,48.627
2026-05-09,"Middle East",Yemen,Hadramawt,Protests,"Peaceful protest",2,0,"36,133",Demonstrations,16.529,48.627
2026-05-09,"Middle East",Yemen,Hadramawt,"Strategic developments","Change to group/activity",1,0,0,"Strategic developments",16.529,48.627
2026-05-09,"Middle East",Yemen,Hajjah,"Explosions/Remote violence","Shelling/artillery/missile attack",1,0,"11,630","Political violence",16.094,43.204
2026-05-09,"Middle East",Yemen,Hajjah,Protests,"Peaceful protest",2,0,"19,317",Demonstrations,16.094,43.204
2026-05-09,"Middle East",Yemen,Ibb,Protests,"Peaceful protest",2,0,"23,220",Demonstrations,14.088,44.175
2026-05-09,"Middle East",Yemen,Lahij,Protests,"Peaceful protest",1,0,"14,548",Demonstrations,13.320,44.762
2026-05-09,"Middle East",Yemen,Lahij,"Strategic developments","Change to group/activity",1,0,0,"Strategic developments",13.320,44.762
2026-05-09,"Middle East",Yemen,Lahij,"Explosions/Remote violence","Shelling/artillery/missile attack",1,0,"5,850","Political violence",13.320,44.762
2026-05-09,"Middle East",Yemen,Lahij,"Strategic developments","Non-violent transfer of territory",1,0,0,"Strategic developments",13.320,44.762
2026-05-09,"Middle East",Yemen,Lahij,Battles,"Armed clash",6,0,"22,623","Political violence",13.320,44.762
2026-05-09,"Middle East",Yemen,Marib,Battles,"Armed clash",4,10,"18,018","Political violence",15.333,45.452
2026-05-09,"Middle East",Yemen,Marib,Protests,"Peaceful protest",1,0,"15,958",Demonstrations,15.333,45.452
2026-05-09,"Middle East",Yemen,Raymah,"Violence against civilians","Abduction/forced disappearance",1,0,"9,245","Political violence",14.657,43.687
2026-05-09,"Middle East",Yemen,Raymah,Protests,"Peaceful protest",2,0,"3,103",Demonstrations,14.657,43.687
2026-05-09,"Middle East",Yemen,Sadah,Protests,"Peaceful protest",1,0,"54,755",Demonstrations,17.088,44.042
2026-05-09,"Middle East",Yemen,Shabwah,Battles,"Armed clash",4,0,522,"Political violence",14.651,46.620
2026-05-09,"Middle East",Yemen,Shabwah,"Explosions/Remote violence","Shelling/artillery/missile attack",1,0,"2,018","Political violence",14.651,46.620
2026-05-09,"Middle East",Yemen,Taizz,"Strategic developments","Change to group/activity",2,0,0,"Strategic developments",13.295,43.786
2026-05-09,"Middle East",Yemen,Taizz,Protests,"Peaceful protest",4,0,"99,602",Demonstrations,13.295,43.786
2026-05-09,"Middle East",Yemen,Taizz,Riots,"Violent demonstration",2,0,"39,637",Demonstrations,13.295,43.786
2026-05-09,"Middle East",Yemen,Taizz,"Explosions/Remote violence","Shelling/artillery/missile attack",4,0,"103,083","Political violence",13.295,43.786
2026-05-09,"Middle East",Yemen,Taizz,Battles,"Armed clash",2,0,"19,456","Political violence",13.295,43.786
2026-05-16,"International Waters","Indian Ocean","North Indian Ocean","Strategic developments",Other,1,0,0,"Strategic developments",13.728,70.473
2026-05-16,"Middle East",Yemen,Abyan,Battles,"Armed clash",1,1,"24,499","Political violence",13.627,46.228
2026-05-16,"Middle East",Yemen,Abyan,"Strategic developments","Change to group/activity",3,0,0,"Strategic developments",13.627,46.228
2026-05-16,"Middle East",Yemen,"Ad Dali",Protests,"Peaceful protest",8,0,"81,547",Demonstrations,13.894,44.783
2026-05-16,"Middle East",Yemen,"Ad Dali","Explosions/Remote violence","Shelling/artillery/missile attack",3,0,"8,320","Political violence",13.894,44.783
2026-05-16,"Middle East",Yemen,"Ad Dali",Battles,"Armed clash",6,1,"44,679","Political violence",13.894,44.783
2026-05-16,"Middle East",Yemen,"Ad Dali","Violence against civilians",Attack,2,0,"50,760","Political violence",13.894,44.783
2026-05-16,"Middle East",Yemen,Aden,Riots,"Violent demonstration",2,0,"31,755",Demonstrations,12.806,44.788
2026-05-16,"Middle East",Yemen,Aden,Protests,"Peaceful protest",2,0,"27,340",Demonstrations,12.806,44.788
2026-05-16,"Middle East",Yemen,Aden,Battles,"Armed clash",1,0,"16,910","Political violence",12.806,44.788
2026-05-16,"Middle East",Yemen,Aden,"Strategic developments","Change to group/activity",1,0,0,"Strategic developments",12.806,44.788
2026-05-16,"Middle East",Yemen,"Al Bayda",Battles,"Armed clash",1,0,"15,613","Political violence",14.326,45.216
2026-05-16,"Middle East",Yemen,"Al Bayda",Protests,"Peaceful protest",3,0,"43,537",Demonstrations,14.326,45.216
2026-05-16,"Middle East",Yemen,"Al Bayda","Violence against civilians",Attack,1,1,"16,565","Political violence",14.326,45.216
2026-05-16,"Middle East",Yemen,"Al Hudaydah",Protests,"Peaceful protest",7,0,"188,130",Demonstrations,14.779,43.218
2026-05-16,"Middle East",Yemen,"Al Hudaydah","Explosions/Remote violence","Remote explosive/landmine/IED",1,1,"3,353","Political violence",14.779,43.218
2026-05-16,"Middle East",Yemen,"Al Hudaydah","Strategic developments","Change to group/activity",2,0,0,"Strategic developments",14.779,43.218
2026-05-16,"Middle East",Yemen,"Al Jawf","Strategic developments","Change to group/activity",1,0,0,"Strategic developments",16.596,45.599
2026-05-16,"Middle East",Yemen,"Al Jawf",Protests,"Peaceful protest",1,0,"1,344",Demonstrations,16.596,45.599
2026-05-16,"Middle East",Yemen,"Al Jawf","Explosions/Remote violence","Remote explosive/landmine/IED",1,0,"4,686","Political violence",16.596,45.599
2026-05-16,"Middle East",Yemen,"Al Jawf",Battles,"Armed clash",1,0,"9,866","Political violence",16.596,45.599
2026-05-16,"Middle East",Yemen,"Al Mahwit",Protests,"Peaceful protest",21,0,"111,128",Demonstrations,15.308,43.499
2026-05-16,"Middle East",Yemen,"Al Mahwit","Violence against civilians",Attack,1,0,"15,234","Political violence",15.308,43.499
2026-05-16,"Middle East",Yemen,"Al Mahwit",Protests,"Excessive force against protesters",1,0,"5,037","Political violence; Demonstrations",15.308,43.499
2026-05-16,"Middle East",Yemen,"Amanat al Asimah",Protests,"Peaceful protest",17,0,"649,277",Demonstrations,15.420,44.192
2026-05-16,"Middle East",Yemen,"Amanat al Asimah",Battles,"Armed clash",1,1,"84,308","Political violence",15.420,44.192
2026-05-16,"Middle East",Yemen,"Amanat al Asimah","Violence against civilians","Abduction/forced disappearance",2,0,"130,275","Political violence",15.420,44.192
2026-05-16,"Middle East",Yemen,Amran,Protests,"Peaceful protest",2,0,"49,593",Demonstrations,16.116,43.941
2026-05-16,"Middle East",Yemen,Amran,Battles,"Armed clash",1,0,"31,504","Political violence",16.116,43.941
2026-05-16,"Middle East",Yemen,Dhamar,Protests,"Peaceful protest",2,0,"57,572",Demonstrations,14.540,44.306
2026-05-16,"Middle East",Yemen,Dhamar,Battles,"Armed clash",1,0,860,"Political violence",14.540,44.306
2026-05-16,"Middle East",Yemen,Hadramawt,"Violence against civilians","Abduction/forced disappearance",1,0,"17,008","Political violence",16.529,48.627
2026-05-16,"Middle East",Yemen,Hadramawt,"Strategic developments","Disrupted weapons use",2,0,0,"Strategic developments",16.529,48.627
2026-05-16,"Middle East",Yemen,Hadramawt,Protests,"Peaceful protest",4,0,"78,899",Demonstrations,16.529,48.627
2026-05-16,"Middle East",Yemen,Hadramawt,"Strategic developments","Change to group/activity",2,0,0,"Strategic developments",16.529,48.627
2026-05-16,"Middle East",Yemen,Hajjah,Protests,"Peaceful protest",19,0,"209,030",Demonstrations,16.094,43.204
2026-05-16,"Middle East",Yemen,Hajjah,"Violence against civilians","Abduction/forced disappearance",4,0,"36,240","Political violence",16.094,43.204
2026-05-16,"Middle East",Yemen,Hajjah,"Explosions/Remote violence","Shelling/artillery/missile attack",1,0,"43,271","Political violence",16.094,43.204
2026-05-16,"Middle East",Yemen,Hajjah,"Strategic developments","Disrupted weapons use",1,0,0,"Strategic developments",16.094,43.204
2026-05-16,"Middle East",Yemen,Hajjah,"Strategic developments","Change to group/activity",1,0,0,"Strategic developments",16.094,43.204
2026-05-16,"Middle East",Yemen,Ibb,Protests,"Peaceful protest",5,0,"36,503",Demonstrations,14.088,44.175
2026-05-16,"Middle East",Yemen,Ibb,"Violence against civilians","Abduction/forced disappearance",3,0,"78,919","Political violence",14.088,44.175
2026-05-16,"Middle East",Yemen,Ibb,"Strategic developments","Looting/property destruction",1,0,0,"Strategic developments",14.088,44.175
2026-05-16,"Middle East",Yemen,Ibb,"Violence against civilians",Attack,1,1,"33,343","Political violence",14.088,44.175
2026-05-16,"Middle East",Yemen,Lahij,Protests,"Peaceful protest",1,0,"1,106",Demonstrations,13.320,44.762
2026-05-16,"Middle East",Yemen,Lahij,Battles,"Armed clash",2,0,741,"Political violence",13.320,44.762
2026-05-16,"Middle East",Yemen,Marib,"Violence against civilians","Abduction/forced disappearance",1,0,"22,127","Political violence",15.333,45.452
2026-05-16,"Middle East",Yemen,Marib,Protests,"Peaceful protest",9,0,"31,532",Demonstrations,15.333,45.452
2026-05-16,"Middle East",Yemen,Marib,"Strategic developments","Looting/property destruction",1,0,0,"Strategic developments",15.333,45.452
2026-05-16,"Middle East",Yemen,Marib,"Explosions/Remote violence","Shelling/artillery/missile attack",1,0,"22,127","Political violence",15.333,45.452
2026-05-16,"Middle East",Yemen,Marib,Battles,"Armed clash",2,2,"3,052","Political violence",15.333,45.452
2026-05-16,"Middle East",Yemen,Raymah,Protests,"Peaceful protest",3,0,"3,103",Demonstrations,14.657,43.687
2026-05-16,"Middle East",Yemen,Sadah,Protests,"Peaceful protest",3,0,"54,755",Demonstrations,17.088,44.042
2026-05-16,"Middle East",Yemen,Sadah,Battles,"Armed clash",1,8,"11,464","Political violence",17.088,44.042
2026-05-16,"Middle East",Yemen,Sadah,"Violence against civilians","Abduction/forced disappearance",1,0,"35,008","Political violence",17.088,44.042
2026-05-16,"Middle East",Yemen,Sanaa,Protests,"Peaceful protest",10,0,"45,926",Demonstrations,15.393,44.475
2026-05-16,"Middle East",Yemen,Sanaa,"Explosions/Remote violence","Remote explosive/landmine/IED",1,2,"7,322","Political violence",15.393,44.475
2026-05-16,"Middle East",Yemen,Sanaa,"Strategic developments","Looting/property destruction",1,0,0,"Strategic developments",15.393,44.475
2026-05-16,"Middle East",Yemen,Sanaa,"Violence against civilians",Attack,1,1,"2,248","Political violence",15.393,44.475
2026-05-16,"Middle East",Yemen,Sanaa,"Violence against civilians","Abduction/forced disappearance",1,0,"72,329","Political violence",15.393,44.475
2026-05-16,"Middle East",Yemen,Shabwah,Protests,"Peaceful protest",1,0,255,Demonstrations,14.651,46.620
2026-05-16,"Middle East",Yemen,Shabwah,Battles,"Armed clash",2,5,"13,197","Political violence",14.651,46.620
2026-05-16,"Middle East",Yemen,Shabwah,"Strategic developments","Change to group/activity",1,0,0,"Strategic developments",14.651,46.620
2026-05-16,"Middle East",Yemen,Suqutra,Battles,"Armed clash",1,0,"59,979","Political violence",12.508,53.893
2026-05-16,"Middle East",Yemen,Taizz,"Explosions/Remote violence","Air/drone strike",2,0,"75,914","Political violence",13.295,43.786
2026-05-16,"Middle East",Yemen,Taizz,Protests,"Peaceful protest",14,0,"181,779",Demonstrations,13.295,43.786
2026-05-16,"Middle East",Yemen,Taizz,"Strategic developments",Other,1,0,0,"Strategic developments",13.295,43.786
2026-05-16,"Middle East",Yemen,Taizz,"Violence against civilians","Abduction/forced disappearance",3,0,"157,257","Political violence",13.295,43.786
2026-05-23,"Middle East",Yemen,Abyan,"Violence against civilians",Attack,2,1,"35,717","Political violence",13.627,46.228
2026-05-23,"Middle East",Yemen,Abyan,Battles,"Armed clash",3,0,991,"Political violence",13.627,46.228
2026-05-23,"Middle East",Yemen,Abyan,"Strategic developments",Other,1,0,0,"Strategic developments",13.627,46.228
2026-05-23,"Middle East",Yemen,"Ad Dali",Battles,"Armed clash",3,6,"35,674","Political violence",13.894,44.783
2026-05-23,"Middle East",Yemen,Aden,Protests,"Peaceful protest",1,0,"4,692",Demonstrations,12.806,44.788
2026-05-23,"Middle East",Yemen,"Al Bayda",Battles,"Armed clash",1,0,"15,613","Political violence",14.326,45.216
2026-05-23,"Middle East",Yemen,"Al Bayda",Protests,"Peaceful protest",2,0,"47,177",Demonstrations,14.326,45.216
2026-05-23,"Middle East",Yemen,"Al Hudaydah","Strategic developments","Change to group/activity",1,0,0,"Strategic developments",14.779,43.218
2026-05-23,"Middle East",Yemen,"Al Hudaydah",Battles,"Armed clash",2,0,"59,560","Political violence",14.779,43.218
2026-05-23,"Middle East",Yemen,"Al Hudaydah",Protests,"Peaceful protest",1,0,"66,467",Demonstrations,14.779,43.218
2026-05-23,"Middle East",Yemen,"Al Jawf",Protests,"Peaceful protest",1,0,"13,003",Demonstrations,16.596,45.599
2026-05-23,"Middle East",Yemen,"Amanat al Asimah",Protests,"Peaceful protest",4,0,"56,789",Demonstrations,15.420,44.192
2026-05-23,"Middle East",Yemen,"Amanat al Asimah","Violence against civilians",Attack,1,1,"77,494","Political violence",15.420,44.192
2026-05-23,"Middle East",Yemen,Amran,"Strategic developments","Looting/property destruction",1,0,0,"Strategic developments",16.116,43.941
2026-05-23,"Middle East",Yemen,Amran,Battles,"Armed clash",1,3,"25,345","Political violence",16.116,43.941
2026-05-23,"Middle East",Yemen,Dhamar,"Violence against civilians",Attack,1,0,"129,879","Political violence",14.540,44.306
2026-05-23,"Middle East",Yemen,Dhamar,Protests,"Peaceful protest",1,0,"57,572",Demonstrations,14.540,44.306
2026-05-23,"Middle East",Yemen,Hadramawt,"Violence against civilians","Abduction/forced disappearance",1,0,"2,002","Political violence",16.529,48.627
2026-05-23,"Middle East",Yemen,Hajjah,Protests,"Peaceful protest",2,0,"19,317",Demonstrations,16.094,43.204
2026-05-23,"Middle East",Yemen,Ibb,"Violence against civilians",Attack,1,1,"12,728","Political violence",14.088,44.175
2026-05-23,"Middle East",Yemen,Ibb,Protests,"Peaceful protest",2,0,"23,220",Demonstrations,14.088,44.175
2026-05-23,"Middle East",Yemen,Ibb,"Strategic developments","Looting/property destruction",1,0,0,"Strategic developments",14.088,44.175
2026-05-23,"Middle East",Yemen,Lahij,"Violence against civilians",Attack,1,1,"29,047","Political violence",13.320,44.762
2026-05-23,"Middle East",Yemen,Lahij,Battles,"Armed clash",5,0,"34,590","Political violence",13.320,44.762
2026-05-23,"Middle East",Yemen,Marib,"Strategic developments","Looting/property destruction",1,0,0,"Strategic developments",15.333,45.452
2026-05-23,"Middle East",Yemen,Raymah,Protests,"Peaceful protest",1,0,"3,103",Demonstrations,14.657,43.687
2026-05-23,"Middle East",Yemen,Sadah,Protests,"Peaceful protest",2,0,"64,781",Demonstrations,17.088,44.042
2026-05-23,"Middle East",Yemen,Sadah,"Violence against civilians",Attack,1,0,"35,008","Political violence",17.088,44.042
2026-05-23,"Middle East",Yemen,Sadah,"Explosions/Remote violence","Shelling/artillery/missile attack",1,0,"17,699","Political violence",17.088,44.042
2026-05-23,"Middle East",Yemen,Sadah,"Explosions/Remote violence","Remote explosive/landmine/IED",1,1,"81,703","Political violence",17.088,44.042
2026-05-23,"Middle East",Yemen,Sanaa,"Explosions/Remote violence","Remote explosive/landmine/IED",1,1,350,"Political violence",15.393,44.475
2026-05-23,"Middle East",Yemen,Sanaa,Protests,"Peaceful protest",1,0,"15,895",Demonstrations,15.393,44.475
2026-05-23,"Middle East",Yemen,Sanaa,Battles,"Armed clash",1,0,"7,591","Political violence",15.393,44.475
2026-05-23,"Middle East",Yemen,Shabwah,"Explosions/Remote violence","Air/drone strike",1,0,"46,024","Political violence",14.651,46.620
2026-05-23,"Middle East",Yemen,Shabwah,"Explosions/Remote violence","Shelling/artillery/missile attack",1,0,"2,018","Political violence",14.651,46.620
2026-05-23,"Middle East",Yemen,Taizz,Battles,"Armed clash",1,1,"5,020","Political violence",13.295,43.786
2026-05-23,"Middle East",Yemen,Taizz,"Strategic developments","Change to group/activity",1,0,0,"Strategic developments",13.295,43.786
2026-05-23,"Middle East",Yemen,Taizz,Protests,"Peaceful protest",2,0,"35,257",Demonstrations,13.295,43.786
2026-05-23,"Middle East",Yemen,Taizz,"Violence against civilians",Attack,1,0,"22,261","Political violence",13.295,43.786
2026-05-30,"International Waters","Indian Ocean","North Indian Ocean","Explosions/Remote violence","Remote explosive/landmine/IED",1,0,0,"Political violence",13.728,70.473
2026-05-30,"Middle East",Yemen,Abyan,Protests,"Peaceful protest",1,0,"35,039",Demonstrations,13.627,46.228
2026-05-30,"Middle East",Yemen,"Ad Dali","Explosions/Remote violence","Shelling/artillery/missile attack",2,3,"6,886","Political violence",13.894,44.783
2026-05-30,"Middle East",Yemen,"Ad Dali",Battles,"Armed clash",5,0,"9,354","Political violence",13.894,44.783
2026-05-30,"Middle East",Yemen,Aden,"Strategic developments","Change to group/activity",1,0,0,"Strategic developments",12.806,44.788
2026-05-30,"Middle East",Yemen,Aden,Protests,"Peaceful protest",1,0,"2,190",Demonstrations,12.806,44.788
2026-05-30,"Middle East",Yemen,Aden,"Violence against civilians",Attack,1,0,0,"Political violence",12.806,44.788
2026-05-30,"Middle East",Yemen,"Al Bayda",Battles,"Armed clash",1,0,"15,613","Political violence",14.326,45.216
2026-05-30,"Middle East",Yemen,"Al Hudaydah","Strategic developments","Looting/property destruction",1,0,0,"Strategic developments",14.779,43.218
2026-05-30,"Middle East",Yemen,"Al Hudaydah",Battles,"Armed clash",2,0,"6,131","Political violence",14.779,43.218
2026-05-30,"Middle East",Yemen,"Al Jawf",Battles,"Armed clash",1,0,"9,377","Political violence",16.596,45.599
2026-05-30,"Middle East",Yemen,"Amanat al Asimah","Strategic developments","Change to group/activity",1,0,0,"Strategic developments",15.420,44.192
2026-05-30,"Middle East",Yemen,"Amanat al Asimah","Violence against civilians",Attack,1,0,"84,308","Political violence",15.420,44.192
2026-05-30,"Middle East",Yemen,Amran,"Strategic developments","Looting/property destruction",1,0,0,"Strategic developments",16.116,43.941
2026-05-30,"Middle East",Yemen,Amran,"Violence against civilians",Attack,1,1,"33,738","Political violence",16.116,43.941
2026-05-30,"Middle East",Yemen,Dhamar,"Violence against civilians","Abduction/forced disappearance",1,0,"3,474","Political violence",14.540,44.306
2026-05-30,"Middle East",Yemen,Dhamar,Battles,"Armed clash",1,0,"10,237","Political violence",14.540,44.306
2026-05-30,"Middle East",Yemen,Hadramawt,"Violence against civilians","Abduction/forced disappearance",1,0,302,"Political violence",16.529,48.627
2026-05-30,"Middle East",Yemen,Hadramawt,"Strategic developments","Change to group/activity",1,0,0,"Strategic developments",16.529,48.627
2026-05-30,"Middle East",Yemen,Hadramawt,"Strategic developments","Disrupted weapons use",1,0,0,"Strategic developments",16.529,48.627
2026-05-30,"Middle East",Yemen,Ibb,"Violence against civilians","Abduction/forced disappearance",1,0,"9,786","Political violence",14.088,44.175
2026-05-30,"Middle East",Yemen,Ibb,"Explosions/Remote violence","Remote explosive/landmine/IED",1,0,"18,518","Political violence",14.088,44.175
2026-05-30,"Middle East",Yemen,Ibb,Battles,"Armed clash",2,1,"44,961","Political violence",14.088,44.175
2026-05-30,"Middle East",Yemen,Lahij,"Explosions/Remote violence","Shelling/artillery/missile attack",1,0,46,"Political violence",13.320,44.762
2026-05-30,"Middle East",Yemen,Lahij,"Violence against civilians","Abduction/forced disappearance",1,0,"25,412","Political violence",13.320,44.762
2026-05-30,"Middle East",Yemen,Lahij,Battles,"Armed clash",5,2,"22,393","Political violence",13.320,44.762
2026-05-30,"Middle East",Yemen,Marib,Battles,"Armed clash",1,3,"10,814","Political violence",15.333,45.452
2026-05-30,"Middle East",Yemen,Sanaa,"Violence against civilians","Abduction/forced disappearance",1,0,"20,942","Political violence",15.393,44.475
2026-05-30,"Middle East",Yemen,Shabwah,"Strategic developments","Change to group/activity",1,0,0,"Strategic developments",14.651,46.620
2026-05-30,"Middle East",Yemen,Shabwah,Battles,"Armed clash",1,0,"3,355","Political violence",14.651,46.620
2026-05-30,"Middle East",Yemen,Shabwah,Protests,"Peaceful protest",1,0,"5,305",Demonstrations,14.651,46.620
2026-05-30,"Middle East",Yemen,Taizz,"Strategic developments","Change to group/activity",1,0,0,"Strategic developments",13.295,43.786
2026-05-30,"Middle East",Yemen,Taizz,"Explosions/Remote violence","Shelling/artillery/missile attack",1,0,"12,996","Political violence",13.295,43.786
2026-05-30,"Middle East",Yemen,Taizz,"Explosions/Remote violence","Remote explosive/landmine/IED",1,0,212,"Political violence",13.295,43.786
2026-05-30,"Middle East",Yemen,Taizz,Protests,"Peaceful protest",1,0,"34,735",Demonstrations,13.295,43.786
2026-06-06,"International Waters","Indian Ocean","North Indian Ocean","Explosions/Remote violence","Air/drone strike",1,0,0,"Political violence",13.728,70.473
2026-06-06,"International Waters","Indian Ocean","North Indian Ocean",Battles,"Armed clash",1,0,0,"Political violence",13.728,70.473
2026-06-06,"Middle East",Yemen,Abyan,Battles,"Armed clash",4,1,"26,503","Political violence",13.627,46.228
2026-06-06,"Middle East",Yemen,Abyan,Protests,"Peaceful protest",2,0,"18,409",Demonstrations,13.627,46.228
2026-06-06,"Middle East",Yemen,Abyan,"Strategic developments","Disrupted weapons use",1,0,0,"Strategic developments",13.627,46.228
2026-06-06,"Middle East",Yemen,"Ad Dali",Battles,"Armed clash",5,1,"11,805","Political violence",13.894,44.783
2026-06-06,"Middle East",Yemen,"Ad Dali","Violence against civilians","Abduction/forced disappearance",1,0,"28,348","Political violence",13.894,44.783
2026-06-06,"Middle East",Yemen,"Ad Dali",Protests,"Peaceful protest",4,0,"81,547",Demonstrations,13.894,44.783
2026-06-06,"Middle East",Yemen,Aden,Protests,"Peaceful protest",11,0,"126,807",Demonstrations,12.806,44.788
2026-06-06,"Middle East",Yemen,Aden,Riots,"Violent demonstration",12,0,"209,621",Demonstrations,12.806,44.788
2026-06-06,"Middle East",Yemen,Aden,Protests,"Excessive force against protesters",3,2,"35,503","Political violence; Demonstrations",12.806,44.788
2026-06-06,"Middle East",Yemen,Aden,Protests,"Protest with intervention",1,0,"24,485",Demonstrations,12.806,44.788
2026-06-06,"Middle East",Yemen,Aden,Riots,"Mob violence",1,0,"23,648","Political violence",12.806,44.788
2026-06-06,"Middle East",Yemen,Aden,"Strategic developments","Disrupted weapons use",1,11,0,"Strategic developments",12.806,44.788
2026-06-06,"Middle East",Yemen,Aden,Battles,"Armed clash",2,5,"140,599","Political violence",12.806,44.788
2026-06-06,"Middle East",Yemen,Aden,"Strategic developments","Change to group/activity",1,0,0,"Strategic developments",12.806,44.788
2026-06-06,"Middle East",Yemen,"Al Bayda",Battles,"Armed clash",3,0,"15,613","Political violence",14.326,45.216
2026-06-06,"Middle East",Yemen,"Al Bayda",Protests,"Peaceful protest",1,0,"43,537",Demonstrations,14.326,45.216
2026-06-06,"Middle East",Yemen,"Al Hudaydah","Explosions/Remote violence","Remote explosive/landmine/IED",1,2,"53,429","Political violence",14.779,43.218
2026-06-06,"Middle East",Yemen,"Al Hudaydah",Battles,"Armed clash",5,8,"26,753","Political violence",14.779,43.218
2026-06-06,"Middle East",Yemen,"Al Hudaydah","Explosions/Remote violence","Shelling/artillery/missile attack",2,0,"192,127","Political violence",14.779,43.218
2026-06-06,"Middle East",Yemen,"Al Hudaydah","Strategic developments","Disrupted weapons use",1,0,0,"Strategic developments",14.779,43.218
2026-06-06,"Middle East",Yemen,"Al Hudaydah",Protests,"Peaceful protest",2,0,"66,467",Demonstrations,14.779,43.218
2026-06-06,"Middle East",Yemen,"Al Jawf","Strategic developments","Change to group/activity",1,0,0,"Strategic developments",16.596,45.599
2026-06-06,"Middle East",Yemen,"Al Jawf",Battles,"Armed clash",1,0,"15,248","Political violence",16.596,45.599
2026-06-06,"Middle East",Yemen,"Al Mahrah",Protests,"Peaceful protest",1,0,"8,491",Demonstrations,17.057,51.824
2026-06-06,"Middle East",Yemen,"Al Mahwit",Protests,"Peaceful protest",9,0,"111,128",Demonstrations,15.308,43.499
2026-06-06,"Middle East",Yemen,"Amanat al Asimah",Protests,"Peaceful protest",2,0,"83,082",Demonstrations,15.420,44.192
2026-06-06,"Middle East",Yemen,"Amanat al Asimah","Strategic developments","Looting/property destruction",1,0,0,"Strategic developments",15.420,44.192
2026-06-06,"Middle East",Yemen,Amran,"Violence against civilians","Abduction/forced disappearance",1,0,"27,775","Political violence",16.116,43.941
2026-06-06,"Middle East",Yemen,Amran,Protests,"Peaceful protest",2,0,"49,593",Demonstrations,16.116,43.941
2026-06-06,"Middle East",Yemen,Dhamar,Protests,"Peaceful protest",2,0,"57,902",Demonstrations,14.540,44.306
2026-06-06,"Middle East",Yemen,Dhamar,"Violence against civilians",Attack,1,2,"32,066","Political violence",14.540,44.306
2026-06-06,"Middle East",Yemen,Hadramawt,"Strategic developments","Change to group/activity",2,0,0,"Strategic developments",16.529,48.627
2026-06-06,"Middle East",Yemen,Hadramawt,Riots,"Violent demonstration",12,1,"312,803",Demonstrations,16.529,48.627
2026-06-06,"Middle East",Yemen,Hadramawt,"Violence against civilians",Attack,1,1,"17,678","Political violence",16.529,48.627
2026-06-06,"Middle East",Yemen,Hadramawt,"Strategic developments",Other,2,0,0,"Strategic developments",16.529,48.627
2026-06-06,"Middle East",Yemen,Hadramawt,"Strategic developments",Arrests,1,0,0,"Strategic developments",16.529,48.627
2026-06-06,"Middle East",Yemen,Hadramawt,Protests,"Peaceful protest",2,0,"40,172",Demonstrations,16.529,48.627
2026-06-06,"Middle East",Yemen,Hajjah,"Strategic developments","Disrupted weapons use",1,0,0,"Strategic developments",16.094,43.204
2026-06-06,"Middle East",Yemen,Hajjah,Protests,"Peaceful protest",2,0,"19,317",Demonstrations,16.094,43.204
2026-06-06,"Middle East",Yemen,Ibb,"Strategic developments","Looting/property destruction",1,0,0,"Strategic developments",14.088,44.175
2026-06-06,"Middle East",Yemen,Ibb,"Violence against civilians",Attack,1,0,250,"Political violence",14.088,44.175
2026-06-06,"Middle East",Yemen,Ibb,Protests,"Peaceful protest",2,0,"23,220",Demonstrations,14.088,44.175
2026-06-06,"Middle East",Yemen,Lahij,Riots,"Violent demonstration",1,0,"55,495",Demonstrations,13.320,44.762
2026-06-06,"Middle East",Yemen,Lahij,Protests,"Peaceful protest",2,0,"18,016",Demonstrations,13.320,44.762
2026-06-06,"Middle East",Yemen,Lahij,Battles,"Armed clash",4,0,"8,227","Political violence",13.320,44.762
2026-06-06,"Middle East",Yemen,Lahij,"Explosions/Remote violence","Remote explosive/landmine/IED",1,1,216,"Political violence",13.320,44.762
2026-06-06,"Middle East",Yemen,Lahij,"Violence against civilians",Attack,1,1,"12,724","Political violence",13.320,44.762
2026-06-06,"Middle East",Yemen,Marib,"Explosions/Remote violence","Air/drone strike",1,3,"10,814","Political violence",15.333,45.452
2026-06-06,"Middle East",Yemen,Marib,Protests,"Peaceful protest",1,0,"15,958",Demonstrations,15.333,45.452
2026-06-06,"Middle East",Yemen,Marib,"Strategic developments",Other,1,0,0,"Strategic developments",15.333,45.452
2026-06-06,"Middle East",Yemen,Marib,Battles,"Armed clash",1,0,"10,814","Political violence",15.333,45.452
2026-06-06,"Middle East",Yemen,Raymah,"Violence against civilians","Abduction/forced disappearance",1,0,"10,173","Political violence",14.657,43.687
2026-06-06,"Middle East",Yemen,Raymah,Protests,"Peaceful protest",2,0,"3,103",Demonstrations,14.657,43.687
2026-06-06,"Middle East",Yemen,Sadah,"Explosions/Remote violence","Remote explosive/landmine/IED",1,1,299,"Political violence",17.088,44.042
2026-06-06,"Middle East",Yemen,Sadah,Protests,"Peaceful protest",1,0,"38,460",Demonstrations,17.088,44.042
2026-06-06,"Middle East",Yemen,Shabwah,Battles,"Armed clash",3,0,"44,833","Political violence",14.651,46.620
2026-06-06,"Middle East",Yemen,Taizz,"Violence against civilians",Attack,2,1,"17,383","Political violence",13.295,43.786
2026-06-06,"Middle East",Yemen,Taizz,Riots,"Violent demonstration",1,0,"6,404",Demonstrations,13.295,43.786
2026-06-13,"International Waters","Indian Ocean","North Indian Ocean",Battles,"Armed clash",2,0,0,"Political violence",13.728,70.473
2026-06-13,"International Waters","Indian Ocean","North Indian Ocean","Violence against civilians",Attack,1,0,0,"Political violence",13.728,70.473
2026-06-13,"Middle East",Yemen,Abyan,Battles,"Armed clash",3,0,"16,533","Political violence",13.627,46.228
2026-06-13,"Middle East",Yemen,"Ad Dali",Battles,"Armed clash",5,12,"4,173","Political violence",13.894,44.783
2026-06-13,"Middle East",Yemen,"Ad Dali",Protests,"Peaceful protest",8,0,"81,547",Demonstrations,13.894,44.783
2026-06-13,"Middle East",Yemen,"Ad Dali","Explosions/Remote violence",Grenade,1,0,"38,651","Political violence",13.894,44.783
2026-06-13,"Middle East",Yemen,Aden,"Violence against civilians","Abduction/forced disappearance",1,0,"24,554","Political violence",12.806,44.788
2026-06-13,"Middle East",Yemen,Aden,Protests,"Peaceful protest",2,0,"25,075",Demonstrations,12.806,44.788
2026-06-13,"Middle East",Yemen,Aden,"Strategic developments",Other,2,0,0,"Strategic developments",12.806,44.788
2026-06-13,"Middle East",Yemen,Aden,"Strategic developments","Change to group/activity",2,0,0,"Strategic developments",12.806,44.788
2026-06-13,"Middle East",Yemen,"Al Bayda",Protests,"Peaceful protest",1,0,"43,537",Demonstrations,14.326,45.216
2026-06-13,"Middle East",Yemen,"Al Bayda",Battles,"Armed clash",2,0,"82,739","Political violence",14.326,45.216
2026-06-13,"Middle East",Yemen,"Al Hudaydah",Battles,"Armed clash",2,3,"2,466","Political violence",14.779,43.218
2026-06-13,"Middle East",Yemen,"Al Hudaydah",Protests,"Peaceful protest",4,0,"66,467",Demonstrations,14.779,43.218
2026-06-13,"Middle East",Yemen,"Al Hudaydah","Explosions/Remote violence","Shelling/artillery/missile attack",1,0,"16,574","Political violence",14.779,43.218
2026-06-13,"Middle East",Yemen,"Al Jawf","Strategic developments","Change to group/activity",1,0,0,"Strategic developments",16.596,45.599
2026-06-13,"Middle East",Yemen,"Al Jawf","Strategic developments","Looting/property destruction",1,0,0,"Strategic developments",16.596,45.599
2026-06-13,"Middle East",Yemen,"Al Jawf",Battles,"Armed clash",2,0,"23,620","Political violence",16.596,45.599
2026-06-13,"Middle East",Yemen,"Al Mahrah","Strategic developments","Change to group/activity",1,0,0,"Strategic developments",17.057,51.824
2026-06-13,"Middle East",Yemen,"Al Mahwit",Protests,"Peaceful protest",19,0,"111,128",Demonstrations,15.308,43.499
2026-06-13,"Middle East",Yemen,"Amanat al Asimah",Protests,"Peaceful protest",3,0,"119,735",Demonstrations,15.420,44.192
2026-06-13,"Middle East",Yemen,"Amanat al Asimah","Strategic developments","Looting/property destruction",1,0,0,"Strategic developments",15.420,44.192
2026-06-13,"Middle East",Yemen,"Amanat al Asimah","Strategic developments","Change to group/activity",1,0,0,"Strategic developments",15.420,44.192
2026-06-13,"Middle East",Yemen,Amran,Protests,"Peaceful protest",1,0,"49,593",Demonstrations,16.116,43.941
2026-06-13,"Middle East",Yemen,Amran,"Violence against civilians",Attack,1,0,"27,775","Political violence",16.116,43.941
2026-06-13,"Middle East",Yemen,Amran,Battles,"Armed clash",1,1,"127,795","Political violence",16.116,43.941
2026-06-13,"Middle East",Yemen,Dhamar,Protests,"Peaceful protest",2,0,"57,572",Demonstrations,14.540,44.306
2026-06-13,"Middle East",Yemen,Hadramawt,Battles,"Armed clash",1,3,"6,525","Political violence",16.529,48.627
2026-06-13,"Middle East",Yemen,Hadramawt,Protests,"Peaceful protest",3,0,"21,106",Demonstrations,16.529,48.627
2026-06-13,"Middle East",Yemen,Hadramawt,"Explosions/Remote violence","Air/drone strike",1,0,"41,405","Political violence",16.529,48.627
2026-06-13,"Middle East",Yemen,Hajjah,Protests,"Peaceful protest",12,0,"84,381",Demonstrations,16.094,43.204
2026-06-13,"Middle East",Yemen,Ibb,Protests,"Peaceful protest",4,0,"23,220",Demonstrations,14.088,44.175
2026-06-13,"Middle East",Yemen,Ibb,"Violence against civilians",Attack,1,1,"42,703","Political violence",14.088,44.175
2026-06-13,"Middle East",Yemen,Lahij,Protests,"Peaceful protest",2,0,"49,380",Demonstrations,13.320,44.762
2026-06-13,"Middle East",Yemen,Lahij,"Explosions/Remote violence","Shelling/artillery/missile attack",1,0,"5,396","Political violence",13.320,44.762
2026-06-13,"Middle East",Yemen,Lahij,Battles,"Armed clash",5,0,"25,760","Political violence",13.320,44.762
2026-06-13,"Middle East",Yemen,Marib,"Strategic developments",Other,1,0,0,"Strategic developments",15.333,45.452
2026-06-13,"Middle East",Yemen,Marib,Battles,"Armed clash",3,1,"34,148","Political violence",15.333,45.452
2026-06-13,"Middle East",Yemen,Marib,Protests,"Peaceful protest",12,0,"55,448",Demonstrations,15.333,45.452
2026-06-13,"Middle East",Yemen,Raymah,Protests,"Peaceful protest",3,0,"3,103",Demonstrations,14.657,43.687
2026-06-13,"Middle East",Yemen,Sadah,Protests,"Peaceful protest",9,0,"93,997",Demonstrations,17.088,44.042
2026-06-13,"Middle East",Yemen,Sadah,Battles,"Armed clash",1,4,"20,487","Political violence",17.088,44.042
2026-06-13,"Middle East",Yemen,Shabwah,"Strategic developments",Other,1,0,0,"Strategic developments",14.651,46.620
2026-06-13,"Middle East",Yemen,Shabwah,Battles,"Armed clash",3,7,"67,354","Political violence",14.651,46.620
2026-06-13,"Middle East",Yemen,Taizz,"Explosions/Remote violence","Remote explosive/landmine/IED",1,0,"14,437","Political violence",13.295,43.786
2026-06-13,"Middle East",Yemen,Taizz,"Strategic developments",Arrests,1,0,0,"Strategic developments",13.295,43.786
2026-06-13,"Middle East",Yemen,Taizz,Protests,"Peaceful protest",16,0,"191,053",Demonstrations,13.295,43.786
2026-06-13,"Middle East",Yemen,Taizz,"Violence against civilians",Attack,1,0,"12,996","Political violence",13.295,43.786
2026-06-13,"Middle East",Yemen,Taizz,"Explosions/Remote violence","Air/drone strike",1,0,"17,955","Political violence",13.295,43.786
2026-06-13,"Middle East",Yemen,Taizz,"Explosions/Remote violence","Shelling/artillery/missile attack",1,0,"60,888","Political violence",13.295,43.786
2026-06-13,"Middle East",Yemen,Taizz,Battles,"Armed clash",2,3,"39,859","Political violence",13.295,43.786
2026-06-20,"International Waters","Indian Ocean","North Indian Ocean","Strategic developments",Other,1,0,0,"Strategic developments",13.728,70.473
2026-06-20,"Middle East",Yemen,Abyan,"Strategic developments",Other,1,0,0,"Strategic developments",13.627,46.228
2026-06-20,"Middle East",Yemen,Abyan,"Strategic developments","Disrupted weapons use",1,0,0,"Strategic developments",13.627,46.228
2026-06-20,"Middle East",Yemen,Abyan,Battles,"Armed clash",5,1,"93,906","Political violence",13.627,46.228
2026-06-20,"Middle East",Yemen,"Ad Dali",Battles,"Armed clash",11,13,"81,547","Political violence",13.894,44.783
2026-06-20,"Middle East",Yemen,"Ad Dali","Explosions/Remote violence","Remote explosive/landmine/IED",1,5,"8,238","Political violence",13.894,44.783
2026-06-20,"Middle East",Yemen,"Ad Dali","Explosions/Remote violence","Shelling/artillery/missile attack",1,0,"4,156","Political violence",13.894,44.783
2026-06-20,"Middle East",Yemen,"Ad Dali",Battles,"Government regains territory",1,6,"56,888","Political violence",13.894,44.783
2026-06-20,"Middle East",Yemen,Aden,"Strategic developments",Other,3,0,0,"Strategic developments",12.806,44.788
2026-06-20,"Middle East",Yemen,Aden,Protests,"Protest with intervention",1,0,"2,190",Demonstrations,12.806,44.788
2026-06-20,"Middle East",Yemen,Aden,Protests,"Peaceful protest",2,0,"27,510",Demonstrations,12.806,44.788
2026-06-20,"Middle East",Yemen,Aden,"Violence against civilians","Abduction/forced disappearance",1,0,"31,557","Political violence",12.806,44.788
2026-06-20,"Middle East",Yemen,"Al Bayda","Strategic developments","Looting/property destruction",1,0,0,"Strategic developments",14.326,45.216
2026-06-20,"Middle East",Yemen,"Al Bayda",Battles,"Armed clash",1,0,"15,613","Political violence",14.326,45.216
2026-06-20,"Middle East",Yemen,"Al Hudaydah","Strategic developments","Looting/property destruction",2,0,0,"Strategic developments",14.779,43.218
2026-06-20,"Middle East",Yemen,"Al Hudaydah",Battles,"Armed clash",2,9,"192,127","Political violence",14.779,43.218
2026-06-20,"Middle East",Yemen,"Al Jawf","Strategic developments",Other,2,0,0,"Strategic developments",16.596,45.599
2026-06-20,"Middle East",Yemen,"Al Jawf","Strategic developments","Change to group/activity",3,0,0,"Strategic developments",16.596,45.599
2026-06-20,"Middle East",Yemen,"Al Jawf","Strategic developments","Looting/property destruction",1,0,0,"Strategic developments",16.596,45.599
2026-06-20,"Middle East",Yemen,"Al Jawf",Protests,"Peaceful protest",1,0,"13,003",Demonstrations,16.596,45.599
2026-06-20,"Middle East",Yemen,"Amanat al Asimah","Violence against civilians",Attack,1,0,"84,308","Political violence",15.420,44.192
2026-06-20,"Middle East",Yemen,"Amanat al Asimah","Violence against civilians","Abduction/forced disappearance",2,0,"84,308","Political violence",15.420,44.192
2026-06-20,"Middle East",Yemen,Hadramawt,"Strategic developments",Other,2,0,0,"Strategic developments",16.529,48.627
2026-06-20,"Middle East",Yemen,Hadramawt,Protests,"Protest with intervention",2,0,"40,172",Demonstrations,16.529,48.627
2026-06-20,"Middle East",Yemen,Hadramawt,Riots,"Violent demonstration",1,0,"17,008",Demonstrations,16.529,48.627
2026-06-20,"Middle East",Yemen,Hadramawt,"Explosions/Remote violence","Remote explosive/landmine/IED",1,1,"17,678","Political violence",16.529,48.627
2026-06-20,"Middle East",Yemen,Hadramawt,Protests,"Peaceful protest",4,0,"30,534",Demonstrations,16.529,48.627
2026-06-20,"Middle East",Yemen,Hajjah,Protests,"Peaceful protest",18,0,"261,650",Demonstrations,16.094,43.204
2026-06-20,"Middle East",Yemen,Ibb,"Strategic developments","Looting/property destruction",1,0,0,"Strategic developments",14.088,44.175
2026-06-20,"Middle East",Yemen,Ibb,Battles,"Armed clash",1,1,"3,624","Political violence",14.088,44.175
2026-06-20,"Middle East",Yemen,Ibb,"Strategic developments","Change to group/activity",1,0,0,"Strategic developments",14.088,44.175
2026-06-20,"Middle East",Yemen,Ibb,"Violence against civilians",Attack,3,1,"43,960","Political violence",14.088,44.175
2026-06-20,"Middle East",Yemen,Ibb,"Explosions/Remote violence",Grenade,1,0,"20,714","Political violence",14.088,44.175
2026-06-20,"Middle East",Yemen,Ibb,"Violence against civilians","Abduction/forced disappearance",2,0,"36,219","Political violence",14.088,44.175
2026-06-20,"Middle East",Yemen,Lahij,Battles,"Armed clash",5,1,"22,393","Political violence",13.320,44.762
2026-06-20,"Middle East",Yemen,Lahij,Protests,"Peaceful protest",1,0,"25,168",Demonstrations,13.320,44.762
2026-06-20,"Middle East",Yemen,Lahij,"Strategic developments",Arrests,1,0,0,"Strategic developments",13.320,44.762
2026-06-20,"Middle East",Yemen,Marib,Battles,"Armed clash",1,0,"1,207","Political violence",15.333,45.452
2026-06-20,"Middle East",Yemen,Marib,"Strategic developments","Change to group/activity",7,0,0,"Strategic developments",15.333,45.452
2026-06-20,"Middle East",Yemen,Sanaa,"Violence against civilians","Abduction/forced disappearance",1,0,"4,663","Political violence",15.393,44.475
2026-06-20,"Middle East",Yemen,Sanaa,Protests,"Peaceful protest",1,0,"4,290",Demonstrations,15.393,44.475
2026-06-20,"Middle East",Yemen,Shabwah,Battles,"Armed clash",1,0,"3,355","Political violence",14.651,46.620
2026-06-20,"Middle East",Yemen,Shabwah,Protests,"Peaceful protest",1,0,"1,838",Demonstrations,14.651,46.620
2026-06-20,"Middle East",Yemen,Taizz,"Violence against civilians","Abduction/forced disappearance",1,0,"35,093","Political violence",13.295,43.786
2026-06-20,"Middle East",Yemen,Taizz,"Explosions/Remote violence","Shelling/artillery/missile attack",1,0,989,"Political violence",13.295,43.786
2026-06-20,"Middle East",Yemen,Taizz,"Explosions/Remote violence",Grenade,1,0,"28,727","Political violence",13.295,43.786
2026-06-20,"Middle East",Yemen,Taizz,"Strategic developments","Looting/property destruction",3,0,0,"Strategic developments",13.295,43.786
2026-06-20,"Middle East",Yemen,Taizz,Battles,"Armed clash",1,0,"10,290","Political violence",13.295,43.786
2026-06-20,"Middle East",Yemen,Taizz,"Strategic developments","Change to group/activity",2,0,0,"Strategic developments",13.295,43.786
2026-06-20,"Middle East",Yemen,Taizz,Protests,"Peaceful protest",1,0,"17,690",Demonstrations,13.295,43.786
2026-06-20,"Middle East",Yemen,Taizz,"Violence against civilians",Attack,1,0,"12,885","Political violence",13.295,43.786
2026-06-27,"International Waters","Indian Ocean","North Indian Ocean","Explosions/Remote violence","Shelling/artillery/missile attack",1,0,0,"Political violence",13.728,70.473
2026-06-27,"International Waters","Indian Ocean","North Indian Ocean","Strategic developments","Disrupted weapons use",1,0,0,"Strategic developments",13.728,70.473
2026-06-27,"International Waters","Indian Ocean","North Indian Ocean","Strategic developments",Other,1,1,0,"Strategic developments",13.728,70.473
2026-06-27,"Middle East",Yemen,Abyan,Battles,"Armed clash",4,1,"65,822","Political violence",13.627,46.228
2026-06-27,"Middle East",Yemen,Abyan,"Strategic developments","Looting/property destruction",1,0,0,"Strategic developments",13.627,46.228
2026-06-27,"Middle East",Yemen,"Ad Dali",Battles,"Armed clash",7,0,"50,228","Political violence",13.894,44.783
2026-06-27,"Middle East",Yemen,"Ad Dali","Strategic developments","Change to group/activity",2,0,0,"Strategic developments",13.894,44.783
2026-06-27,"Middle East",Yemen,"Ad Dali",Protests,"Peaceful protest",2,0,"58,147",Demonstrations,13.894,44.783
2026-06-27,"Middle East",Yemen,"Ad Dali","Explosions/Remote violence","Shelling/artillery/missile attack",3,0,"5,374","Political violence",13.894,44.783
2026-06-27,"Middle East",Yemen,"Ad Dali","Explosions/Remote violence",Grenade,1,0,"23,931","Political violence",13.894,44.783
2026-06-27,"Middle East",Yemen,Aden,"Violence against civilians","Abduction/forced disappearance",2,0,"62,509","Political violence",12.806,44.788
2026-06-27,"Middle East",Yemen,Aden,Riots,"Violent demonstration",2,0,"26,741",Demonstrations,12.806,44.788
2026-06-27,"Middle East",Yemen,Aden,"Strategic developments","Change to group/activity",2,0,0,"Strategic developments",12.806,44.788
2026-06-27,"Middle East",Yemen,"Al Bayda",Protests,"Peaceful protest",3,0,"4,362",Demonstrations,14.326,45.216
2026-06-27,"Middle East",Yemen,"Al Bayda","Explosions/Remote violence","Remote explosive/landmine/IED",1,1,"11,765","Political violence",14.326,45.216
2026-06-27,"Middle East",Yemen,"Al Bayda",Battles,"Armed clash",1,0,"15,613","Political violence",14.326,45.216
2026-06-27,"Middle East",Yemen,"Al Bayda","Explosions/Remote violence","Air/drone strike",1,0,"11,318","Political violence",14.326,45.216
2026-06-27,"Middle East",Yemen,"Al Hudaydah","Explosions/Remote violence","Remote explosive/landmine/IED",1,0,"16,574","Political violence",14.779,43.218
2026-06-27,"Middle East",Yemen,"Al Hudaydah",Battles,"Armed clash",6,35,"19,807","Political violence",14.779,43.218
2026-06-27,"Middle East",Yemen,"Al Hudaydah",Protests,"Peaceful protest",3,0,"77,290",Demonstrations,14.779,43.218
2026-06-27,"Middle East",Yemen,"Al Jawf","Strategic developments","Change to group/activity",4,0,0,"Strategic developments",16.596,45.599
2026-06-27,"Middle East",Yemen,"Al Jawf",Battles,"Armed clash",4,5,"37,593","Political violence",16.596,45.599
2026-06-27,"Middle East",Yemen,"Al Jawf","Explosions/Remote violence","Air/drone strike",1,0,"17,639","Political violence",16.596,45.599
2026-06-27,"Middle East",Yemen,"Al Jawf","Violence against civilians",Attack,1,0,5,"Political violence",16.596,45.599
2026-06-27,"Middle East",Yemen,"Al Mahrah",Protests,"Peaceful protest",1,0,"17,285",Demonstrations,17.057,51.824
2026-06-27,"Middle East",Yemen,"Al Mahwit",Protests,"Peaceful protest",2,0,"28,815",Demonstrations,15.308,43.499
2026-06-27,"Middle East",Yemen,"Amanat al Asimah",Protests,"Peaceful protest",9,0,"482,886",Demonstrations,15.420,44.192
2026-06-27,"Middle East",Yemen,"Amanat al Asimah","Violence against civilians","Abduction/forced disappearance",3,0,"100,467","Political violence",15.420,44.192
2026-06-27,"Middle East",Yemen,"Amanat al Asimah","Strategic developments","Change to group/activity",1,0,0,"Strategic developments",15.420,44.192
2026-06-27,"Middle East",Yemen,"Amanat al Asimah","Explosions/Remote violence","Air/drone strike",1,0,"58,479","Political violence",15.420,44.192
2026-06-27,"Middle East",Yemen,Amran,"Explosions/Remote violence","Air/drone strike",1,10,"127,795","Political violence",16.116,43.941
2026-06-27,"Middle East",Yemen,Amran,Battles,"Armed clash",3,4,"20,198","Political violence",16.116,43.941
2026-06-27,"Middle East",Yemen,Dhamar,Protests,"Peaceful protest",2,0,"98,091",Demonstrations,14.540,44.306
2026-06-27,"Middle East",Yemen,Hadramawt,Protests,"Peaceful protest",3,0,"49,667",Demonstrations,16.529,48.627
2026-06-27,"Middle East",Yemen,Hadramawt,"Strategic developments","Change to group/activity",1,0,0,"Strategic developments",16.529,48.627
2026-06-27,"Middle East",Yemen,Hadramawt,"Strategic developments","Non-violent transfer of territory",1,0,0,"Strategic developments",16.529,48.627
2026-06-27,"Middle East",Yemen,Hadramawt,Protests,"Excessive force against protesters",1,1,"13,335","Political violence; Demonstrations",16.529,48.627
2026-06-27,"Middle East",Yemen,Hajjah,Protests,"Peaceful protest",2,0,"19,317",Demonstrations,16.094,43.204
2026-06-27,"Middle East",Yemen,Hajjah,"Explosions/Remote violence","Air/drone strike",3,0,"102,092","Political violence",16.094,43.204
2026-06-27,"Middle East",Yemen,Ibb,Protests,"Peaceful protest",3,0,"30,550",Demonstrations,14.088,44.175
2026-06-27,"Middle East",Yemen,Ibb,"Violence against civilians",Attack,1,0,"41,466","Political violence",14.088,44.175
2026-06-27,"Middle East",Yemen,Ibb,"Violence against civilians","Abduction/forced disappearance",3,0,"36,219","Political violence",14.088,44.175
2026-06-27,"Middle East",Yemen,Lahij,"Strategic developments","Change to group/activity",3,0,0,"Strategic developments",13.320,44.762
2026-06-27,"Middle East",Yemen,Lahij,"Explosions/Remote violence","Shelling/artillery/missile attack",2,0,"29,693","Political violence",13.320,44.762
2026-06-27,"Middle East",Yemen,Lahij,Battles,"Armed clash",11,6,"35,158","Political violence",13.320,44.762
2026-06-27,"Middle East",Yemen,Lahij,Riots,"Violent demonstration",2,0,"55,495",Demonstrations,13.320,44.762
2026-06-27,"Middle East",Yemen,Lahij,Protests,"Peaceful protest",2,0,"48,274",Demonstrations,13.320,44.762
2026-06-27,"Middle East",Yemen,Lahij,"Explosions/Remote violence","Air/drone strike",1,1,"12,774","Political violence",13.320,44.762
2026-06-27,"Middle East",Yemen,Marib,Battles,"Armed clash",1,0,"10,814","Political violence",15.333,45.452
2026-06-27,"Middle East",Yemen,Marib,"Strategic developments","Looting/property destruction",1,0,0,"Strategic developments",15.333,45.452
2026-06-27,"Middle East",Yemen,Marib,Protests,"Peaceful protest",1,0,"15,958",Demonstrations,15.333,45.452
2026-06-27,"Middle East",Yemen,Marib,"Violence against civilians","Abduction/forced disappearance",1,0,"22,127","Political violence",15.333,45.452
2026-06-27,"Middle East",Yemen,Raymah,Protests,"Peaceful protest",2,0,"5,573",Demonstrations,14.657,43.687
2026-06-27,"Middle East",Yemen,Sadah,Protests,"Peaceful protest",4,0,"64,670",Demonstrations,17.088,44.042
2026-06-27,"Middle East",Yemen,Sadah,"Explosions/Remote violence","Air/drone strike",1,0,"25,131","Political violence",17.088,44.042
2026-06-27,"Middle East",Yemen,Sanaa,Protests,"Peaceful protest",3,0,"9,389",Demonstrations,15.393,44.475
2026-06-27,"Middle East",Yemen,Sanaa,"Violence against civilians","Abduction/forced disappearance",1,0,"4,663","Political violence",15.393,44.475
2026-06-27,"Middle East",Yemen,Shabwah,"Strategic developments",Arrests,3,0,0,"Strategic developments",14.651,46.620
2026-06-27,"Middle East",Yemen,Taizz,"Strategic developments","Change to group/activity",2,0,0,"Strategic developments",13.295,43.786
2026-06-27,"Middle East",Yemen,Taizz,Protests,"Peaceful protest",3,0,"66,542",Demonstrations,13.295,43.786
2026-06-27,"Middle East",Yemen,Taizz,"Violence against civilians",Attack,2,1,"96,092","Political violence",13.295,43.786
2026-06-27,"Middle East",Yemen,Taizz,Battles,"Armed clash",1,0,"72,022","Political violence",13.295,43.786
2026-07-04,"International Waters","Indian Ocean","North Indian Ocean","Violence against civilians",Attack,1,0,0,"Political violence",13.728,70.473
2026-07-04,"Middle East",Yemen,Abyan,"Explosions/Remote violence","Remote explosive/landmine/IED",1,1,"24,499","Political violence",13.627,46.228
2026-07-04,"Middle East",Yemen,Abyan,Battles,"Armed clash",1,1,"5,423","Political violence",13.627,46.228
2026-07-04,"Middle East",Yemen,"Ad Dali",Battles,"Armed clash",5,14,"47,675","Political violence",13.894,44.783
2026-07-04,"Middle East",Yemen,"Ad Dali","Explosions/Remote violence","Shelling/artillery/missile attack",3,0,"12,432","Political violence",13.894,44.783
2026-07-04,"Middle East",Yemen,"Ad Dali",Protests,"Peaceful protest",4,0,"81,547",Demonstrations,13.894,44.783
2026-07-04,"Middle East",Yemen,Aden,"Strategic developments","Change to group/activity",7,0,0,"Strategic developments",12.806,44.788
2026-07-04,"Middle East",Yemen,Aden,Protests,"Protest with intervention",1,0,"10,728",Demonstrations,12.806,44.788
2026-07-04,"Middle East",Yemen,Aden,"Strategic developments","Disrupted weapons use",1,0,0,"Strategic developments",12.806,44.788
2026-07-04,"Middle East",Yemen,Aden,Protests,"Peaceful protest",5,0,"45,566",Demonstrations,12.806,44.788
2026-07-04,"Middle East",Yemen,Aden,Riots,"Violent demonstration",1,0,"2,028",Demonstrations,12.806,44.788
2026-07-04,"Middle East",Yemen,Aden,"Violence against civilians",Attack,1,0,"42,058","Political violence",12.806,44.788
2026-07-04,"Middle East",Yemen,"Al Bayda",Protests,"Peaceful protest",9,0,"127,725",Demonstrations,14.326,45.216
2026-07-04,"Middle East",Yemen,"Al Bayda","Strategic developments","Change to group/activity",1,0,0,"Strategic developments",14.326,45.216
2026-07-04,"Middle East",Yemen,"Al Hudaydah",Protests,"Peaceful protest",16,0,"366,464",Demonstrations,14.779,43.218
2026-07-04,"Middle East",Yemen,"Al Hudaydah",Battles,"Armed clash",11,33,"13,676","Political violence",14.779,43.218
2026-07-04,"Middle East",Yemen,"Al Hudaydah","Strategic developments","Change to group/activity",2,0,0,"Strategic developments",14.779,43.218
2026-07-04,"Middle East",Yemen,"Al Hudaydah","Explosions/Remote violence","Remote explosive/landmine/IED",1,0,"1,477","Political violence",14.779,43.218
2026-07-04,"Middle East",Yemen,"Al Jawf","Strategic developments","Change to group/activity",9,0,0,"Strategic developments",16.596,45.599
2026-07-04,"Middle East",Yemen,"Al Jawf",Battles,"Armed clash",1,3,"12,333","Political violence",16.596,45.599
2026-07-04,"Middle East",Yemen,"Al Jawf","Strategic developments","Looting/property destruction",1,0,0,"Strategic developments",16.596,45.599
2026-07-04,"Middle East",Yemen,"Al Mahrah",Protests,"Peaceful protest",1,0,"17,285",Demonstrations,17.057,51.824
2026-07-04,"Middle East",Yemen,"Al Mahwit",Protests,"Peaceful protest",9,0,"83,903",Demonstrations,15.308,43.499
2026-07-04,"Middle East",Yemen,"Amanat al Asimah",Protests,"Peaceful protest",8,0,"180,899",Demonstrations,15.420,44.192
2026-07-04,"Middle East",Yemen,"Amanat al Asimah","Explosions/Remote violence","Remote explosive/landmine/IED",1,3,"62,156","Political violence",15.420,44.192
2026-07-04,"Middle East",Yemen,"Amanat al Asimah","Violence against civilians","Abduction/forced disappearance",2,0,"58,479","Political violence",15.420,44.192
2026-07-04,"Middle East",Yemen,Amran,Battles,"Armed clash",1,2,"22,591","Political violence",16.116,43.941
2026-07-04,"Middle East",Yemen,Amran,Protests,"Peaceful protest",2,0,"49,593",Demonstrations,16.116,43.941
2026-07-04,"Middle East",Yemen,Amran,"Strategic developments","Change to group/activity",3,0,0,"Strategic developments",16.116,43.941
2026-07-04,"Middle East",Yemen,Dhamar,Protests,"Peaceful protest",5,0,"62,260",Demonstrations,14.540,44.306
2026-07-04,"Middle East",Yemen,Dhamar,"Strategic developments","Looting/property destruction",1,0,0,"Strategic developments",14.540,44.306
2026-07-04,"Middle East",Yemen,Hadramawt,Protests,"Protest with intervention",1,0,"5,631",Demonstrations,16.529,48.627
2026-07-04,"Middle East",Yemen,Hadramawt,Protests,"Peaceful protest",2,0,"61,374",Demonstrations,16.529,48.627
2026-07-04,"Middle East",Yemen,Hadramawt,"Strategic developments",Other,2,0,0,"Strategic developments",16.529,48.627
2026-07-04,"Middle East",Yemen,Hajjah,Protests,"Peaceful protest",5,0,"22,652",Demonstrations,16.094,43.204
2026-07-04,"Middle East",Yemen,Hajjah,"Strategic developments","Disrupted weapons use",1,0,0,"Strategic developments",16.094,43.204
2026-07-04,"Middle East",Yemen,Ibb,Protests,"Peaceful protest",3,0,"47,162",Demonstrations,14.088,44.175
2026-07-04,"Middle East",Yemen,Ibb,"Violence against civilians","Abduction/forced disappearance",2,0,"36,219","Political violence",14.088,44.175
2026-07-04,"Middle East",Yemen,Lahij,"Explosions/Remote violence","Shelling/artillery/missile attack",1,0,"1,713","Political violence",13.320,44.762
2026-07-04,"Middle East",Yemen,Lahij,Battles,"Armed clash",3,10,"6,132","Political violence",13.320,44.762
2026-07-04,"Middle East",Yemen,Lahij,Protests,"Peaceful protest",2,0,"1,106",Demonstrations,13.320,44.762
2026-07-04,"Middle East",Yemen,Lahij,"Strategic developments",Other,1,0,0,"Strategic developments",13.320,44.762
2026-07-04,"Middle East",Yemen,Marib,Protests,"Peaceful protest",10,0,"54,696",Demonstrations,15.333,45.452
2026-07-04,"Middle East",Yemen,Raymah,Protests,"Peaceful protest",2,0,"3,103",Demonstrations,14.657,43.687
2026-07-04,"Middle East",Yemen,Sadah,"Violence against civilians","Abduction/forced disappearance",1,0,"56,860","Political violence",17.088,44.042
2026-07-04,"Middle East",Yemen,Sadah,Protests,"Peaceful protest",8,0,"80,451",Demonstrations,17.088,44.042
2026-07-04,"Middle East",Yemen,Sanaa,"Strategic developments","Change to group/activity",1,0,0,"Strategic developments",15.393,44.475
2026-07-04,"Middle East",Yemen,Sanaa,Protests,"Peaceful protest",3,0,"15,870",Demonstrations,15.393,44.475
2026-07-04,"Middle East",Yemen,Shabwah,Battles,"Armed clash",3,1,522,"Political violence",14.651,46.620
2026-07-04,"Middle East",Yemen,Shabwah,"Strategic developments","Looting/property destruction",1,0,0,"Strategic developments",14.651,46.620
2026-07-04,"Middle East",Yemen,Shabwah,Protests,"Peaceful protest",2,0,"14,822",Demonstrations,14.651,46.620
2026-07-04,"Middle East",Yemen,Suqutra,Protests,"Peaceful protest",1,0,"40,973",Demonstrations,12.508,53.893
2026-07-04,"Middle East",Yemen,Taizz,"Violence against civilians",Attack,4,0,"87,554","Political violence",13.295,43.786
2026-07-04,"Middle East",Yemen,Taizz,Battles,"Armed clash",1,0,"45,178","Political violence",13.295,43.786
2026-07-04,"Middle East",Yemen,Taizz,Protests,"Peaceful protest",16,0,"231,168",Demonstrations,13.295,43.786
2026-07-04,"Middle East",Yemen,Taizz,"Explosions/Remote violence","Remote explosive/landmine/IED",1,1,"78,504","Political violence",13.295,43.786
2026-07-04,"Middle East",Yemen,Taizz,"Violence against civilians","Abduction/forced disappearance",1,0,"15,009","Political violence",13.295,43.786
2026-07-04,"Middle East",Yemen,Taizz,"Strategic developments","Change to group/activity",2,0,0,"Strategic developments",13.295,43.786
2026-07-11,"International Waters","Indian Ocean","North Indian Ocean","Strategic developments",Other,1,0,0,"Strategic developments",13.728,70.473
2026-07-11,"International Waters","Indian Ocean","North Indian Ocean","Strategic developments","Looting/property destruction",1,0,0,"Strategic developments",13.728,70.473
2026-07-11,"Middle East",Yemen,Abyan,Protests,"Peaceful protest",7,0,"83,277",Demonstrations,13.627,46.228
2026-07-11,"Middle East",Yemen,Abyan,Battles,"Armed clash",4,2,"101,030","Political violence",13.627,46.228
2026-07-11,"Middle East",Yemen,Abyan,"Strategic developments","Change to group/activity",1,0,0,"Strategic developments",13.627,46.228
2026-07-11,"Middle East",Yemen,"Ad Dali",Battles,"Armed clash",4,5,"9,024","Political violence",13.894,44.783
2026-07-11,"Middle East",Yemen,"Ad Dali",Protests,"Peaceful protest",7,0,"107,984",Demonstrations,13.894,44.783
2026-07-11,"Middle East",Yemen,"Ad Dali","Explosions/Remote violence","Shelling/artillery/missile attack",1,0,"6,097","Political violence",13.894,44.783
2026-07-11,"Middle East",Yemen,Aden,Protests,"Peaceful protest",11,0,"220,807",Demonstrations,12.806,44.788
2026-07-11,"Middle East",Yemen,"Al Bayda","Strategic developments","Change to group/activity",1,0,0,"Strategic developments",14.326,45.216
2026-07-11,"Middle East",Yemen,"Al Bayda","Strategic developments","Looting/property destruction",1,0,0,"Strategic developments",14.326,45.216
2026-07-11,"Middle East",Yemen,"Al Bayda","Explosions/Remote violence","Remote explosive/landmine/IED",1,0,"5,024","Political violence",14.326,45.216
2026-07-11,"Middle East",Yemen,"Al Bayda","Explosions/Remote violence","Air/drone strike",2,0,"3,316","Political violence",14.326,45.216
2026-07-11,"Middle East",Yemen,"Al Bayda",Protests,"Peaceful protest",2,0,"43,537",Demonstrations,14.326,45.216
2026-07-11,"Middle East",Yemen,"Al Bayda",Battles,"Armed clash",1,0,"15,591","Political violence",14.326,45.216
2026-07-11,"Middle East",Yemen,"Al Hudaydah",Battles,"Armed clash",2,3,"16,574","Political violence",14.779,43.218
2026-07-11,"Middle East",Yemen,"Al Hudaydah","Explosions/Remote violence","Air/drone strike",1,1,"16,574","Political violence",14.779,43.218
2026-07-11,"Middle East",Yemen,"Al Hudaydah","Violence against civilians","Abduction/forced disappearance",1,0,"4,791","Political violence",14.779,43.218
2026-07-11,"Middle East",Yemen,"Al Hudaydah",Protests,"Peaceful protest",11,0,"343,861",Demonstrations,14.779,43.218
2026-07-11,"Middle East",Yemen,"Al Hudaydah","Strategic developments","Change to group/activity",3,0,0,"Strategic developments",14.779,43.218
2026-07-11,"Middle East",Yemen,"Al Jawf","Strategic developments","Change to group/activity",7,0,0,"Strategic developments",16.596,45.599
2026-07-11,"Middle East",Yemen,"Al Jawf",Protests,"Peaceful protest",12,0,"86,895",Demonstrations,16.596,45.599
2026-07-11,"Middle East",Yemen,"Al Jawf",Battles,"Armed clash",1,3,0,"Political violence",16.596,45.599
2026-07-11,"Middle East",Yemen,"Al Mahrah",Protests,"Peaceful protest",2,0,"17,285",Demonstrations,17.057,51.824
2026-07-11,"Middle East",Yemen,"Al Mahwit",Protests,"Peaceful protest",14,0,"111,128",Demonstrations,15.308,43.499
2026-07-11,"Middle East",Yemen,"Amanat al Asimah","Explosions/Remote violence","Remote explosive/landmine/IED",1,4,"44,165","Political violence",15.420,44.192
2026-07-11,"Middle East",Yemen,"Amanat al Asimah",Protests,"Peaceful protest",14,0,"546,727",Demonstrations,15.420,44.192
2026-07-11,"Middle East",Yemen,"Amanat al Asimah","Violence against civilians","Abduction/forced disappearance",4,0,"58,479","Political violence",15.420,44.192
2026-07-11,"Middle East",Yemen,"Amanat al Asimah","Explosions/Remote violence","Air/drone strike",1,0,"20,874","Political violence",15.420,44.192
2026-07-11,"Middle East",Yemen,"Amanat al Asimah","Strategic developments","Change to group/activity",2,0,0,"Strategic developments",15.420,44.192
2026-07-11,"Middle East",Yemen,Amran,"Strategic developments","Change to group/activity",1,0,0,"Strategic developments",16.116,43.941
2026-07-11,"Middle East",Yemen,Amran,Protests,"Peaceful protest",3,0,"49,593",Demonstrations,16.116,43.941
2026-07-11,"Middle East",Yemen,Amran,Battles,"Armed clash",1,1,"16,767","Political violence",16.116,43.941
2026-07-11,"Middle East",Yemen,Dhamar,Protests,"Peaceful protest",6,0,"133,926",Demonstrations,14.540,44.306
2026-07-11,"Middle East",Yemen,Hadramawt,Protests,"Peaceful protest",12,0,"133,585",Demonstrations,16.529,48.627
2026-07-11,"Middle East",Yemen,Hadramawt,Battles,"Armed clash",1,5,"6,525","Political violence",16.529,48.627
2026-07-11,"Middle East",Yemen,Hadramawt,"Strategic developments",Other,2,0,0,"Strategic developments",16.529,48.627
2026-07-11,"Middle East",Yemen,Hajjah,Protests,"Peaceful protest",27,0,"297,153",Demonstrations,16.094,43.204
2026-07-11,"Middle East",Yemen,Ibb,Protests,"Peaceful protest",12,0,"232,512",Demonstrations,14.088,44.175
2026-07-11,"Middle East",Yemen,Ibb,"Strategic developments","Looting/property destruction",1,0,0,"Strategic developments",14.088,44.175
2026-07-11,"Middle East",Yemen,Ibb,"Explosions/Remote violence",Grenade,1,0,"9,589","Political violence",14.088,44.175
2026-07-11,"Middle East",Yemen,Lahij,"Strategic developments",Other,1,0,0,"Strategic developments",13.320,44.762
2026-07-11,"Middle East",Yemen,Lahij,"Explosions/Remote violence","Air/drone strike",1,1,"19,562","Political violence",13.320,44.762
2026-07-11,"Middle East",Yemen,Lahij,Protests,"Peaceful protest",4,0,"58,616",Demonstrations,13.320,44.762
2026-07-11,"Middle East",Yemen,Lahij,Battles,"Armed clash",4,4,"3,567","Political violence",13.320,44.762
2026-07-11,"Middle East",Yemen,Marib,"Strategic developments","Change to group/activity",4,0,0,"Strategic developments",15.333,45.452
2026-07-11,"Middle East",Yemen,Marib,Protests,"Peaceful protest",20,0,"44,371",Demonstrations,15.333,45.452
2026-07-11,"Middle East",Yemen,Marib,"Violence against civilians",Attack,1,2,"11,557","Political violence",15.333,45.452
2026-07-11,"Middle East",Yemen,Marib,Battles,"Armed clash",1,0,"10,814","Political violence",15.333,45.452
2026-07-11,"Middle East",Yemen,Raymah,Protests,"Peaceful protest",4,0,"5,596",Demonstrations,14.657,43.687
2026-07-11,"Middle East",Yemen,Sadah,"Explosions/Remote violence","Shelling/artillery/missile attack",1,0,"48,347","Political violence",17.088,44.042
2026-07-11,"Middle East",Yemen,Sadah,"Strategic developments","Change to group/activity",1,0,0,"Strategic developments",17.088,44.042
2026-07-11,"Middle East",Yemen,Sadah,Protests,"Peaceful protest",6,0,"81,541",Demonstrations,17.088,44.042
2026-07-11,"Middle East",Yemen,Sadah,"Explosions/Remote violence","Air/drone strike",1,0,"48,347","Political violence",17.088,44.042
2026-07-11,"Middle East",Yemen,Sadah,"Strategic developments",Other,1,0,0,"Strategic developments",17.088,44.042
2026-07-11,"Middle East",Yemen,Sanaa,"Violence against civilians","Abduction/forced disappearance",1,0,"2,877","Political violence",15.393,44.475
2026-07-11,"Middle East",Yemen,Sanaa,Protests,"Peaceful protest",7,0,"62,650",Demonstrations,15.393,44.475
2026-07-11,"Middle East",Yemen,Sanaa,"Strategic developments","Change to group/activity",1,0,0,"Strategic developments",15.393,44.475
2026-07-11,"Middle East",Yemen,Sanaa,"Explosions/Remote violence","Remote explosive/landmine/IED",1,0,"4,487","Political violence",15.393,44.475
2026-07-11,"Middle East",Yemen,Shabwah,Protests,"Peaceful protest",5,0,"38,468",Demonstrations,14.651,46.620
2026-07-11,"Middle East",Yemen,Shabwah,Battles,"Armed clash",1,0,522,"Political violence",14.651,46.620
2026-07-11,"Middle East",Yemen,Suqutra,Protests,"Peaceful protest",1,0,"40,973",Demonstrations,12.508,53.893
2026-07-11,"Middle East",Yemen,Taizz,"Explosions/Remote violence","Remote explosive/landmine/IED",1,3,"42,069","Political violence",13.295,43.786
2026-07-11,"Middle East",Yemen,Taizz,"Violence against civilians",Attack,2,1,"52,922","Political violence",13.295,43.786
2026-07-11,"Middle East",Yemen,Taizz,Protests,"Peaceful protest",21,0,"246,184",Demonstrations,13.295,43.786
2026-07-11,"Middle East",Yemen,Taizz,"Explosions/Remote violence","Shelling/artillery/missile attack",1,0,419,"Political violence",13.295,43.786
2026-07-11,"Middle East",Yemen,Taizz,"Violence against civilians","Abduction/forced disappearance",1,0,"47,715","Political violence",13.295,43.786
2026-07-11,"Middle East",Yemen,Taizz,"Strategic developments","Disrupted weapons use",1,0,0,"Strategic developments",13.295,43.786
2026-07-11,"Middle East",Yemen,Taizz,Battles,"Armed clash",1,1,"23,116","Political violence",13.295,43.786
2026-07-18,"International Waters","Indian Ocean","North Indian Ocean","Explosions/Remote violence","Air/drone strike",3,0,0,"Political violence",13.728,70.473
2026-07-18,"Middle East",Yemen,Abyan,"Strategic developments","Change to group/activity",1,0,0,"Strategic developments",13.627,46.228
2026-07-18,"Middle East",Yemen,Abyan,"Strategic developments","Looting/property destruction",1,0,0,"Strategic developments",13.627,46.228
2026-07-18,"Middle East",Yemen,Abyan,Battles,"Armed clash",4,0,"16,533","Political violence",13.627,46.228
2026-07-18,"Middle East",Yemen,Abyan,Protests,"Peaceful protest",9,0,"139,860",Demonstrations,13.627,46.228
2026-07-18,"Middle East",Yemen,"Ad Dali","Explosions/Remote violence","Shelling/artillery/missile attack",5,0,"24,773","Political violence",13.894,44.783
2026-07-18,"Middle East",Yemen,"Ad Dali",Protests,"Peaceful protest",2,0,"58,147",Demonstrations,13.894,44.783
2026-07-18,"Middle East",Yemen,"Ad Dali",Battles,"Armed clash",8,27,"15,623","Political violence",13.894,44.783
2026-07-18,"Middle East",Yemen,"Ad Dali","Strategic developments","Change to group/activity",10,0,0,"Strategic developments",13.894,44.783
2026-07-18,"Middle East",Yemen,Aden,Protests,"Peaceful protest",5,0,"77,090",Demonstrations,12.806,44.788
2026-07-18,"Middle East",Yemen,Aden,Battles,"Armed clash",1,0,"27,302","Political violence",12.806,44.788
2026-07-18,"Middle East",Yemen,Aden,"Strategic developments","Change to group/activity",3,0,0,"Strategic developments",12.806,44.788
2026-07-18,"Middle East",Yemen,"Al Bayda",Protests,"Peaceful protest",4,0,"43,537",Demonstrations,14.326,45.216
2026-07-18,"Middle East",Yemen,"Al Bayda",Battles,"Armed clash",4,6,"67,126","Political violence",14.326,45.216
2026-07-18,"Middle East",Yemen,"Al Bayda","Strategic developments","Change to group/activity",2,0,0,"Strategic developments",14.326,45.216
2026-07-18,"Middle East",Yemen,"Al Bayda","Explosions/Remote violence","Remote explosive/landmine/IED",1,2,"19,730","Political violence",14.326,45.216
2026-07-18,"Middle East",Yemen,"Al Hudaydah","Explosions/Remote violence","Shelling/artillery/missile attack",1,0,15,"Political violence",14.779,43.218
2026-07-18,"Middle East",Yemen,"Al Hudaydah",Protests,"Peaceful protest",6,0,"138,413",Demonstrations,14.779,43.218
2026-07-18,"Middle East",Yemen,"Al Hudaydah",Battles,"Armed clash",1,0,"2,768","Political violence",14.779,43.218
2026-07-18,"Middle East",Yemen,"Al Hudaydah","Strategic developments","Disrupted weapons use",1,0,0,"Strategic developments",14.779,43.218
2026-07-18,"Middle East",Yemen,"Al Hudaydah","Explosions/Remote violence","Air/drone strike",5,0,"100,883","Political violence",14.779,43.218
2026-07-18,"Middle East",Yemen,"Al Hudaydah","Strategic developments","Change to group/activity",1,0,0,"Strategic developments",14.779,43.218
2026-07-18,"Middle East",Yemen,"Al Jawf","Strategic developments","Change to group/activity",2,0,0,"Strategic developments",16.596,45.599
2026-07-18,"Middle East",Yemen,"Al Jawf",Protests,"Peaceful protest",2,0,"19,844",Demonstrations,16.596,45.599
2026-07-18,"Middle East",Yemen,"Al Jawf",Battles,"Armed clash",4,9,"43,037","Political violence",16.596,45.599
2026-07-18,"Middle East",Yemen,"Al Jawf","Strategic developments",Other,1,0,0,"Strategic developments",16.596,45.599
2026-07-18,"Middle East",Yemen,"Al Mahrah",Protests,"Peaceful protest",2,0,"17,285",Demonstrations,17.057,51.824
2026-07-18,"Middle East",Yemen,"Al Mahwit",Protests,"Peaceful protest",6,0,"52,277",Demonstrations,15.308,43.499
2026-07-18,"Middle East",Yemen,"Amanat al Asimah",Protests,"Peaceful protest",6,0,"218,574",Demonstrations,15.420,44.192
2026-07-18,"Middle East",Yemen,"Amanat al Asimah","Violence against civilians",Attack,1,0,"58,479","Political violence",15.420,44.192
2026-07-18,"Middle East",Yemen,"Amanat al Asimah","Strategic developments","Change to group/activity",1,0,0,"Strategic developments",15.420,44.192
2026-07-18,"Middle East",Yemen,"Amanat al Asimah","Violence against civilians","Abduction/forced disappearance",2,0,"94,775","Political violence",15.420,44.192
2026-07-18,"Middle East",Yemen,Amran,Protests,"Peaceful protest",3,0,"65,844",Demonstrations,16.116,43.941
2026-07-18,"Middle East",Yemen,Amran,Battles,"Armed clash",2,1,"43,140","Political violence",16.116,43.941
2026-07-18,"Middle East",Yemen,Amran,"Strategic developments","Looting/property destruction",1,0,0,"Strategic developments",16.116,43.941
2026-07-18,"Middle East",Yemen,Amran,"Strategic developments","Change to group/activity",1,0,0,"Strategic developments",16.116,43.941
2026-07-18,"Middle East",Yemen,Dhamar,Protests,"Peaceful protest",2,0,"57,572",Demonstrations,14.540,44.306
2026-07-18,"Middle East",Yemen,Hadramawt,Protests,"Peaceful protest",7,0,"70,735",Demonstrations,16.529,48.627
2026-07-18,"Middle East",Yemen,Hadramawt,Riots,"Violent demonstration",1,0,"29,521",Demonstrations,16.529,48.627
2026-07-18,"Middle East",Yemen,Hajjah,Protests,"Peaceful protest",33,0,"266,003",Demonstrations,16.094,43.204
2026-07-18,"Middle East",Yemen,Hajjah,"Strategic developments","Change to group/activity",1,0,0,"Strategic developments",16.094,43.204
2026-07-18,"Middle East",Yemen,Hajjah,"Strategic developments","Looting/property destruction",1,0,0,"Strategic developments",16.094,43.204
2026-07-18,"Middle East",Yemen,Ibb,Protests,"Peaceful protest",6,0,"61,803",Demonstrations,14.088,44.175
2026-07-18,"Middle East",Yemen,Ibb,Battles,"Armed clash",1,1,"7,794","Political violence",14.088,44.175
2026-07-18,"Middle East",Yemen,Ibb,"Strategic developments","Change to group/activity",3,0,0,"Strategic developments",14.088,44.175
2026-07-18,"Middle East",Yemen,Lahij,Protests,"Peaceful protest",4,0,"59,527",Demonstrations,13.320,44.762
2026-07-18,"Middle East",Yemen,Lahij,Battles,"Armed clash",2,0,"2,831","Political violence",13.320,44.762
2026-07-18,"Middle East",Yemen,Lahij,"Strategic developments","Change to group/activity",1,0,0,"Strategic developments",13.320,44.762
2026-07-18,"Middle East",Yemen,Marib,Protests,"Peaceful protest",4,0,"7,198",Demonstrations,15.333,45.452
2026-07-18,"Middle East",Yemen,Marib,Battles,"Armed clash",5,8,"9,803","Political violence",15.333,45.452
2026-07-18,"Middle East",Yemen,Marib,"Strategic developments","Change to group/activity",2,0,0,"Strategic developments",15.333,45.452
2026-07-18,"Middle East",Yemen,Marib,"Explosions/Remote violence","Air/drone strike",2,1,"11,291","Political violence",15.333,45.452
2026-07-18,"Middle East",Yemen,Marib,Battles,"Government regains territory",1,0,"5,625","Political violence",15.333,45.452
2026-07-18,"Middle East",Yemen,Raymah,Protests,"Peaceful protest",3,0,"3,103",Demonstrations,14.657,43.687
2026-07-18,"Middle East",Yemen,Raymah,"Violence against civilians",Attack,1,0,"5,833","Political violence",14.657,43.687
2026-07-18,"Middle East",Yemen,Sadah,Protests,"Peaceful protest",5,0,"75,945",Demonstrations,17.088,44.042
2026-07-18,"Middle East",Yemen,Sadah,"Strategic developments","Change to group/activity",1,0,0,"Strategic developments",17.088,44.042
2026-07-18,"Middle East",Yemen,Sadah,"Explosions/Remote violence","Remote explosive/landmine/IED",1,0,"1,594","Political violence",17.088,44.042
2026-07-18,"Middle East",Yemen,Sanaa,"Violence against civilians","Abduction/forced disappearance",1,0,"3,980","Political violence",15.393,44.475
2026-07-18,"Middle East",Yemen,Shabwah,Protests,"Peaceful protest",4,0,"21,456",Demonstrations,14.651,46.620
2026-07-18,"Middle East",Yemen,Shabwah,Battles,"Armed clash",4,2,"29,472","Political violence",14.651,46.620
2026-07-18,"Middle East",Yemen,Shabwah,"Explosions/Remote violence","Air/drone strike",1,0,"3,355","Political violence",14.651,46.620
2026-07-18,"Middle East",Yemen,Suqutra,Protests,"Peaceful protest",3,0,"57,833",Demonstrations,12.508,53.893
2026-07-18,"Middle East",Yemen,Taizz,Protests,"Peaceful protest",6,0,"124,350",Demonstrations,13.295,43.786
2026-07-18,"Middle East",Yemen,Taizz,"Violence against civilians",Attack,3,3,"226,599","Political violence",13.295,43.786
2026-07-18,"Middle East",Yemen,Taizz,"Strategic developments","Change to group/activity",15,0,0,"Strategic developments",13.295,43.786
2026-07-18,"Middle East",Yemen,Taizz,"Explosions/Remote violence","Shelling/artillery/missile attack",1,0,"11,339","Political violence",13.295,43.786
2026-07-25,"Middle East",Yemen,Abyan,Protests,"Peaceful protest",5,0,"109,206",Demonstrations,13.627,46.228
2026-07-25,"Middle East",Yemen,Abyan,Battles,"Armed clash",4,2,"24,203","Political violence",13.627,46.228
2026-07-25,"Middle East",Yemen,Abyan,"Strategic developments","Change to group/activity",3,0,0,"Strategic developments",13.627,46.228
2026-07-25,"Middle East",Yemen,"Ad Dali",Protests,"Peaceful protest",5,0,"107,984",Demonstrations,13.894,44.783
2026-07-25,"Middle East",Yemen,"Ad Dali","Explosions/Remote violence","Shelling/artillery/missile attack",8,0,"24,687","Political violence",13.894,44.783
2026-07-25,"Middle East",Yemen,"Ad Dali","Explosions/Remote violence","Air/drone strike",4,0,"66,924","Political violence",13.894,44.783
2026-07-25,"Middle East",Yemen,"Ad Dali","Violence against civilians",Attack,1,0,"50,760","Political violence",13.894,44.783
2026-07-25,"Middle East",Yemen,"Ad Dali",Battles,"Armed clash",8,1,"16,069","Political violence",13.894,44.783
2026-07-25,"Middle East",Yemen,Aden,Battles,"Armed clash",1,0,"19,553","Political violence",12.806,44.788
2026-07-25,"Middle East",Yemen,Aden,Protests,"Peaceful protest",7,0,"107,140",Demonstrations,12.806,44.788
2026-07-25,"Middle East",Yemen,Aden,"Violence against civilians",Attack,1,0,"11,237","Political violence",12.806,44.788
2026-07-25,"Middle East",Yemen,Aden,"Strategic developments",Other,1,0,0,"Strategic developments",12.806,44.788
2026-07-25,"Middle East",Yemen,"Al Bayda",Protests,"Peaceful protest",1,0,"43,537",Demonstrations,14.326,45.216
2026-07-25,"Middle East",Yemen,"Al Bayda","Explosions/Remote violence","Air/drone strike",1,0,"60,791","Political violence",14.326,45.216
2026-07-25,"Middle East",Yemen,"Al Hudaydah",Protests,"Peaceful protest",6,0,"230,065",Demonstrations,14.779,43.218
2026-07-25,"Middle East",Yemen,"Al Hudaydah","Explosions/Remote violence","Remote explosive/landmine/IED",2,5,"116,051","Political violence",14.779,43.218
2026-07-25,"Middle East",Yemen,"Al Hudaydah","Explosions/Remote violence","Shelling/artillery/missile attack",1,0,"6,131","Political violence",14.779,43.218
2026-07-25,"Middle East",Yemen,"Al Jawf",Battles,"Armed clash",6,16,"31,203","Political violence",16.596,45.599
2026-07-25,"Middle East",Yemen,"Al Jawf","Explosions/Remote violence","Air/drone strike",3,1,"29,972","Political violence",16.596,45.599
2026-07-25,"Middle East",Yemen,"Al Jawf",Protests,"Peaceful protest",13,0,"86,057",Demonstrations,16.596,45.599
2026-07-25,"Middle East",Yemen,"Al Jawf","Strategic developments","Disrupted weapons use",1,0,0,"Strategic developments",16.596,45.599
2026-07-25,"Middle East",Yemen,"Al Mahwit",Protests,"Peaceful protest",2,0,"25,052",Demonstrations,15.308,43.499
2026-07-25,"Middle East",Yemen,"Amanat al Asimah","Strategic developments","Disrupted weapons use",1,5,0,"Strategic developments",15.420,44.192
2026-07-25,"Middle East",Yemen,"Amanat al Asimah",Protests,"Peaceful protest",1,0,"54,964",Demonstrations,15.420,44.192
2026-07-25,"Middle East",Yemen,"Amanat al Asimah","Explosions/Remote violence","Air/drone strike",1,0,"58,479","Political violence",15.420,44.192
2026-07-25,"Middle East",Yemen,"Amanat al Asimah",Battles,"Armed clash",2,5,"105,958","Political violence",15.420,44.192
2026-07-25,"Middle East",Yemen,"Amanat al Asimah","Strategic developments",Other,1,0,0,"Strategic developments",15.420,44.192
2026-07-25,"Middle East",Yemen,Amran,"Explosions/Remote violence","Air/drone strike",1,0,"127,795","Political violence",16.116,43.941
2026-07-25,"Middle East",Yemen,Amran,Battles,"Armed clash",2,2,"31,556","Political violence",16.116,43.941
2026-07-25,"Middle East",Yemen,Amran,"Violence against civilians","Abduction/forced disappearance",1,0,"13,170","Political violence",16.116,43.941
2026-07-25,"Middle East",Yemen,Amran,"Violence against civilians",Attack,1,2,"36,230","Political violence",16.116,43.941
2026-07-25,"Middle East",Yemen,Amran,Protests,"Peaceful protest",2,0,"49,593",Demonstrations,16.116,43.941
2026-07-25,"Middle East",Yemen,Dhamar,Protests,"Peaceful protest",2,0,"57,572",Demonstrations,14.540,44.306
2026-07-25,"Middle East",Yemen,Dhamar,"Violence against civilians","Abduction/forced disappearance",1,0,"2,057","Political violence",14.540,44.306
2026-07-25,"Middle East",Yemen,Hadramawt,Protests,"Peaceful protest",9,0,"116,089",Demonstrations,16.529,48.627
2026-07-25,"Middle East",Yemen,Hadramawt,"Violence against civilians",Attack,1,2,"34,819","Political violence",16.529,48.627
2026-07-25,"Middle East",Yemen,Hadramawt,"Strategic developments","Change to group/activity",1,0,0,"Strategic developments",16.529,48.627
2026-07-25,"Middle East",Yemen,Hajjah,Protests,"Peaceful protest",9,0,"74,619",Demonstrations,16.094,43.204
2026-07-25,"Middle East",Yemen,Hajjah,"Strategic developments","Disrupted weapons use",1,3,0,"Strategic developments",16.094,43.204
2026-07-25,"Middle East",Yemen,Ibb,"Strategic developments","Change to group/activity",6,0,0,"Strategic developments",14.088,44.175
2026-07-25,"Middle East",Yemen,Ibb,Battles,"Armed clash",1,0,"47,797","Political violence",14.088,44.175
2026-07-25,"Middle East",Yemen,Ibb,"Violence against civilians","Abduction/forced disappearance",1,0,"31,124","Political violence",14.088,44.175
2026-07-25,"Middle East",Yemen,Ibb,"Violence against civilians",Attack,1,1,"18,428","Political violence",14.088,44.175
2026-07-25,"Middle East",Yemen,Ibb,Protests,"Peaceful protest",2,0,"23,220",Demonstrations,14.088,44.175
2026-07-25,"Middle East",Yemen,Lahij,"Explosions/Remote violence","Air/drone strike",1,0,"10,978","Political violence",13.320,44.762
2026-07-25,"Middle East",Yemen,Lahij,"Strategic developments",Other,1,0,0,"Strategic developments",13.320,44.762
2026-07-25,"Middle East",Yemen,Lahij,Protests,"Peaceful protest",4,0,"84,093",Demonstrations,13.320,44.762
2026-07-25,"Middle East",Yemen,Lahij,"Strategic developments","Looting/property destruction",2,0,0,"Strategic developments",13.320,44.762
2026-07-25,"Middle East",Yemen,Lahij,Battles,"Armed clash",3,0,"22,393","Political violence",13.320,44.762
2026-07-25,"Middle East",Yemen,Marib,"Explosions/Remote violence","Air/drone strike",10,5,"88,189","Political violence",15.333,45.452
2026-07-25,"Middle East",Yemen,Marib,"Explosions/Remote violence","Remote explosive/landmine/IED",1,0,"4,159","Political violence",15.333,45.452
2026-07-25,"Middle East",Yemen,Marib,"Violence against civilians",Attack,2,0,"24,952","Political violence",15.333,45.452
2026-07-25,"Middle East",Yemen,Marib,"Strategic developments","Change to group/activity",4,0,0,"Strategic developments",15.333,45.452
2026-07-25,"Middle East",Yemen,Marib,"Strategic developments",Arrests,1,0,0,"Strategic developments",15.333,45.452
2026-07-25,"Middle East",Yemen,Marib,Protests,"Peaceful protest",14,0,"44,234",Demonstrations,15.333,45.452
2026-07-25,"Middle East",Yemen,Raymah,Protests,"Peaceful protest",2,0,"3,103",Demonstrations,14.657,43.687
2026-07-25,"Middle East",Yemen,Sadah,"Strategic developments","Disrupted weapons use",2,0,0,"Strategic developments",17.088,44.042
2026-07-25,"Middle East",Yemen,Sadah,"Explosions/Remote violence","Air/drone strike",1,0,"3,267","Political violence",17.088,44.042
2026-07-25,"Middle East",Yemen,Sadah,Protests,"Peaceful protest",2,0,"38,460",Demonstrations,17.088,44.042
2026-07-25,"Middle East",Yemen,Sanaa,Protests,"Peaceful protest",10,0,"31,206",Demonstrations,15.393,44.475
2026-07-25,"Middle East",Yemen,Shabwah,"Strategic developments","Change to group/activity",3,0,0,"Strategic developments",14.651,46.620
2026-07-25,"Middle East",Yemen,Shabwah,"Violence against civilians","Abduction/forced disappearance",1,0,"27,401","Political violence",14.651,46.620
2026-07-25,"Middle East",Yemen,Shabwah,"Explosions/Remote violence","Shelling/artillery/missile attack",2,0,"10,138","Political violence",14.651,46.620
2026-07-25,"Middle East",Yemen,Suqutra,Protests,"Peaceful protest",1,0,"40,973",Demonstrations,12.508,53.893
2026-07-25,"Middle East",Yemen,Taizz,Battles,"Armed clash",2,6,"11,918","Political violence",13.295,43.786
2026-07-25,"Middle East",Yemen,Taizz,"Violence against civilians",Attack,1,0,10,"Political violence",13.295,43.786
2026-07-25,"Middle East",Yemen,Taizz,"Strategic developments","Disrupted weapons use",1,0,0,"Strategic developments",13.295,43.786
2026-07-25,"Middle East",Yemen,Taizz,Protests,"Peaceful protest",20,0,"255,871",Demonstrations,13.295,43.786
2026-07-25,"Middle East",Yemen,Taizz,"Explosions/Remote violence","Shelling/artillery/missile attack",3,1,"66,731","Political violence",13.295,43.786
2026-07-25,"Middle East",Yemen,Taizz,"Strategic developments","Change to group/activity",6,0,0,"Strategic developments",13.295,43.786
2026-08-01,"International Waters","Indian Ocean","North Indian Ocean","Explosions/Remote violence","Shelling/artillery/missile attack",2,0,0,"Political violence",13.728,70.473
2026-08-01,"Middle East",Yemen,Abyan,Battles,"Armed clash",5,13,"38,943","Political violence",13.627,46.228
2026-08-01,"Middle East",Yemen,Abyan,"Strategic developments","Change to group/activity",2,0,0,"Strategic developments",13.627,46.228
2026-08-01,"Middle East",Yemen,Abyan,Protests,"Peaceful protest",17,0,"156,994",Demonstrations,13.627,46.228
2026-08-01,"Middle East",Yemen,Abyan,"Explosions/Remote violence","Remote explosive/landmine/IED",1,0,"8,268","Political violence",13.627,46.228
2026-08-01,"Middle East",Yemen,"Ad Dali",Battles,"Armed clash",6,4,"19,642","Political violence",13.894,44.783
2026-08-01,"Middle East",Yemen,"Ad Dali",Protests,"Peaceful protest",1,0,"28,856",Demonstrations,13.894,44.783
2026-08-01,"Middle East",Yemen,"Ad Dali","Explosions/Remote violence","Shelling/artillery/missile attack",8,4,"36,641","Political violence",13.894,44.783
2026-08-01,"Middle East",Yemen,"Ad Dali","Explosions/Remote violence","Air/drone strike",3,0,"10,900","Political violence",13.894,44.783
2026-08-01,"Middle East",Yemen,"Ad Dali","Violence against civilians",Attack,2,1,"85,120","Political violence",13.894,44.783
2026-08-01,"Middle East",Yemen,"Ad Dali","Strategic developments","Change to group/activity",1,0,0,"Strategic developments",13.894,44.783
2026-08-01,"Middle East",Yemen,Aden,Protests,"Peaceful protest",1,0,"3,676",Demonstrations,12.806,44.788
2026-08-01,"Middle East",Yemen,"Al Bayda","Explosions/Remote violence","Shelling/artillery/missile attack",1,0,"7,261","Political violence",14.326,45.216
2026-08-01,"Middle East",Yemen,"Al Bayda","Violence against civilians","Abduction/forced disappearance",2,0,"13,409","Political violence",14.326,45.216
2026-08-01,"Middle East",Yemen,"Al Bayda","Strategic developments","Change to group/activity",3,0,0,"Strategic developments",14.326,45.216
2026-08-01,"Middle East",Yemen,"Al Bayda","Explosions/Remote violence","Remote explosive/landmine/IED",1,0,"12,676","Political violence",14.326,45.216
2026-08-01,"Middle East",Yemen,"Al Bayda",Protests,"Peaceful protest",1,0,"43,537",Demonstrations,14.326,45.216
2026-08-01,"Middle East",Yemen,"Al Hudaydah","Explosions/Remote violence","Shelling/artillery/missile attack",1,0,"16,574","Political violence",14.779,43.218
2026-08-01,"Middle East",Yemen,"Al Hudaydah",Protests,"Peaceful protest",5,0,"194,068",Demonstrations,14.779,43.218
2026-08-01,"Middle East",Yemen,"Al Hudaydah","Explosions/Remote violence","Remote explosive/landmine/IED",3,7,"228,762","Political violence",14.779,43.218
2026-08-01,"Middle East",Yemen,"Al Hudaydah","Strategic developments","Change to group/activity",1,0,0,"Strategic developments",14.779,43.218
2026-08-01,"Middle East",Yemen,"Al Hudaydah","Explosions/Remote violence","Air/drone strike",1,0,"3,949","Political violence",14.779,43.218
2026-08-01,"Middle East",Yemen,"Al Jawf",Battles,"Armed clash",4,5,"41,002","Political violence",16.596,45.599
2026-08-01,"Middle East",Yemen,"Al Jawf","Explosions/Remote violence","Remote explosive/landmine/IED",1,0,"8,801","Political violence",16.596,45.599
2026-08-01,"Middle East",Yemen,"Al Jawf","Explosions/Remote violence","Shelling/artillery/missile attack",1,0,334,"Political violence",16.596,45.599
2026-08-01,"Middle East",Yemen,"Al Mahwit",Protests,"Peaceful protest",11,0,"111,128",Demonstrations,15.308,43.499
2026-08-01,"Middle East",Yemen,"Amanat al Asimah","Strategic developments","Change to group/activity",1,0,0,"Strategic developments",15.420,44.192
2026-08-01,"Middle East",Yemen,"Amanat al Asimah","Violence against civilians","Abduction/forced disappearance",3,0,"120,972","Political violence",15.420,44.192
2026-08-01,"Middle East",Yemen,"Amanat al Asimah","Explosions/Remote violence","Air/drone strike",1,0,"20,248","Political violence",15.420,44.192
2026-08-01,"Middle East",Yemen,"Amanat al Asimah",Protests,"Peaceful protest",1,0,"54,964",Demonstrations,15.420,44.192
2026-08-01,"Middle East",Yemen,Amran,Battles,"Armed clash",1,0,"75,116","Political violence",16.116,43.941
2026-08-01,"Middle East",Yemen,Dhamar,"Strategic developments","Change to group/activity",1,0,0,"Strategic developments",14.540,44.306
2026-08-01,"Middle East",Yemen,Dhamar,"Violence against civilians","Abduction/forced disappearance",1,0,"129,879","Political violence",14.540,44.306
2026-08-01,"Middle East",Yemen,Hadramawt,"Strategic developments","Change to group/activity",7,0,0,"Strategic developments",16.529,48.627
2026-08-01,"Middle East",Yemen,Hadramawt,"Strategic developments","Disrupted weapons use",1,0,0,"Strategic developments",16.529,48.627
2026-08-01,"Middle East",Yemen,Hadramawt,Battles,"Armed clash",2,3,"1,866","Political violence",16.529,48.627
2026-08-01,"Middle East",Yemen,Hadramawt,Protests,"Peaceful protest",2,0,"7,097",Demonstrations,16.529,48.627
2026-08-01,"Middle East",Yemen,Hadramawt,"Violence against civilians",Attack,1,1,"123,973","Political violence",16.529,48.627
2026-08-01,"Middle East",Yemen,Hadramawt,"Strategic developments","Looting/property destruction",1,0,0,"Strategic developments",16.529,48.627
2026-08-01,"Middle East",Yemen,Hadramawt,"Explosions/Remote violence","Air/drone strike",2,19,"4,505","Political violence",16.529,48.627
2026-08-01,"Middle East",Yemen,Hadramawt,"Strategic developments",Other,1,0,0,"Strategic developments",16.529,48.627
2026-08-01,"Middle East",Yemen,Hajjah,"Strategic developments","Disrupted weapons use",1,0,0,"Strategic developments",16.094,43.204
2026-08-01,"Middle East",Yemen,Hajjah,Protests,"Peaceful protest",2,0,"19,317",Demonstrations,16.094,43.204
2026-08-01,"Middle East",Yemen,Ibb,Protests,"Peaceful protest",2,0,"64,686",Demonstrations,14.088,44.175
2026-08-01,"Middle East",Yemen,Ibb,"Strategic developments","Change to group/activity",1,0,0,"Strategic developments",14.088,44.175
2026-08-01,"Middle East",Yemen,Ibb,"Strategic developments","Looting/property destruction",1,0,0,"Strategic developments",14.088,44.175
2026-08-01,"Middle East",Yemen,Ibb,"Strategic developments","Disrupted weapons use",1,3,0,"Strategic developments",14.088,44.175
2026-08-01,"Middle East",Yemen,Lahij,"Strategic developments","Looting/property destruction",2,0,0,"Strategic developments",13.320,44.762
2026-08-01,"Middle East",Yemen,Lahij,"Explosions/Remote violence",Grenade,1,0,"22,361","Political violence",13.320,44.762
2026-08-01,"Middle East",Yemen,Lahij,Battles,"Armed clash",3,0,"2,831","Political violence",13.320,44.762
2026-08-01,"Middle East",Yemen,Marib,Battles,"Armed clash",4,16,"38,023","Political violence",15.333,45.452
2026-08-01,"Middle East",Yemen,Marib,"Explosions/Remote violence","Air/drone strike",6,25,"37,512","Political violence",15.333,45.452
2026-08-01,"Middle East",Yemen,Marib,"Strategic developments","Disrupted weapons use",2,0,0,"Strategic developments",15.333,45.452
2026-08-01,"Middle East",Yemen,Marib,"Strategic developments",Other,1,0,0,"Strategic developments",15.333,45.452
2026-08-01,"Middle East",Yemen,Raymah,Protests,"Peaceful protest",2,0,"3,103",Demonstrations,14.657,43.687
2026-08-01,"Middle East",Yemen,Sadah,"Explosions/Remote violence","Shelling/artillery/missile attack",1,0,"12,687","Political violence",17.088,44.042
2026-08-01,"Middle East",Yemen,Sadah,Protests,"Peaceful protest",2,0,"38,460",Demonstrations,17.088,44.042
2026-08-01,"Middle East",Yemen,Sadah,"Violence against civilians","Abduction/forced disappearance",1,0,"46,679","Political violence",17.088,44.042
2026-08-01,"Middle East",Yemen,Sanaa,Battles,"Armed clash",1,0,"1,290","Political violence",15.393,44.475
2026-08-01,"Middle East",Yemen,Sanaa,"Violence against civilians","Abduction/forced disappearance",5,0,"237,649","Political violence",15.393,44.475
2026-08-01,"Middle East",Yemen,Sanaa,"Explosions/Remote violence","Air/drone strike",1,0,"15,077","Political violence",15.393,44.475
2026-08-01,"Middle East",Yemen,Sanaa,"Strategic developments","Disrupted weapons use",1,6,0,"Strategic developments",15.393,44.475
2026-08-01,"Middle East",Yemen,Shabwah,"Strategic developments","Change to group/activity",4,0,0,"Strategic developments",14.651,46.620
2026-08-01,"Middle East",Yemen,Shabwah,Protests,"Peaceful protest",4,0,"27,763",Demonstrations,14.651,46.620
2026-08-01,"Middle East",Yemen,Shabwah,Battles,"Armed clash",6,6,"77,388","Political violence",14.651,46.620
2026-08-01,"Middle East",Yemen,Shabwah,"Violence against civilians",Attack,1,2,"21,330","Political violence",14.651,46.620
2026-08-01,"Middle East",Yemen,Shabwah,"Explosions/Remote violence","Air/drone strike",2,2,"12,541","Political violence",14.651,46.620
2026-08-01,"Middle East",Yemen,Shabwah,"Explosions/Remote violence","Shelling/artillery/missile attack",1,0,"6,783","Political violence",14.651,46.620
2026-08-01,"Middle East",Yemen,Suqutra,Protests,"Peaceful protest",1,0,"15,639",Demonstrations,12.508,53.893
2026-08-01,"Middle East",Yemen,Taizz,"Strategic developments",Other,1,0,0,"Strategic developments",13.295,43.786
2026-08-01,"Middle East",Yemen,Taizz,Battles,"Armed clash",8,15,"192,844","Political violence",13.295,43.786
2026-08-01,"Middle East",Yemen,Taizz,"Explosions/Remote violence","Shelling/artillery/missile attack",4,0,"143,091","Political violence",13.295,43.786
2026-08-01,"Middle East",Yemen,Taizz,Protests,"Peaceful protest",3,0,"44,629",Demonstrations,13.295,43.786
2026-08-01,"Middle East",Yemen,Taizz,"Violence against civilians",Attack,2,2,"26,586","Political violence",13.295,43.786
2026-08-01,"Middle East",Yemen,Taizz,"Strategic developments","Change to group/activity",1,0,0,"Strategic developments",13.295,43.786
2026-08-01,"Middle East",Yemen,Taizz,"Explosions/Remote violence","Remote explosive/landmine/IED",2,1,0,"Political violence",13.295,43.786
2026-08-01,"Middle East",Yemen,Taizz,"Explosions/Remote violence","Air/drone strike",2,0,"42,004","Political violence",13.295,43.786
2026-08-08,"International Waters","Indian Ocean","North Indian Ocean","Explosions/Remote violence","Shelling/artillery/missile attack",1,0,0,"Political violence",13.728,70.473
2026-08-08,"International Waters","Indian Ocean","North Indian Ocean",Battles,"Armed clash",1,8,0,"Political violence",13.728,70.473
2026-08-08,"Middle East",Yemen,Abyan,"Strategic developments","Disrupted weapons use",1,0,0,"Strategic developments",13.627,46.228
2026-08-08,"Middle East",Yemen,Abyan,Battles,"Armed clash",4,0,"16,533","Political violence",13.627,46.228
2026-08-08,"Middle East",Yemen,Abyan,"Strategic developments",Other,2,0,0,"Strategic developments",13.627,46.228
2026-08-08,"Middle East",Yemen,Abyan,Protests,"Peaceful protest",8,0,"103,546",Demonstrations,13.627,46.228
2026-08-08,"Middle East",Yemen,"Ad Dali","Explosions/Remote violence","Air/drone strike",4,20,"15,803","Political violence",13.894,44.783
2026-08-08,"Middle East",Yemen,"Ad Dali","Explosions/Remote violence","Shelling/artillery/missile attack",7,1,"73,441","Political violence",13.894,44.783
2026-08-08,"Middle East",Yemen,"Ad Dali","Strategic developments","Change to group/activity",3,0,0,"Strategic developments",13.894,44.783
2026-08-08,"Middle East",Yemen,"Ad Dali",Battles,"Armed clash",6,2,"23,286","Political violence",13.894,44.783
2026-08-08,"Middle East",Yemen,"Ad Dali",Protests,"Peaceful protest",6,0,"89,982",Demonstrations,13.894,44.783
2026-08-08,"Middle East",Yemen,Aden,Protests,"Peaceful protest",3,0,"48,406",Demonstrations,12.806,44.788
2026-08-08,"Middle East",Yemen,Aden,"Strategic developments","Change to group/activity",1,0,0,"Strategic developments",12.806,44.788
2026-08-08,"Middle East",Yemen,Aden,"Strategic developments",Other,3,0,0,"Strategic developments",12.806,44.788
2026-08-08,"Middle East",Yemen,"Al Bayda","Strategic developments",Other,1,0,0,"Strategic developments",14.326,45.216
2026-08-08,"Middle East",Yemen,"Al Bayda","Strategic developments","Change to group/activity",1,0,0,"Strategic developments",14.326,45.216
2026-08-08,"Middle East",Yemen,"Al Bayda","Violence against civilians","Abduction/forced disappearance",1,0,"55,179","Political violence",14.326,45.216
2026-08-08,"Middle East",Yemen,"Al Bayda",Battles,"Armed clash",2,0,"15,591","Political violence",14.326,45.216
2026-08-08,"Middle East",Yemen,"Al Hudaydah","Strategic developments","Headquarters or base established",2,0,0,"Strategic developments",14.779,43.218
2026-08-08,"Middle East",Yemen,"Al Hudaydah","Explosions/Remote violence","Air/drone strike",4,0,"50,276","Political violence",14.779,43.218
2026-08-08,"Middle East",Yemen,"Al Hudaydah","Explosions/Remote violence","Remote explosive/landmine/IED",1,1,"4,488","Political violence",14.779,43.218
2026-08-08,"Middle East",Yemen,"Al Hudaydah",Protests,"Peaceful protest",6,0,"254,654",Demonstrations,14.779,43.218
2026-08-08,"Middle East",Yemen,"Al Hudaydah","Explosions/Remote violence","Shelling/artillery/missile attack",5,1,"290,146","Political violence",14.779,43.218
2026-08-08,"Middle East",Yemen,"Al Hudaydah",Battles,"Armed clash",8,36,"151,992","Political violence",14.779,43.218
2026-08-08,"Middle East",Yemen,"Al Hudaydah","Strategic developments","Change to group/activity",4,0,0,"Strategic developments",14.779,43.218
2026-08-08,"Middle East",Yemen,"Al Jawf","Explosions/Remote violence","Air/drone strike",4,0,"27,016","Political violence",16.596,45.599
2026-08-08,"Middle East",Yemen,"Al Mahrah","Strategic developments",Other,1,0,0,"Strategic developments",17.057,51.824
2026-08-08,"Middle East",Yemen,"Al Mahwit",Protests,"Peaceful protest",10,0,"111,128",Demonstrations,15.308,43.499
2026-08-08,"Middle East",Yemen,"Amanat al Asimah","Violence against civilians",Attack,1,0,"96,607","Political violence",15.420,44.192
2026-08-08,"Middle East",Yemen,"Amanat al Asimah","Violence against civilians","Abduction/forced disappearance",1,0,"58,402","Political violence",15.420,44.192
2026-08-08,"Middle East",Yemen,"Amanat al Asimah",Protests,"Peaceful protest",3,0,"71,940",Demonstrations,15.420,44.192
2026-08-08,"Middle East",Yemen,Amran,"Strategic developments","Looting/property destruction",1,0,0,"Strategic developments",16.116,43.941
2026-08-08,"Middle East",Yemen,Amran,Protests,"Peaceful protest",1,0,"49,593",Demonstrations,16.116,43.941
2026-08-08,"Middle East",Yemen,Dhamar,Protests,"Peaceful protest",1,0,"57,572",Demonstrations,14.540,44.306
2026-08-08,"Middle East",Yemen,Dhamar,Battles,"Armed clash",1,1,0,"Political violence",14.540,44.306
2026-08-08,"Middle East",Yemen,Hadramawt,"Strategic developments",Other,2,0,0,"Strategic developments",16.529,48.627
2026-08-08,"Middle East",Yemen,Hadramawt,"Explosions/Remote violence","Remote explosive/landmine/IED",1,2,0,"Political violence",16.529,48.627
2026-08-08,"Middle East",Yemen,Hadramawt,"Explosions/Remote violence","Air/drone strike",1,2,"1,866","Political violence",16.529,48.627
2026-08-08,"Middle East",Yemen,Hadramawt,"Strategic developments","Change to group/activity",1,0,0,"Strategic developments",16.529,48.627
2026-08-08,"Middle East",Yemen,Hajjah,Protests,"Peaceful protest",1,0,"19,317",Demonstrations,16.094,43.204
2026-08-08,"Middle East",Yemen,Hajjah,"Explosions/Remote violence","Air/drone strike",1,0,"19,317","Political violence",16.094,43.204
2026-08-08,"Middle East",Yemen,Hajjah,"Strategic developments","Looting/property destruction",1,0,0,"Strategic developments",16.094,43.204
2026-08-08,"Middle East",Yemen,Ibb,"Strategic developments","Looting/property destruction",1,0,0,"Strategic developments",14.088,44.175
2026-08-08,"Middle East",Yemen,Ibb,"Strategic developments","Change to group/activity",4,0,0,"Strategic developments",14.088,44.175
2026-08-08,"Middle East",Yemen,Ibb,Protests,"Peaceful protest",2,0,"70,384",Demonstrations,14.088,44.175
2026-08-08,"Middle East",Yemen,Ibb,"Violence against civilians","Abduction/forced disappearance",1,0,"36,219","Political violence",14.088,44.175
2026-08-08,"Middle East",Yemen,Ibb,"Strategic developments",Arrests,1,0,0,"Strategic developments",14.088,44.175
2026-08-08,"Middle East",Yemen,Lahij,"Strategic developments","Change to group/activity",3,0,0,"Strategic developments",13.320,44.762
2026-08-08,"Middle East",Yemen,Lahij,"Strategic developments","Looting/property destruction",1,0,0,"Strategic developments",13.320,44.762
2026-08-08,"Middle East",Yemen,Lahij,Battles,"Armed clash",6,5,"58,846","Political violence",13.320,44.762
2026-08-08,"Middle East",Yemen,Lahij,"Violence against civilians",Attack,1,0,"11,292","Political violence",13.320,44.762
2026-08-08,"Middle East",Yemen,Marib,"Explosions/Remote violence","Shelling/artillery/missile attack",5,0,"65,279","Political violence",15.333,45.452
2026-08-08,"Middle East",Yemen,Marib,Battles,"Armed clash",8,42,"46,602","Political violence",15.333,45.452
2026-08-08,"Middle East",Yemen,Marib,Protests,"Peaceful protest",1,0,"15,958",Demonstrations,15.333,45.452
2026-08-08,"Middle East",Yemen,Marib,"Strategic developments","Change to group/activity",1,0,0,"Strategic developments",15.333,45.452
2026-08-08,"Middle East",Yemen,Marib,"Strategic developments","Disrupted weapons use",2,0,0,"Strategic developments",15.333,45.452
2026-08-08,"Middle East",Yemen,Marib,"Explosions/Remote violence","Air/drone strike",23,3,"76,846","Political violence",15.333,45.452
2026-08-08,"Middle East",Yemen,Raymah,Protests,"Peaceful protest",3,0,"3,103",Demonstrations,14.657,43.687
2026-08-08,"Middle East",Yemen,Sadah,"Explosions/Remote violence","Air/drone strike",2,0,510,"Political violence",17.088,44.042
2026-08-08,"Middle East",Yemen,Sadah,"Explosions/Remote violence","Shelling/artillery/missile attack",5,10,"108,132","Political violence",17.088,44.042
2026-08-08,"Middle East",Yemen,Sadah,Protests,"Peaceful protest",3,0,"53,148",Demonstrations,17.088,44.042
2026-08-08,"Middle East",Yemen,Sanaa,Protests,"Peaceful protest",1,0,"4,430",Demonstrations,15.393,44.475
2026-08-08,"Middle East",Yemen,Sanaa,"Explosions/Remote violence","Remote explosive/landmine/IED",1,2,622,"Political violence",15.393,44.475
2026-08-08,"Middle East",Yemen,Sanaa,"Violence against civilians","Abduction/forced disappearance",4,0,"43,826","Political violence",15.393,44.475
2026-08-08,"Middle East",Yemen,Shabwah,"Explosions/Remote violence","Air/drone strike",6,12,"86,766","Political violence",14.651,46.620
2026-08-08,"Middle East",Yemen,Shabwah,Battles,"Armed clash",7,41,"86,778","Political violence",14.651,46.620
2026-08-08,"Middle East",Yemen,Shabwah,"Strategic developments","Looting/property destruction",1,0,0,"Strategic developments",14.651,46.620
2026-08-08,"Middle East",Yemen,Shabwah,"Explosions/Remote violence","Shelling/artillery/missile attack",2,0,"1,757","Political violence",14.651,46.620
2026-08-08,"Middle East",Yemen,Taizz,"Explosions/Remote violence","Shelling/artillery/missile attack",35,8,"422,754","Political violence",13.295,43.786
2026-08-08,"Middle East",Yemen,Taizz,"Strategic developments","Change to group/activity",8,0,0,"Strategic developments",13.295,43.786
2026-08-08,"Middle East",Yemen,Taizz,Battles,"Armed clash",20,32,"353,535","Political violence",13.295,43.786
2026-08-08,"Middle East",Yemen,Taizz,"Strategic developments","Disrupted weapons use",8,0,0,"Strategic developments",13.295,43.786
2026-08-08,"Middle East",Yemen,Taizz,"Explosions/Remote violence","Air/drone strike",13,81,"171,214","Political violence",13.295,43.786
2026-08-08,"Middle East",Yemen,Taizz,"Explosions/Remote violence","Remote explosive/landmine/IED",2,1,"11,913","Political violence",13.295,43.786
2026-08-08,"Middle East",Yemen,Taizz,"Strategic developments",Other,1,0,0,"Strategic developments",13.295,43.786
2026-08-08,"Middle East",Yemen,Taizz,"Strategic developments","Looting/property destruction",3,0,0,"Strategic developments",13.295,43.786
2026-08-08,"Middle East",Yemen,Taizz,"Violence against civilians",Attack,1,1,"46,182","Political violence",13.295,43.786
2026-08-08,"Middle East",Yemen,Taizz,Protests,"Peaceful protest",3,0,"51,002",Demonstrations,13.295,43.786
2026-08-08,"Middle East",Yemen,Taizz,"Violence against civilians","Abduction/forced disappearance",1,0,"15,009","Political violence",13.295,43.786
2026-08-15,"International Waters","Indian Ocean","North Indian Ocean","Strategic developments","Change to group/activity",1,0,0,"Strategic developments",13.728,70.473
2026-08-15,"International Waters","Indian Ocean","North Indian Ocean","Violence against civilians","Abduction/forced disappearance",1,0,0,"Political violence",13.728,70.473
2026-08-15,"International Waters","Indian Ocean","North Indian Ocean","Strategic developments",Other,1,0,0,"Strategic developments",13.728,70.473
2026-08-15,"International Waters","Indian Ocean","North Indian Ocean","Explosions/Remote violence","Shelling/artillery/missile attack",1,0,0,"Political violence",13.728,70.473
2026-08-15,"Middle East",Yemen,Abyan,"Strategic developments",Other,3,0,0,"Strategic developments",13.627,46.228
2026-08-15,"Middle East",Yemen,Abyan,"Explosions/Remote violence","Shelling/artillery/missile attack",2,0,472,"Political violence",13.627,46.228
2026-08-15,"Middle East",Yemen,Abyan,Protests,"Peaceful protest",2,0,"53,448",Demonstrations,13.627,46.228
2026-08-15,"Middle East",Yemen,Abyan,"Explosions/Remote violence","Air/drone strike",2,0,472,"Political violence",13.627,46.228
2026-08-15,"Middle East",Yemen,Abyan,Battles,"Armed clash",1,1,"7,574","Political violence",13.627,46.228
2026-08-15,"Middle East",Yemen,"Ad Dali","Explosions/Remote violence","Shelling/artillery/missile attack",9,0,"26,544","Political violence",13.894,44.783
2026-08-15,"Middle East",Yemen,"Ad Dali","Explosions/Remote violence","Air/drone strike",6,0,"23,682","Political violence",13.894,44.783
2026-08-15,"Middle East",Yemen,"Ad Dali","Violence against civilians",Attack,3,2,"39,018","Political violence",13.894,44.783
2026-08-15,"Middle East",Yemen,"Ad Dali","Strategic developments","Disrupted weapons use",1,0,0,"Strategic developments",13.894,44.783
2026-08-15,"Middle East",Yemen,"Ad Dali",Protests,"Peaceful protest",1,0,"31,710",Demonstrations,13.894,44.783
2026-08-15,"Middle East",Yemen,"Ad Dali",Battles,"Armed clash",5,1,"15,407","Political violence",13.894,44.783
2026-08-15,"Middle East",Yemen,"Ad Dali",Riots,"Violent demonstration",1,0,"31,864",Demonstrations,13.894,44.783
2026-08-15,"Middle East",Yemen,"Ad Dali","Strategic developments",Other,1,0,0,"Strategic developments",13.894,44.783
2026-08-15,"Middle East",Yemen,Aden,"Strategic developments",Other,1,0,0,"Strategic developments",12.806,44.788
2026-08-15,"Middle East",Yemen,Aden,"Strategic developments","Change to group/activity",1,0,0,"Strategic developments",12.806,44.788
2026-08-15,"Middle East",Yemen,Aden,Riots,"Violent demonstration",1,0,"24,554",Demonstrations,12.806,44.788
2026-08-15,"Middle East",Yemen,Aden,Protests,"Peaceful protest",9,0,"148,953",Demonstrations,12.806,44.788
2026-08-15,"Middle East",Yemen,Aden,"Violence against civilians","Abduction/forced disappearance",1,0,"24,554","Political violence",12.806,44.788
2026-08-15,"Middle East",Yemen,"Al Bayda","Explosions/Remote violence","Air/drone strike",2,0,"128,636","Political violence",14.326,45.216
2026-08-15,"Middle East",Yemen,"Al Bayda","Explosions/Remote violence","Remote explosive/landmine/IED",1,0,"7,039","Political violence",14.326,45.216
2026-08-15,"Middle East",Yemen,"Al Hudaydah",Battles,"Armed clash",4,0,"21,062","Political violence",14.779,43.218
2026-08-15,"Middle East",Yemen,"Al Hudaydah","Strategic developments","Change to group/activity",6,0,0,"Strategic developments",14.779,43.218
2026-08-15,"Middle East",Yemen,"Al Hudaydah","Explosions/Remote violence","Remote explosive/landmine/IED",2,3,"45,810","Political violence",14.779,43.218
2026-08-15,"Middle East",Yemen,"Al Hudaydah","Explosions/Remote violence","Shelling/artillery/missile attack",3,10,"159,934","Political violence",14.779,43.218
2026-08-15,"Middle East",Yemen,"Al Hudaydah","Explosions/Remote violence","Air/drone strike",3,0,"128,598","Political violence",14.779,43.218
2026-08-15,"Middle East",Yemen,"Al Hudaydah","Violence against civilians","Abduction/forced disappearance",1,0,"16,267","Political violence",14.779,43.218
2026-08-15,"Middle East",Yemen,"Al Jawf","Explosions/Remote violence","Air/drone strike",4,3,"22,883","Political violence",16.596,45.599
2026-08-15,"Middle East",Yemen,"Al Jawf",Battles,"Armed clash",4,0,"24,472","Political violence",16.596,45.599
2026-08-15,"Middle East",Yemen,"Al Jawf","Explosions/Remote violence","Shelling/artillery/missile attack",3,0,"17,639","Political violence",16.596,45.599
2026-08-15,"Middle East",Yemen,"Al Jawf","Strategic developments","Change to group/activity",2,0,0,"Strategic developments",16.596,45.599
2026-08-15,"Middle East",Yemen,"Al Mahwit",Protests,"Peaceful protest",3,0,"37,941",Demonstrations,15.308,43.499
2026-08-15,"Middle East",Yemen,"Al Mahwit","Strategic developments","Change to group/activity",1,0,0,"Strategic developments",15.308,43.499
2026-08-15,"Middle East",Yemen,"Amanat al Asimah",Protests,"Peaceful protest",8,0,"297,854",Demonstrations,15.420,44.192
2026-08-15,"Middle East",Yemen,"Amanat al Asimah","Strategic developments","Change to group/activity",2,0,0,"Strategic developments",15.420,44.192
2026-08-15,"Middle East",Yemen,"Amanat al Asimah",Battles,"Armed clash",1,0,"33,085","Political violence",15.420,44.192
2026-08-15,"Middle East",Yemen,Amran,"Violence against civilians",Attack,2,2,"36,230","Political violence",16.116,43.941
2026-08-15,"Middle East",Yemen,Amran,"Strategic developments","Change to group/activity",1,0,0,"Strategic developments",16.116,43.941
2026-08-15,"Middle East",Yemen,Dhamar,"Strategic developments","Change to group/activity",1,0,0,"Strategic developments",14.540,44.306
2026-08-15,"Middle East",Yemen,Hadramawt,Protests,"Peaceful protest",3,0,"53,409",Demonstrations,16.529,48.627
2026-08-15,"Middle East",Yemen,Hadramawt,"Strategic developments",Other,1,0,0,"Strategic developments",16.529,48.627
2026-08-15,"Middle East",Yemen,Hajjah,"Strategic developments","Change to group/activity",1,0,0,"Strategic developments",16.094,43.204
2026-08-15,"Middle East",Yemen,Hajjah,"Explosions/Remote violence","Air/drone strike",1,11,"19,317","Political violence",16.094,43.204
2026-08-15,"Middle East",Yemen,Hajjah,"Strategic developments",Arrests,1,0,0,"Strategic developments",16.094,43.204
2026-08-15,"Middle East",Yemen,Ibb,"Strategic developments","Change to group/activity",2,0,0,"Strategic developments",14.088,44.175
2026-08-15,"Middle East",Yemen,Lahij,"Strategic developments","Change to group/activity",4,0,0,"Strategic developments",13.320,44.762
2026-08-15,"Middle East",Yemen,Lahij,Battles,"Armed clash",11,11,"26,826","Political violence",13.320,44.762
2026-08-15,"Middle East",Yemen,Lahij,"Explosions/Remote violence","Shelling/artillery/missile attack",1,0,736,"Political violence",13.320,44.762
2026-08-15,"Middle East",Yemen,Lahij,"Violence against civilians",Attack,1,0,"4,433","Political violence",13.320,44.762
2026-08-15,"Middle East",Yemen,Lahij,"Explosions/Remote violence","Air/drone strike",3,2,"36,605","Political violence",13.320,44.762
2026-08-15,"Middle East",Yemen,Marib,"Explosions/Remote violence","Air/drone strike",23,49,"102,730","Political violence",15.333,45.452
2026-08-15,"Middle East",Yemen,Marib,"Explosions/Remote violence","Shelling/artillery/missile attack",7,0,"12,029","Political violence",15.333,45.452
2026-08-15,"Middle East",Yemen,Marib,"Strategic developments","Looting/property destruction",2,0,0,"Strategic developments",15.333,45.452
2026-08-15,"Middle East",Yemen,Marib,"Strategic developments","Disrupted weapons use",2,0,0,"Strategic developments",15.333,45.452
2026-08-15,"Middle East",Yemen,Marib,Battles,"Armed clash",2,4,"26,725","Political violence",15.333,45.452
2026-08-15,"Middle East",Yemen,Marib,"Violence against civilians",Attack,1,1,"38,349","Political violence",15.333,45.452
2026-08-15,"Middle East",Yemen,Raymah,"Strategic developments","Change to group/activity",1,0,0,"Strategic developments",14.657,43.687
2026-08-15,"Middle East",Yemen,Sadah,Protests,"Peaceful protest",8,0,"33,458",Demonstrations,17.088,44.042
2026-08-15,"Middle East",Yemen,Sadah,"Explosions/Remote violence","Shelling/artillery/missile attack",10,0,"124,161","Political violence",17.088,44.042
2026-08-15,"Middle East",Yemen,Sadah,"Explosions/Remote violence","Air/drone strike",2,11,"73,478","Political violence",17.088,44.042
2026-08-15,"Middle East",Yemen,Sanaa,Protests,"Peaceful protest",2,0,"23,761",Demonstrations,15.393,44.475
2026-08-15,"Middle East",Yemen,Sanaa,"Strategic developments","Change to group/activity",2,0,0,"Strategic developments",15.393,44.475
2026-08-15,"Middle East",Yemen,Shabwah,"Explosions/Remote violence","Air/drone strike",6,11,"77,475","Political violence",14.651,46.620
2026-08-15,"Middle East",Yemen,Shabwah,"Strategic developments","Disrupted weapons use",1,0,0,"Strategic developments",14.651,46.620
2026-08-15,"Middle East",Yemen,Shabwah,Battles,"Armed clash",4,1,"6,783","Political violence",14.651,46.620
2026-08-15,"Middle East",Yemen,Shabwah,"Violence against civilians","Abduction/forced disappearance",1,0,0,"Political violence",14.651,46.620
2026-08-15,"Middle East",Yemen,Shabwah,Protests,"Peaceful protest",1,0,0,Demonstrations,14.651,46.620
2026-08-15,"Middle East",Yemen,Shabwah,"Explosions/Remote violence","Shelling/artillery/missile attack",1,0,0,"Political violence",14.651,46.620
2026-08-15,"Middle East",Yemen,Taizz,"Explosions/Remote violence","Air/drone strike",12,40,"199,594","Political violence",13.295,43.786
2026-08-15,"Middle East",Yemen,Taizz,Battles,"Armed clash",14,26,"192,973","Political violence",13.295,43.786
2026-08-15,"Middle East",Yemen,Taizz,"Explosions/Remote violence","Shelling/artillery/missile attack",26,20,"506,457","Political violence",13.295,43.786
2026-08-15,"Middle East",Yemen,Taizz,Protests,"Peaceful protest",2,0,"14,055",Demonstrations,13.295,43.786
2026-08-15,"Middle East",Yemen,Taizz,"Violence against civilians","Abduction/forced disappearance",1,0,"47,715","Political violence",13.295,43.786
2026-08-15,"Middle East",Yemen,Taizz,"Strategic developments","Change to group/activity",9,0,0,"Strategic developments",13.295,43.786
2026-08-15,"Middle East",Yemen,Taizz,"Strategic developments","Disrupted weapons use",1,0,0,"Strategic developments",13.295,43.786
2026-08-15,"Middle East",Yemen,Taizz,"Violence against civilians",Attack,2,0,"49,490","Political violence",13.295,43.786
2026-08-15,"Middle East",Yemen,Taizz,"Strategic developments","Looting/property destruction",3,0,0,"Strategic developments",13.295,43.786
2026-08-15,"Middle East",Yemen,Taizz,"Explosions/Remote violence","Remote explosive/landmine/IED",1,0,65,"Political violence",13.295,43.786
2026-08-22,"International Waters","Indian Ocean","North Indian Ocean","Explosions/Remote violence","Shelling/artillery/missile attack",1,0,0,"Political violence",13.728,70.473
2026-08-22,"International Waters","Indian Ocean","North Indian Ocean","Strategic developments","Disrupted weapons use",3,0,0,"Strategic developments",13.728,70.473
2026-08-22,"International Waters","Indian Ocean","North Indian Ocean",Battles,"Armed clash",2,0,0,"Political violence",13.728,70.473
2026-08-22,"International Waters","Indian Ocean","North Indian Ocean","Strategic developments","Looting/property destruction",1,0,0,"Strategic developments",13.728,70.473
2026-08-22,"Middle East",Yemen,Abyan,"Violence against civilians",Attack,1,0,"58,909","Political violence",13.627,46.228
2026-08-22,"Middle East",Yemen,Abyan,Battles,"Armed clash",4,2,"25,798","Political violence",13.627,46.228
2026-08-22,"Middle East",Yemen,Abyan,"Strategic developments",Other,2,0,0,"Strategic developments",13.627,46.228
2026-08-22,"Middle East",Yemen,Abyan,"Strategic developments","Change to group/activity",1,0,0,"Strategic developments",13.627,46.228
2026-08-22,"Middle East",Yemen,"Ad Dali","Explosions/Remote violence","Shelling/artillery/missile attack",5,1,"64,648","Political violence",13.894,44.783
2026-08-22,"Middle East",Yemen,"Ad Dali","Explosions/Remote violence","Air/drone strike",2,5,"60,649","Political violence",13.894,44.783
2026-08-22,"Middle East",Yemen,"Ad Dali","Strategic developments","Change to group/activity",1,0,0,"Strategic developments",13.894,44.783
2026-08-22,"Middle East",Yemen,"Ad Dali",Battles,"Armed clash",7,6,"18,271","Political violence",13.894,44.783
2026-08-22,"Middle East",Yemen,Aden,Protests,"Peaceful protest",4,0,"41,951",Demonstrations,12.806,44.788
2026-08-22,"Middle East",Yemen,Aden,"Strategic developments","Disrupted weapons use",1,0,0,"Strategic developments",12.806,44.788
2026-08-22,"Middle East",Yemen,"Al Hudaydah","Explosions/Remote violence","Shelling/artillery/missile attack",11,0,"67,203","Political violence",14.779,43.218
2026-08-22,"Middle East",Yemen,"Al Hudaydah",Battles,"Armed clash",7,10,"27,116","Political violence",14.779,43.218
2026-08-22,"Middle East",Yemen,"Al Hudaydah","Explosions/Remote violence","Air/drone strike",3,14,"24,086","Political violence",14.779,43.218
2026-08-22,"Middle East",Yemen,"Al Hudaydah","Strategic developments","Disrupted weapons use",1,0,0,"Strategic developments",14.779,43.218
2026-08-22,"Middle East",Yemen,"Al Hudaydah","Violence against civilians","Abduction/forced disappearance",1,0,"73,576","Political violence",14.779,43.218
2026-08-22,"Middle East",Yemen,"Al Jawf","Explosions/Remote violence","Shelling/artillery/missile attack",1,0,"9,377","Political violence",16.596,45.599
2026-08-22,"Middle East",Yemen,"Al Jawf","Explosions/Remote violence","Air/drone strike",3,6,"17,639","Political violence",16.596,45.599
2026-08-22,"Middle East",Yemen,"Al Jawf","Strategic developments","Change to group/activity",5,0,0,"Strategic developments",16.596,45.599
2026-08-22,"Middle East",Yemen,"Al Jawf",Battles,"Armed clash",1,1,"13,065","Political violence",16.596,45.599
2026-08-22,"Middle East",Yemen,"Al Mahrah","Strategic developments","Disrupted weapons use",1,0,0,"Strategic developments",17.057,51.824
2026-08-22,"Middle East",Yemen,"Amanat al Asimah","Violence against civilians",Attack,1,0,0,"Political violence",15.420,44.192
2026-08-22,"Middle East",Yemen,"Amanat al Asimah","Strategic developments","Looting/property destruction",1,0,0,"Strategic developments",15.420,44.192
2026-08-22,"Middle East",Yemen,Amran,Protests,"Peaceful protest",1,0,"49,593",Demonstrations,16.116,43.941
2026-08-22,"Middle East",Yemen,Dhamar,"Violence against civilians","Abduction/forced disappearance",1,0,"129,879","Political violence",14.540,44.306
2026-08-22,"Middle East",Yemen,Hadramawt,"Strategic developments","Looting/property destruction",2,0,0,"Strategic developments",16.529,48.627
2026-08-22,"Middle East",Yemen,Hadramawt,"Strategic developments","Disrupted weapons use",1,0,0,"Strategic developments",16.529,48.627
2026-08-22,"Middle East",Yemen,Hadramawt,"Explosions/Remote violence","Air/drone strike",2,0,"4,505","Political violence",16.529,48.627
2026-08-22,"Middle East",Yemen,Hadramawt,Protests,"Peaceful protest",1,0,"13,335",Demonstrations,16.529,48.627
2026-08-22,"Middle East",Yemen,Hadramawt,"Violence against civilians",Attack,1,1,"1,866","Political violence",16.529,48.627
2026-08-22,"Middle East",Yemen,Hadramawt,"Strategic developments",Other,1,0,0,"Strategic developments",16.529,48.627
2026-08-22,"Middle East",Yemen,Hajjah,"Strategic developments","Looting/property destruction",1,0,0,"Strategic developments",16.094,43.204
2026-08-22,"Middle East",Yemen,Hajjah,"Explosions/Remote violence","Air/drone strike",1,1,"19,317","Political violence",16.094,43.204
2026-08-22,"Middle East",Yemen,Ibb,Protests,"Peaceful protest",1,0,0,Demonstrations,14.088,44.175
2026-08-22,"Middle East",Yemen,Ibb,"Explosions/Remote violence","Shelling/artillery/missile attack",1,0,0,"Political violence",14.088,44.175
2026-08-22,"Middle East",Yemen,Lahij,"Explosions/Remote violence","Air/drone strike",2,20,"19,072","Political violence",13.320,44.762
2026-08-22,"Middle East",Yemen,Lahij,Battles,"Armed clash",9,22,"51,596","Political violence",13.320,44.762
2026-08-22,"Middle East",Yemen,Lahij,"Explosions/Remote violence","Shelling/artillery/missile attack",1,1,0,"Political violence",13.320,44.762
2026-08-22,"Middle East",Yemen,Lahij,Protests,"Peaceful protest",1,0,"3,036",Demonstrations,13.320,44.762
2026-08-22,"Middle East",Yemen,Lahij,"Strategic developments","Change to group/activity",2,0,0,"Strategic developments",13.320,44.762
2026-08-22,"Middle East",Yemen,Marib,"Explosions/Remote violence","Air/drone strike",11,10,"60,163","Political violence",15.333,45.452
2026-08-22,"Middle East",Yemen,Marib,"Explosions/Remote violence","Remote explosive/landmine/IED",1,0,"26,725","Political violence",15.333,45.452
2026-08-22,"Middle East",Yemen,Marib,"Violence against civilians",Attack,1,0,"24,952","Political violence",15.333,45.452
2026-08-22,"Middle East",Yemen,Marib,"Strategic developments","Change to group/activity",1,0,0,"Strategic developments",15.333,45.452
2026-08-22,"Middle East",Yemen,Marib,Battles,"Armed clash",2,0,3,"Political violence",15.333,45.452
2026-08-22,"Middle East",Yemen,Marib,"Explosions/Remote violence","Shelling/artillery/missile attack",5,10,"2,986","Political violence",15.333,45.452
2026-08-22,"Middle East",Yemen,Sadah,"Explosions/Remote violence","Air/drone strike",2,0,"27,865","Political violence",17.088,44.042
2026-08-22,"Middle East",Yemen,Sadah,"Explosions/Remote violence","Shelling/artillery/missile attack",1,0,"19,361","Political violence",17.088,44.042
2026-08-22,"Middle East",Yemen,Shabwah,"Explosions/Remote violence","Shelling/artillery/missile attack",2,0,"6,783","Political violence",14.651,46.620
2026-08-22,"Middle East",Yemen,Shabwah,"Violence against civilians",Attack,1,1,0,"Political violence",14.651,46.620
2026-08-22,"Middle East",Yemen,Shabwah,Battles,"Armed clash",2,0,"6,783","Political violence",14.651,46.620
2026-08-22,"Middle East",Yemen,Taizz,"Explosions/Remote violence","Shelling/artillery/missile attack",11,1,"126,031","Political violence",13.295,43.786
2026-08-22,"Middle East",Yemen,Taizz,Battles,"Armed clash",8,31,"143,649","Political violence",13.295,43.786
2026-08-22,"Middle East",Yemen,Taizz,Protests,"Excessive force against protesters",1,0,0,"Political violence; Demonstrations",13.295,43.786
2026-08-22,"Middle East",Yemen,Taizz,"Violence against civilians",Attack,1,0,0,"Political violence",13.295,43.786
2026-08-22,"Middle East",Yemen,Taizz,Protests,"Peaceful protest",1,0,0,Demonstrations,13.295,43.786
2026-08-29,"International Waters","Indian Ocean","North Indian Ocean","Strategic developments",Other,1,0,0,"Strategic developments",13.728,70.473
2026-08-29,"Middle East",Yemen,Abyan,"Strategic developments","Looting/property destruction",1,0,0,"Strategic developments",13.627,46.228
2026-08-29,"Middle East",Yemen,Abyan,"Strategic developments","Change to group/activity",1,0,0,"Strategic developments",13.627,46.228
2026-08-29,"Middle East",Yemen,Abyan,"Strategic developments",Other,1,0,0,"Strategic developments",13.627,46.228
2026-08-29,"Middle East",Yemen,Abyan,Battles,"Armed clash",1,0,0,"Political violence",13.627,46.228
2026-08-29,"Middle East",Yemen,Abyan,"Strategic developments",Arrests,1,0,0,"Strategic developments",13.627,46.228
2026-08-29,"Middle East",Yemen,"Ad Dali","Explosions/Remote violence","Shelling/artillery/missile attack",5,0,"55,875","Political violence",13.894,44.783
2026-08-29,"Middle East",Yemen,"Ad Dali",Battles,"Armed clash",4,1,"8,940","Political violence",13.894,44.783
2026-08-29,"Middle East",Yemen,"Ad Dali","Explosions/Remote violence","Air/drone strike",3,10,0,"Political violence",13.894,44.783
2026-08-29,"Middle East",Yemen,"Ad Dali","Strategic developments","Change to group/activity",1,0,0,"Strategic developments",13.894,44.783
2026-08-29,"Middle East",Yemen,"Ad Dali","Strategic developments","Disrupted weapons use",1,0,0,"Strategic developments",13.894,44.783
2026-08-29,"Middle East",Yemen,"Ad Dali","Strategic developments","Looting/property destruction",1,0,0,"Strategic developments",13.894,44.783
2026-08-29,"Middle East",Yemen,Aden,"Strategic developments",Other,1,0,0,"Strategic developments",12.806,44.788
2026-08-29,"Middle East",Yemen,Aden,Protests,"Peaceful protest",1,0,0,Demonstrations,12.806,44.788
2026-08-29,"Middle East",Yemen,Aden,"Strategic developments","Change to group/activity",2,0,0,"Strategic developments",12.806,44.788
2026-08-29,"Middle East",Yemen,Aden,"Violence against civilians","Abduction/forced disappearance",1,0,0,"Political violence",12.806,44.788
2026-08-29,"Middle East",Yemen,Aden,Protests,"Excessive force against protesters",1,0,0,"Political violence; Demonstrations",12.806,44.788
2026-08-29,"Middle East",Yemen,"Al Bayda","Explosions/Remote violence","Shelling/artillery/missile attack",3,4,"79,424","Political violence",14.326,45.216
2026-08-29,"Middle East",Yemen,"Al Hudaydah","Explosions/Remote violence","Air/drone strike",10,30,"16,574","Political violence",14.779,43.218
2026-08-29,"Middle East",Yemen,"Al Hudaydah","Strategic developments","Disrupted weapons use",2,0,0,"Strategic developments",14.779,43.218
2026-08-29,"Middle East",Yemen,"Al Hudaydah","Violence against civilians",Attack,1,1,"102,767","Political violence",14.779,43.218
2026-08-29,"Middle East",Yemen,"Al Hudaydah","Explosions/Remote violence","Shelling/artillery/missile attack",7,12,0,"Political violence",14.779,43.218
2026-08-29,"Middle East",Yemen,"Al Hudaydah",Battles,"Armed clash",15,220,0,"Political violence",14.779,43.218
2026-08-29,"Middle East",Yemen,"Al Hudaydah","Strategic developments","Change to group/activity",7,0,0,"Strategic developments",14.779,43.218
2026-08-29,"Middle East",Yemen,"Al Hudaydah",Battles,"Government regains territory",7,0,0,"Political violence",14.779,43.218
2026-08-29,"Middle East",Yemen,"Al Hudaydah","Strategic developments","Non-violent transfer of territory",2,0,0,"Strategic developments",14.779,43.218
2026-08-29,"Middle East",Yemen,"Al Hudaydah","Strategic developments",Other,6,0,0,"Strategic developments",14.779,43.218
2026-08-29,"Middle East",Yemen,"Al Hudaydah",Protests,"Peaceful protest",2,0,0,Demonstrations,14.779,43.218
2026-08-29,"Middle East",Yemen,"Al Hudaydah","Explosions/Remote violence","Remote explosive/landmine/IED",2,9,0,"Political violence",14.779,43.218
2026-08-29,"Middle East",Yemen,"Al Jawf","Explosions/Remote violence","Shelling/artillery/missile attack",4,0,0,"Political violence",16.596,45.599
2026-08-29,"Middle East",Yemen,"Al Jawf","Strategic developments","Disrupted weapons use",1,0,0,"Strategic developments",16.596,45.599
2026-08-29,"Middle East",Yemen,"Al Jawf","Violence against civilians",Attack,1,1,0,"Political violence",16.596,45.599
2026-08-29,"Middle East",Yemen,"Al Mahrah","Strategic developments","Looting/property destruction",1,0,0,"Strategic developments",17.057,51.824
2026-08-29,"Middle East",Yemen,"Al Mahwit","Violence against civilians",Attack,1,1,0,"Political violence",15.308,43.499
2026-08-29,"Middle East",Yemen,"Al Mahwit",Protests,"Peaceful protest",9,0,0,Demonstrations,15.308,43.499
2026-08-29,"Middle East",Yemen,"Amanat al Asimah","Strategic developments",Arrests,1,0,0,"Strategic developments",15.420,44.192
2026-08-29,"Middle East",Yemen,"Amanat al Asimah",Protests,"Peaceful protest",2,0,0,Demonstrations,15.420,44.192
2026-08-29,"Middle East",Yemen,"Amanat al Asimah","Strategic developments","Change to group/activity",3,0,0,"Strategic developments",15.420,44.192
2026-08-29,"Middle East",Yemen,"Amanat al Asimah","Strategic developments","Looting/property destruction",1,0,0,"Strategic developments",15.420,44.192
2026-08-29,"Middle East",Yemen,Amran,"Violence against civilians",Attack,2,2,"75,116","Political violence",16.116,43.941
2026-08-29,"Middle East",Yemen,Dhamar,Protests,"Peaceful protest",1,0,0,Demonstrations,14.540,44.306
2026-08-29,"Middle East",Yemen,Hadramawt,"Strategic developments",Other,3,0,0,"Strategic developments",16.529,48.627
2026-08-29,"Middle East",Yemen,Hadramawt,Protests,"Peaceful protest",2,0,0,Demonstrations,16.529,48.627
2026-08-29,"Middle East",Yemen,Hadramawt,Protests,"Protest with intervention",1,0,0,Demonstrations,16.529,48.627
2026-08-29,"Middle East",Yemen,Hadramawt,Battles,"Armed clash",2,2,0,"Political violence",16.529,48.627
2026-08-29,"Middle East",Yemen,Hadramawt,"Strategic developments",Arrests,2,0,0,"Strategic developments",16.529,48.627
2026-08-29,"Middle East",Yemen,Hadramawt,"Strategic developments","Disrupted weapons use",1,0,0,"Strategic developments",16.529,48.627
2026-08-29,"Middle East",Yemen,Hadramawt,Protests,"Excessive force against protesters",1,0,0,"Political violence; Demonstrations",16.529,48.627
2026-08-29,"Middle East",Yemen,Hajjah,"Strategic developments","Change to group/activity",1,0,0,"Strategic developments",16.094,43.204
2026-08-29,"Middle East",Yemen,Hajjah,"Explosions/Remote violence","Air/drone strike",1,0,0,"Political violence",16.094,43.204
2026-08-29,"Middle East",Yemen,Hajjah,"Violence against civilians",Attack,1,0,0,"Political violence",16.094,43.204
2026-08-29,"Middle East",Yemen,Hajjah,"Strategic developments","Disrupted weapons use",2,0,0,"Strategic developments",16.094,43.204
2026-08-29,"Middle East",Yemen,Hajjah,Protests,"Peaceful protest",2,0,0,Demonstrations,16.094,43.204
2026-08-29,"Middle East",Yemen,Hajjah,"Explosions/Remote violence","Shelling/artillery/missile attack",1,0,0,"Political violence",16.094,43.204
2026-08-29,"Middle East",Yemen,Ibb,Battles,"Armed clash",1,2,0,"Political violence",14.088,44.175
2026-08-29,"Middle East",Yemen,Ibb,"Violence against civilians",Attack,1,0,0,"Political violence",14.088,44.175
2026-08-29,"Middle East",Yemen,Ibb,"Strategic developments","Looting/property destruction",1,0,0,"Strategic developments",14.088,44.175
2026-08-29,"Middle East",Yemen,Ibb,Protests,"Peaceful protest",2,0,0,Demonstrations,14.088,44.175
2026-08-29,"Middle East",Yemen,Ibb,"Explosions/Remote violence","Shelling/artillery/missile attack",1,0,0,"Political violence",14.088,44.175
2026-08-29,"Middle East",Yemen,Lahij,"Explosions/Remote violence","Air/drone strike",1,1,0,"Political violence",13.320,44.762
2026-08-29,"Middle East",Yemen,Lahij,Battles,"Armed clash",8,6,"22,639","Political violence",13.320,44.762
2026-08-29,"Middle East",Yemen,Lahij,"Strategic developments","Disrupted weapons use",1,0,0,"Strategic developments",13.320,44.762
2026-08-29,"Middle East",Yemen,Lahij,"Strategic developments","Change to group/activity",1,0,0,"Strategic developments",13.320,44.762
2026-08-29,"Middle East",Yemen,Marib,"Explosions/Remote violence","Air/drone strike",9,0,"26,728","Political violence",15.333,45.452
2026-08-29,"Middle East",Yemen,Marib,"Explosions/Remote violence","Shelling/artillery/missile attack",4,0,"26,725","Political violence",15.333,45.452
2026-08-29,"Middle East",Yemen,Marib,Protests,"Peaceful protest",1,0,0,Demonstrations,15.333,45.452
2026-08-29,"Middle East",Yemen,Marib,"Explosions/Remote violence","Remote explosive/landmine/IED",2,1,"32,398","Political violence",15.333,45.452
2026-08-29,"Middle East",Yemen,Sadah,Protests,"Peaceful protest",1,0,0,Demonstrations,17.088,44.042
2026-08-29,"Middle East",Yemen,Sadah,"Explosions/Remote violence","Shelling/artillery/missile attack",3,0,0,"Political violence",17.088,44.042
2026-08-29,"Middle East",Yemen,Sadah,"Explosions/Remote violence","Air/drone strike",2,0,"22,790","Political violence",17.088,44.042
2026-08-29,"Middle East",Yemen,Sanaa,Battles,"Armed clash",1,10,"15,077","Political violence",15.393,44.475
2026-08-29,"Middle East",Yemen,Shabwah,"Strategic developments","Disrupted weapons use",1,0,0,"Strategic developments",14.651,46.620
2026-08-29,"Middle East",Yemen,Shabwah,"Explosions/Remote violence","Air/drone strike",1,0,"23,993","Political violence",14.651,46.620
2026-08-29,"Middle East",Yemen,Shabwah,Battles,"Armed clash",3,0,0,"Political violence",14.651,46.620
2026-08-29,"Middle East",Yemen,Shabwah,"Explosions/Remote violence","Shelling/artillery/missile attack",1,0,"6,783","Political violence",14.651,46.620
2026-08-29,"Middle East",Yemen,Taizz,"Strategic developments",Other,5,0,0,"Strategic developments",13.295,43.786
2026-08-29,"Middle East",Yemen,Taizz,"Strategic developments","Non-violent transfer of territory",2,0,0,"Strategic developments",13.295,43.786
2026-08-29,"Middle East",Yemen,Taizz,Battles,"Government regains territory",8,50,"12,054","Political violence",13.295,43.786
2026-08-29,"Middle East",Yemen,Taizz,"Strategic developments","Looting/property destruction",4,0,0,"Strategic developments",13.295,43.786
2026-08-29,"Middle East",Yemen,Taizz,"Explosions/Remote violence","Shelling/artillery/missile attack",20,21,"64,383","Political violence",13.295,43.786
2026-08-29,"Middle East",Yemen,Taizz,"Explosions/Remote violence","Air/drone strike",9,2,0,"Political violence",13.295,43.786
2026-08-29,"Middle East",Yemen,Taizz,Battles,"Armed clash",42,297,"6,655","Political violence",13.295,43.786
2026-08-29,"Middle East",Yemen,Taizz,Protests,"Peaceful protest",5,0,"15,009",Demonstrations,13.295,43.786
2026-08-29,"Middle East",Yemen,Taizz,"Violence against civilians","Abduction/forced disappearance",1,0,0,"Political violence",13.295,43.786
2026-08-29,"Middle East",Yemen,Taizz,"Violence against civilians",Attack,2,2,0,"Political violence",13.295,43.786
2026-08-29,"Middle East",Yemen,Taizz,"Strategic developments","Change to group/activity",13,0,0,"Strategic developments",13.295,43.786
2026-08-29,"Middle East",Yemen,Taizz,"Strategic developments","Disrupted weapons use",7,0,0,"Strategic developments",13.295,43.786
2026-09-05,"International Waters","Indian Ocean","North Indian Ocean",Battles,"Armed clash",1,0,0,"Political violence",13.728,70.473
2026-09-05,"International Waters","Indian Ocean","North Indian Ocean","Strategic developments",Other,1,0,0,"Strategic developments",13.728,70.473
2026-09-05,"Middle East",Yemen,Abyan,"Strategic developments","Change to group/activity",4,0,0,"Strategic developments",13.627,46.228
2026-09-05,"Middle East",Yemen,Abyan,"Explosions/Remote violence","Air/drone strike",1,0,0,"Political violence",13.627,46.228
2026-09-05,"Middle East",Yemen,Abyan,"Strategic developments",Arrests,1,0,0,"Strategic developments",13.627,46.228
2026-09-05,"Middle East",Yemen,Abyan,Battles,"Armed clash",1,0,0,"Political violence",13.627,46.228
2026-09-05,"Middle East",Yemen,"Ad Dali","Strategic developments","Change to group/activity",2,0,0,"Strategic developments",13.894,44.783
2026-09-05,"Middle East",Yemen,"Ad Dali",Battles,"Armed clash",20,16,0,"Political violence",13.894,44.783
2026-09-05,"Middle East",Yemen,"Ad Dali","Explosions/Remote violence","Shelling/artillery/missile attack",4,1,"13,228","Political violence",13.894,44.783
2026-09-05,"Middle East",Yemen,"Ad Dali","Explosions/Remote violence","Air/drone strike",4,3,0,"Political violence",13.894,44.783
2026-09-05,"Middle East",Yemen,"Ad Dali",Riots,"Violent demonstration",1,0,0,Demonstrations,13.894,44.783
2026-09-05,"Middle East",Yemen,Aden,Protests,"Protest with intervention",1,0,0,Demonstrations,12.806,44.788
2026-09-05,"Middle East",Yemen,Aden,"Strategic developments","Change to group/activity",4,0,0,"Strategic developments",12.806,44.788
2026-09-05,"Middle East",Yemen,Aden,"Strategic developments",Other,1,0,0,"Strategic developments",12.806,44.788
2026-09-05,"Middle East",Yemen,"Al Bayda",Battles,"Government regains territory",6,23,"18,089","Political violence",14.326,45.216
2026-09-05,"Middle East",Yemen,"Al Bayda","Explosions/Remote violence","Air/drone strike",12,15,0,"Political violence",14.326,45.216
2026-09-05,"Middle East",Yemen,"Al Bayda",Protests,"Peaceful protest",2,0,0,Demonstrations,14.326,45.216
2026-09-05,"Middle East",Yemen,"Al Bayda",Battles,"Armed clash",9,36,0,"Political violence",14.326,45.216
2026-09-05,"Middle East",Yemen,"Al Bayda","Strategic developments","Disrupted weapons use",1,0,0,"Strategic developments",14.326,45.216
2026-09-05,"Middle East",Yemen,"Al Bayda","Strategic developments","Change to group/activity",2,0,0,"Strategic developments",14.326,45.216
2026-09-05,"Middle East",Yemen,"Al Hudaydah",Battles,"Government regains territory",12,14,"7,145","Political violence",14.779,43.218
2026-09-05,"Middle East",Yemen,"Al Hudaydah","Explosions/Remote violence","Air/drone strike",9,3,0,"Political violence",14.779,43.218
2026-09-05,"Middle East",Yemen,"Al Hudaydah","Explosions/Remote violence","Shelling/artillery/missile attack",7,13,"20,762","Political violence",14.779,43.218
2026-09-05,"Middle East",Yemen,"Al Hudaydah","Strategic developments",Other,3,0,0,"Strategic developments",14.779,43.218
2026-09-05,"Middle East",Yemen,"Al Hudaydah",Battles,"Armed clash",17,10,0,"Political violence",14.779,43.218
2026-09-05,"Middle East",Yemen,"Al Hudaydah","Strategic developments","Disrupted weapons use",3,0,0,"Strategic developments",14.779,43.218
2026-09-05,"Middle East",Yemen,"Al Hudaydah",Protests,"Peaceful protest",2,0,0,Demonstrations,14.779,43.218
2026-09-05,"Middle East",Yemen,"Al Hudaydah","Violence against civilians",Attack,6,70,0,"Political violence",14.779,43.218
2026-09-05,"Middle East",Yemen,"Al Hudaydah","Strategic developments","Non-violent transfer of territory",5,0,0,"Strategic developments",14.779,43.218
2026-09-05,"Middle East",Yemen,"Al Hudaydah","Strategic developments","Change to group/activity",5,0,0,"Strategic developments",14.779,43.218
2026-09-05,"Middle East",Yemen,"Al Hudaydah","Violence against civilians","Abduction/forced disappearance",1,0,0,"Political violence",14.779,43.218
2026-09-05,"Middle East",Yemen,"Al Jawf","Explosions/Remote violence","Shelling/artillery/missile attack",2,0,0,"Political violence",16.596,45.599
2026-09-05,"Middle East",Yemen,"Al Jawf","Explosions/Remote violence","Air/drone strike",14,25,0,"Political violence",16.596,45.599
2026-09-05,"Middle East",Yemen,"Al Jawf",Battles,"Government regains territory",7,0,0,"Political violence",16.596,45.599
2026-09-05,"Middle East",Yemen,"Al Jawf","Strategic developments","Disrupted weapons use",5,0,0,"Strategic developments",16.596,45.599
2026-09-05,"Middle East",Yemen,"Al Jawf",Battles,"Armed clash",4,0,0,"Political violence",16.596,45.599
2026-09-05,"Middle East",Yemen,"Al Jawf","Strategic developments","Change to group/activity",2,0,0,"Strategic developments",16.596,45.599
2026-09-05,"Middle East",Yemen,"Al Jawf",Protests,"Peaceful protest",1,0,0,Demonstrations,16.596,45.599
2026-09-05,"Middle East",Yemen,"Al Mahwit",Protests,"Peaceful protest",7,0,"10,611",Demonstrations,15.308,43.499
2026-09-05,"Middle East",Yemen,"Amanat al Asimah",Protests,"Peaceful protest",6,0,0,Demonstrations,15.420,44.192
2026-09-05,"Middle East",Yemen,Amran,"Strategic developments","Looting/property destruction",1,0,0,"Strategic developments",16.116,43.941
2026-09-05,"Middle East",Yemen,Amran,"Explosions/Remote violence","Air/drone strike",1,0,0,"Political violence",16.116,43.941
2026-09-05,"Middle East",Yemen,Dhamar,Battles,"Armed clash",1,1,0,"Political violence",14.540,44.306
2026-09-05,"Middle East",Yemen,Dhamar,Protests,"Peaceful protest",2,0,0,Demonstrations,14.540,44.306
2026-09-05,"Middle East",Yemen,Hadramawt,"Explosions/Remote violence","Shelling/artillery/missile attack",1,0,0,"Political violence",16.529,48.627
2026-09-05,"Middle East",Yemen,Hadramawt,"Violence against civilians","Abduction/forced disappearance",1,0,0,"Political violence",16.529,48.627
2026-09-05,"Middle East",Yemen,Hadramawt,"Explosions/Remote violence","Remote explosive/landmine/IED",1,4,0,"Political violence",16.529,48.627
2026-09-05,"Middle East",Yemen,Hadramawt,"Strategic developments","Change to group/activity",2,0,0,"Strategic developments",16.529,48.627
2026-09-05,"Middle East",Yemen,Hadramawt,Battles,"Armed clash",1,0,0,"Political violence",16.529,48.627
2026-09-05,"Middle East",Yemen,Hajjah,"Strategic developments","Looting/property destruction",1,0,0,"Strategic developments",16.094,43.204
2026-09-05,"Middle East",Yemen,Hajjah,Battles,"Armed clash",2,2,0,"Political violence",16.094,43.204
2026-09-05,"Middle East",Yemen,Hajjah,Protests,"Peaceful protest",4,0,0,Demonstrations,16.094,43.204
2026-09-05,"Middle East",Yemen,Hajjah,"Strategic developments","Disrupted weapons use",1,0,0,"Strategic developments",16.094,43.204
2026-09-05,"Middle East",Yemen,Hajjah,"Explosions/Remote violence","Air/drone strike",2,0,0,"Political violence",16.094,43.204
2026-09-05,"Middle East",Yemen,Hajjah,"Violence against civilians","Abduction/forced disappearance",1,0,0,"Political violence",16.094,43.204
2026-09-05,"Middle East",Yemen,Ibb,"Explosions/Remote violence","Shelling/artillery/missile attack",1,0,0,"Political violence",14.088,44.175
2026-09-05,"Middle East",Yemen,Ibb,Protests,"Peaceful protest",1,0,0,Demonstrations,14.088,44.175
2026-09-05,"Middle East",Yemen,Ibb,"Violence against civilians","Abduction/forced disappearance",3,0,0,"Political violence",14.088,44.175
2026-09-05,"Middle East",Yemen,Ibb,"Explosions/Remote violence","Air/drone strike",1,0,0,"Political violence",14.088,44.175
2026-09-05,"Middle East",Yemen,Ibb,Battles,"Armed clash",1,0,0,"Political violence",14.088,44.175
2026-09-05,"Middle East",Yemen,Lahij,Battles,"Armed clash",17,40,"13,486","Political violence",13.320,44.762
2026-09-05,"Middle East",Yemen,Lahij,"Strategic developments",Other,3,0,0,"Strategic developments",13.320,44.762
2026-09-05,"Middle East",Yemen,Lahij,"Strategic developments","Change to group/activity",3,0,0,"Strategic developments",13.320,44.762
2026-09-05,"Middle East",Yemen,Lahij,"Explosions/Remote violence","Air/drone strike",9,2,0,"Political violence",13.320,44.762
2026-09-05,"Middle East",Yemen,Lahij,"Explosions/Remote violence","Shelling/artillery/missile attack",4,31,0,"Political violence",13.320,44.762
2026-09-05,"Middle East",Yemen,Lahij,"Strategic developments","Disrupted weapons use",1,0,0,"Strategic developments",13.320,44.762
2026-09-05,"Middle East",Yemen,Lahij,"Violence against civilians",Attack,2,2,0,"Political violence",13.320,44.762
2026-09-05,"Middle East",Yemen,Lahij,"Explosions/Remote violence","Remote explosive/landmine/IED",1,0,0,"Political violence",13.320,44.762
2026-09-05,"Middle East",Yemen,Lahij,"Strategic developments","Non-violent transfer of territory",1,0,0,"Strategic developments",13.320,44.762
2026-09-05,"Middle East",Yemen,Marib,"Explosions/Remote violence","Air/drone strike",26,9,0,"Political violence",15.333,45.452
2026-09-05,"Middle East",Yemen,Marib,"Explosions/Remote violence","Shelling/artillery/missile attack",9,9,0,"Political violence",15.333,45.452
2026-09-05,"Middle East",Yemen,Marib,Protests,"Peaceful protest",1,0,0,Demonstrations,15.333,45.452
2026-09-05,"Middle East",Yemen,Marib,Battles,"Government regains territory",1,5,0,"Political violence",15.333,45.452
2026-09-05,"Middle East",Yemen,Marib,Battles,"Armed clash",17,45,0,"Political violence",15.333,45.452
2026-09-05,"Middle East",Yemen,Marib,"Strategic developments","Change to group/activity",2,0,0,"Strategic developments",15.333,45.452
2026-09-05,"Middle East",Yemen,Raymah,Protests,"Peaceful protest",1,0,0,Demonstrations,14.657,43.687
2026-09-05,"Middle East",Yemen,Raymah,"Violence against civilians","Abduction/forced disappearance",1,0,0,"Political violence",14.657,43.687
2026-09-05,"Middle East",Yemen,Sadah,"Explosions/Remote violence","Shelling/artillery/missile attack",10,0,0,"Political violence",17.088,44.042
2026-09-05,"Middle East",Yemen,Sadah,"Explosions/Remote violence","Air/drone strike",4,0,0,"Political violence",17.088,44.042
2026-09-05,"Middle East",Yemen,Sadah,Protests,"Peaceful protest",2,0,0,Demonstrations,17.088,44.042
2026-09-05,"Middle East",Yemen,Sanaa,"Explosions/Remote violence","Shelling/artillery/missile attack",1,0,"14,405","Political violence",15.393,44.475
2026-09-05,"Middle East",Yemen,Sanaa,Protests,"Peaceful protest",1,0,0,Demonstrations,15.393,44.475
2026-09-05,"Middle East",Yemen,Shabwah,"Explosions/Remote violence","Remote explosive/landmine/IED",1,2,0,"Political violence",14.651,46.620
2026-09-05,"Middle East",Yemen,Shabwah,"Explosions/Remote violence","Shelling/artillery/missile attack",1,0,0,"Political violence",14.651,46.620
2026-09-05,"Middle East",Yemen,Shabwah,Battles,"Armed clash",4,5,0,"Political violence",14.651,46.620
2026-09-05,"Middle East",Yemen,Shabwah,"Strategic developments","Looting/property destruction",1,0,0,"Strategic developments",14.651,46.620
2026-09-05,"Middle East",Yemen,Shabwah,"Strategic developments","Non-violent transfer of territory",1,0,0,"Strategic developments",14.651,46.620
2026-09-05,"Middle East",Yemen,Suqutra,Protests,"Peaceful protest",1,0,0,Demonstrations,12.508,53.893
2026-09-05,"Middle East",Yemen,Taizz,"Strategic developments",Other,11,0,0,"Strategic developments",13.295,43.786
2026-09-05,"Middle East",Yemen,Taizz,"Explosions/Remote violence","Shelling/artillery/missile attack",27,108,"156,460","Political violence",13.295,43.786
2026-09-05,"Middle East",Yemen,Taizz,"Explosions/Remote violence","Air/drone strike",39,22,"4,970","Political violence",13.295,43.786
2026-09-05,"Middle East",Yemen,Taizz,Battles,"Armed clash",34,56,"25,153","Political violence",13.295,43.786
2026-09-05,"Middle East",Yemen,Taizz,Battles,"Government regains territory",27,68,"17,385","Political violence",13.295,43.786
2026-09-05,"Middle East",Yemen,Taizz,"Strategic developments","Disrupted weapons use",4,0,0,"Strategic developments",13.295,43.786
2026-09-05,"Middle East",Yemen,Taizz,"Violence against civilians",Attack,12,129,"1,007","Political violence",13.295,43.786
2026-09-05,"Middle East",Yemen,Taizz,"Strategic developments","Change to group/activity",19,0,0,"Strategic developments",13.295,43.786
2026-09-05,"Middle East",Yemen,Taizz,"Strategic developments","Looting/property destruction",3,0,0,"Strategic developments",13.295,43.786
2026-09-05,"Middle East",Yemen,Taizz,"Strategic developments","Non-violent transfer of territory",2,0,0,"Strategic developments",13.295,43.786
2026-09-05,"Middle East",Yemen,Taizz,"Strategic developments",Arrests,1,0,0,"Strategic developments",13.295,43.786
2026-09-12,"International Waters","Indian Ocean","North Indian Ocean","Explosions/Remote violence","Shelling/artillery/missile attack",1,0,0,"Political violence",13.728,70.473
2026-09-12,"International Waters","Indian Ocean","North Indian Ocean","Strategic developments","Change to group/activity",1,0,0,"Strategic developments",13.728,70.473
2026-09-12,"International Waters","Indian Ocean","North Indian Ocean","Strategic developments",Other,1,0,0,"Strategic developments",13.728,70.473
2026-09-12,"Middle East",Yemen,Abyan,"Strategic developments",Other,1,0,0,"Strategic developments",13.627,46.228
2026-09-12,"Middle East",Yemen,Abyan,"Strategic developments","Change to group/activity",1,0,0,"Strategic developments",13.627,46.228
2026-09-12,"Middle East",Yemen,Abyan,"Explosions/Remote violence","Air/drone strike",1,0,0,"Political violence",13.627,46.228
2026-09-12,"Middle East",Yemen,"Ad Dali","Strategic developments","Looting/property destruction",1,0,0,"Strategic developments",13.894,44.783
2026-09-12,"Middle East",Yemen,"Ad Dali","Explosions/Remote violence","Air/drone strike",1,0,0,"Political violence",13.894,44.783
2026-09-12,"Middle East",Yemen,"Ad Dali",Battles,"Armed clash",8,6,0,"Political violence",13.894,44.783
2026-09-12,"Middle East",Yemen,"Ad Dali","Strategic developments",Other,1,0,0,"Strategic developments",13.894,44.783
2026-09-12,"Middle East",Yemen,"Ad Dali",Protests,"Peaceful protest",4,0,0,Demonstrations,13.894,44.783
2026-09-12,"Middle East",Yemen,"Ad Dali","Explosions/Remote violence","Shelling/artillery/missile attack",2,0,0,"Political violence",13.894,44.783
2026-09-12,"Middle East",Yemen,"Ad Dali","Strategic developments","Disrupted weapons use",2,0,0,"Strategic developments",13.894,44.783
2026-09-12,"Middle East",Yemen,Aden,"Strategic developments","Change to group/activity",2,0,0,"Strategic developments",12.806,44.788
2026-09-12,"Middle East",Yemen,Aden,"Strategic developments",Other,3,0,0,"Strategic developments",12.806,44.788
2026-09-12,"Middle East",Yemen,"Al Bayda","Explosions/Remote violence","Air/drone strike",9,10,"32,134","Political violence",14.326,45.216
2026-09-12,"Middle East",Yemen,"Al Bayda","Explosions/Remote violence","Remote explosive/landmine/IED",1,0,0,"Political violence",14.326,45.216
2026-09-12,"Middle East",Yemen,"Al Bayda",Protests,"Peaceful protest",4,0,0,Demonstrations,14.326,45.216
2026-09-12,"Middle East",Yemen,"Al Hudaydah",Battles,"Armed clash",2,2,0,"Political violence",14.779,43.218
2026-09-12,"Middle East",Yemen,"Al Hudaydah","Strategic developments","Looting/property destruction",1,0,0,"Strategic developments",14.779,43.218
2026-09-12,"Middle East",Yemen,"Al Hudaydah","Explosions/Remote violence","Air/drone strike",7,5,0,"Political violence",14.779,43.218
2026-09-12,"Middle East",Yemen,"Al Hudaydah","Strategic developments",Other,2,0,0,"Strategic developments",14.779,43.218
2026-09-12,"Middle East",Yemen,"Al Hudaydah",Protests,"Peaceful protest",2,0,0,Demonstrations,14.779,43.218
2026-09-12,"Middle East",Yemen,"Al Hudaydah","Explosions/Remote violence","Shelling/artillery/missile attack",2,0,0,"Political violence",14.779,43.218
2026-09-12,"Middle East",Yemen,"Al Hudaydah","Violence against civilians",Attack,1,1,0,"Political violence",14.779,43.218
2026-09-12,"Middle East",Yemen,"Al Jawf","Explosions/Remote violence","Air/drone strike",6,0,0,"Political violence",16.596,45.599
2026-09-12,"Middle East",Yemen,"Al Jawf",Protests,"Peaceful protest",1,0,0,Demonstrations,16.596,45.599
2026-09-12,"Middle East",Yemen,"Al Jawf","Strategic developments",Other,1,0,0,"Strategic developments",16.596,45.599
2026-09-12,"Middle East",Yemen,"Al Jawf","Strategic developments","Change to group/activity",1,0,0,"Strategic developments",16.596,45.599
2026-09-12,"Middle East",Yemen,"Al Jawf",Battles,"Armed clash",6,0,0,"Political violence",16.596,45.599
2026-09-12,"Middle East",Yemen,"Al Jawf","Strategic developments","Looting/property destruction",1,0,0,"Strategic developments",16.596,45.599
2026-09-12,"Middle East",Yemen,"Al Mahwit",Protests,"Peaceful protest",3,0,0,Demonstrations,15.308,43.499
2026-09-12,"Middle East",Yemen,"Amanat al Asimah",Protests,"Peaceful protest",3,0,0,Demonstrations,15.420,44.192
2026-09-12,"Middle East",Yemen,"Amanat al Asimah",Battles,"Armed clash",1,2,0,"Political violence",15.420,44.192
2026-09-12,"Middle East",Yemen,"Amanat al Asimah","Explosions/Remote violence","Remote explosive/landmine/IED",1,10,0,"Political violence",15.420,44.192
2026-09-12,"Middle East",Yemen,"Amanat al Asimah","Strategic developments",Other,1,0,0,"Strategic developments",15.420,44.192
2026-09-12,"Middle East",Yemen,"Amanat al Asimah","Explosions/Remote violence","Air/drone strike",2,0,0,"Political violence",15.420,44.192
2026-09-12,"Middle East",Yemen,Amran,Protests,"Peaceful protest",4,0,0,Demonstrations,16.116,43.941
2026-09-12,"Middle East",Yemen,Amran,"Explosions/Remote violence","Air/drone strike",1,0,0,"Political violence",16.116,43.941
2026-09-12,"Middle East",Yemen,Amran,"Violence against civilians",Attack,1,2,0,"Political violence",16.116,43.941
2026-09-12,"Middle East",Yemen,Amran,"Explosions/Remote violence","Shelling/artillery/missile attack",1,1,0,"Political violence",16.116,43.941
2026-09-12,"Middle East",Yemen,Dhamar,Protests,"Peaceful protest",7,0,"3,801",Demonstrations,14.540,44.306
2026-09-12,"Middle East",Yemen,Dhamar,"Strategic developments","Looting/property destruction",1,0,0,"Strategic developments",14.540,44.306
2026-09-12,"Middle East",Yemen,Hadramawt,"Strategic developments","Change to group/activity",1,0,0,"Strategic developments",16.529,48.627
2026-09-12,"Middle East",Yemen,Hadramawt,"Explosions/Remote violence","Air/drone strike",1,10,0,"Political violence",16.529,48.627
2026-09-12,"Middle East",Yemen,Hadramawt,"Explosions/Remote violence","Remote explosive/landmine/IED",1,3,0,"Political violence",16.529,48.627
2026-09-12,"Middle East",Yemen,Hajjah,"Explosions/Remote violence","Air/drone strike",6,2,0,"Political violence",16.094,43.204
2026-09-12,"Middle East",Yemen,Hajjah,Protests,"Peaceful protest",3,0,"4,321",Demonstrations,16.094,43.204
2026-09-12,"Middle East",Yemen,Hajjah,"Strategic developments","Disrupted weapons use",1,0,0,"Strategic developments",16.094,43.204
2026-09-12,"Middle East",Yemen,Ibb,Protests,"Peaceful protest",2,0,0,Demonstrations,14.088,44.175
2026-09-12,"Middle East",Yemen,Lahij,Battles,"Armed clash",20,263,"17,343","Political violence",13.320,44.762
2026-09-12,"Middle East",Yemen,Lahij,"Explosions/Remote violence","Air/drone strike",8,16,0,"Political violence",13.320,44.762
2026-09-12,"Middle East",Yemen,Lahij,"Strategic developments",Other,2,0,0,"Strategic developments",13.320,44.762
2026-09-12,"Middle East",Yemen,Lahij,"Strategic developments","Disrupted weapons use",3,0,0,"Strategic developments",13.320,44.762
2026-09-12,"Middle East",Yemen,Lahij,Battles,"Government regains territory",6,10,"13,440","Political violence",13.320,44.762
2026-09-12,"Middle East",Yemen,Lahij,Protests,"Peaceful protest",1,0,0,Demonstrations,13.320,44.762
2026-09-12,"Middle East",Yemen,Lahij,"Explosions/Remote violence","Shelling/artillery/missile attack",7,15,"75,282","Political violence",13.320,44.762
2026-09-12,"Middle East",Yemen,Lahij,"Strategic developments","Change to group/activity",3,0,0,"Strategic developments",13.320,44.762
2026-09-12,"Middle East",Yemen,Lahij,"Strategic developments","Looting/property destruction",1,0,0,"Strategic developments",13.320,44.762
2026-09-12,"Middle East",Yemen,Lahij,Battles,"Non-state actor overtakes territory",2,11,"13,440","Political violence",13.320,44.762
2026-09-12,"Middle East",Yemen,Marib,Battles,"Armed clash",16,43,0,"Political violence",15.333,45.452
2026-09-12,"Middle East",Yemen,Marib,"Explosions/Remote violence","Air/drone strike",17,23,0,"Political violence",15.333,45.452
2026-09-12,"Middle East",Yemen,Marib,"Explosions/Remote violence","Shelling/artillery/missile attack",8,10,0,"Political violence",15.333,45.452
2026-09-12,"Middle East",Yemen,Marib,Protests,"Peaceful protest",5,0,0,Demonstrations,15.333,45.452
2026-09-12,"Middle East",Yemen,Marib,"Explosions/Remote violence","Remote explosive/landmine/IED",2,1,0,"Political violence",15.333,45.452
2026-09-12,"Middle East",Yemen,Marib,"Strategic developments","Disrupted weapons use",2,0,0,"Strategic developments",15.333,45.452
2026-09-12,"Middle East",Yemen,Marib,"Strategic developments","Change to group/activity",2,0,0,"Strategic developments",15.333,45.452
2026-09-12,"Middle East",Yemen,Marib,Battles,"Government regains territory",1,10,0,"Political violence",15.333,45.452
2026-09-12,"Middle East",Yemen,Raymah,Protests,"Peaceful protest",3,0,0,Demonstrations,14.657,43.687
2026-09-12,"Middle East",Yemen,Sadah,"Explosions/Remote violence","Shelling/artillery/missile attack",10,0,0,"Political violence",17.088,44.042
2026-09-12,"Middle East",Yemen,Sadah,"Explosions/Remote violence","Air/drone strike",7,0,0,"Political violence",17.088,44.042
2026-09-12,"Middle East",Yemen,Sadah,Protests,"Peaceful protest",2,0,0,Demonstrations,17.088,44.042
2026-09-12,"Middle East",Yemen,Sanaa,Protests,"Peaceful protest",4,0,0,Demonstrations,15.393,44.475
2026-09-12,"Middle East",Yemen,Shabwah,"Strategic developments",Other,1,0,0,"Strategic developments",14.651,46.620
2026-09-12,"Middle East",Yemen,Shabwah,"Strategic developments","Disrupted weapons use",2,0,0,"Strategic developments",14.651,46.620
2026-09-12,"Middle East",Yemen,Shabwah,Battles,"Armed clash",2,2,0,"Political violence",14.651,46.620
2026-09-12,"Middle East",Yemen,Shabwah,"Explosions/Remote violence","Remote explosive/landmine/IED",2,0,0,"Political violence",14.651,46.620
2026-09-12,"Middle East",Yemen,Shabwah,"Explosions/Remote violence","Shelling/artillery/missile attack",1,10,0,"Political violence",14.651,46.620
2026-09-12,"Middle East",Yemen,Taizz,"Explosions/Remote violence","Air/drone strike",59,65,"84,218","Political violence",13.295,43.786
2026-09-12,"Middle East",Yemen,Taizz,Battles,"Armed clash",27,125,"33,038","Political violence",13.295,43.786
2026-09-12,"Middle East",Yemen,Taizz,"Strategic developments","Change to group/activity",12,0,0,"Strategic developments",13.295,43.786
2026-09-12,"Middle East",Yemen,Taizz,"Explosions/Remote violence","Shelling/artillery/missile attack",9,0,"31,561","Political violence",13.295,43.786
2026-09-12,"Middle East",Yemen,Taizz,Battles,"Government regains territory",11,22,"14,582","Political violence",13.295,43.786
2026-09-12,"Middle East",Yemen,Taizz,"Violence against civilians",Attack,2,2,"93,726","Political violence",13.295,43.786
2026-09-12,"Middle East",Yemen,Taizz,"Strategic developments",Other,3,0,0,"Strategic developments",13.295,43.786
2026-09-12,"Middle East",Yemen,Taizz,"Violence against civilians","Abduction/forced disappearance",1,0,0,"Political violence",13.295,43.786
2026-09-12,"Middle East",Yemen,Taizz,"Strategic developments","Disrupted weapons use",2,0,0,"Strategic developments",13.295,43.786
2026-09-12,"Middle East",Yemen,Taizz,"Strategic developments","Looting/property destruction",2,0,0,"Strategic developments",13.295,43.786
2026-09-12,"Middle East",Yemen,Taizz,Protests,"Peaceful protest",2,0,0,Demonstrations,13.295,43.786
